"timestamp","orders_per_hour","sales_per_hour","subtotal","total","promotion_type"
"2025-09-30 16:00:00","13","4361.979983665558","3925.781985299003","4361.979983665558","discount_10"
"2025-09-30 17:00:00","14","6187.52775862516","5568.774982762644","6187.52775862516","discount_20"
"2025-09-30 18:00:00","31","10541.093194225405","9486.983874802865","10541.093194225405","discount_10"
"2025-09-30 19:00:00","24","10812.017363386512","9730.815627047861","10812.017363386512","discount_20"
"2025-09-30 20:00:00","27","8668.216196841424","7801.394577157282","8668.216196841424","no_promo"
"2025-09-30 21:00:00","28","11354.264681907332","10218.838213716599","11354.264681907332","combo_deal"
"2025-09-30 22:00:00","8","2478.7486311628686","2230.873768046582","2478.7486311628686","no_promo"
"2025-09-30 23:00:00","6","2037.2735919406412","1833.546232746577","2037.2735919406412","free_delivery"
"2025-10-01 00:00:00","2","600.3460447258515","540.3114402532664","600.3460447258515","discount_10"
"2025-10-01 01:00:00","10","4447.091534102889","4002.3823806926007","4447.091534102889","discount_10"
"2025-10-01 02:00:00","8","2941.569566765262","2647.412610088736","2941.569566765262","discount_10"
"2025-10-01 03:00:00","2","834.5930371581743","751.1337334423569","834.5930371581743","no_promo"
"2025-10-01 04:00:00","9","3023.618026816199","2721.256224134579","3023.618026816199","free_delivery"
"2025-10-01 05:00:00","4","691.589108522083","622.4301976698748","691.589108522083","no_promo"
"2025-10-01 06:00:00","8","3430.5608876840006","3087.5047989156005","3430.5608876840006","discount_20"
"2025-10-01 07:00:00","5","1195.3512973580348","1075.8161676222314","1195.3512973580348","discount_10"
"2025-10-01 08:00:00","26","10743.02615387281","9668.723538485528","10743.02615387281","free_delivery"
"2025-10-01 09:00:00","13","5521.69339337137","4969.524054034233","5521.69339337137","no_promo"
"2025-10-01 10:00:00","15","6929.555574670254","6236.600017203229","6929.555574670254","combo_deal"
"2025-10-01 11:00:00","23","9109.030122818482","8198.127110536634","9109.030122818482","free_delivery"
"2025-10-01 12:00:00","36","14036.52315526975","12632.870839742774","14036.52315526975","discount_10"
"2025-10-01 13:00:00","16","6584.648317933199","5926.183486139879","6584.648317933199","no_promo"
"2025-10-01 14:00:00","28","10552.48146630564","9497.233319675077","10552.48146630564","discount_10"
"2025-10-01 15:00:00","18","8655.228206067635","7789.705385460872","8655.228206067635","discount_20"
"2025-10-01 16:00:00","22","8028.160800790264","7225.344720711238","8028.160800790264","discount_20"
"2025-10-01 17:00:00","12","4190.05476251194","3771.0492862607457","4190.05476251194","discount_10"
"2025-10-01 18:00:00","25","10228.790953268794","9205.911857941914","10228.790953268794","free_delivery"
"2025-10-01 19:00:00","32","11963.902291820905","10767.512062638814","11963.902291820905","free_delivery"
"2025-10-01 20:00:00","35","12701.095536936109","11430.985983242499","12701.095536936109","combo_deal"
"2025-10-01 21:00:00","28","12072.339564137614","10865.105607723852","12072.339564137614","discount_10"
"2025-10-01 22:00:00","17","7944.101380099266","7149.6912420893395","7944.101380099266","discount_10"
"2025-10-01 23:00:00","8","2617.0293217895273","2355.3263896105746","2617.0293217895273","free_delivery"
"2025-10-02 00:00:00","9","3477.764937231206","3129.9884435080858","3477.764937231206","combo_deal"
"2025-10-02 01:00:00","0","77.35198702014313","69.61678831812881","77.35198702014313","no_promo"
"2025-10-02 02:00:00","7","2527.177373702548","2274.459636332293","2527.177373702548","combo_deal"
"2025-10-02 03:00:00","4","2211.49767985108","1990.3479118659723","2211.49767985108","discount_20"
"2025-10-02 04:00:00","8","2448.57366025932","2203.716294233388","2448.57366025932","no_promo"
"2025-10-02 05:00:00","9","3231.9654280280224","2908.7688852252204","3231.9654280280224","combo_deal"
"2025-10-02 06:00:00","7","2284.7093179260096","2056.2383861334088","2284.7093179260096","no_promo"
"2025-10-02 07:00:00","3","1346.3342377225952","1211.7008139503357","1346.3342377225952","combo_deal"
"2025-10-02 08:00:00","22","8277.076929415503","7449.369236473954","8277.076929415503","combo_deal"
"2025-10-02 09:00:00","13","5057.793377061422","4552.01403935528","5057.793377061422","combo_deal"
"2025-10-02 10:00:00","18","7584.54570941367","6826.091138472303","7584.54570941367","discount_20"
"2025-10-02 11:00:00","36","14876.51562527475","13388.864062747274","14876.51562527475","free_delivery"
"2025-10-02 12:00:00","30","9151.564207756814","8236.407786981132","9151.564207756814","free_delivery"
"2025-10-02 13:00:00","16","7451.9028041451","6706.71252373059","7451.9028041451","no_promo"
"2025-10-02 14:00:00","31","13158.879015460414","11842.991113914373","13158.879015460414","combo_deal"
"2025-10-02 15:00:00","21","8037.799973449038","7234.019976104134","8037.799973449038","discount_10"
"2025-10-02 16:00:00","9","2955.676393527873","2660.108754175086","2955.676393527873","no_promo"
"2025-10-02 17:00:00","16","6274.150154015829","5646.735138614246","6274.150154015829","free_delivery"
"2025-10-02 18:00:00","24","11682.082300956754","10513.874070861079","11682.082300956754","no_promo"
"2025-10-02 19:00:00","19","9877.26604117584","8889.539437058256","9877.26604117584","combo_deal"
"2025-10-02 20:00:00","21","7893.09410345336","7103.784693108024","7893.09410345336","discount_10"
"2025-10-02 21:00:00","34","14995.470197331684","13495.923177598515","14995.470197331684","discount_20"
"2025-10-02 22:00:00","18","6298.119458146296","5668.307512331667","6298.119458146296","discount_20"
"2025-10-02 23:00:00","11","4374.85308675099","3937.367778075891","4374.85308675099","free_delivery"
"2025-10-03 00:00:00","2","1804.9787342675913","1624.4808608408323","1804.9787342675913","free_delivery"
"2025-10-03 01:00:00","9","3949.120098445962","3554.208088601366","3949.120098445962","discount_20"
"2025-10-03 02:00:00","10","3931.702924616755","3538.5326321550797","3931.702924616755","combo_deal"
"2025-10-03 03:00:00","2","1018.4455014424713","916.6009512982241","1018.4455014424713","discount_20"
"2025-10-03 04:00:00","3","1823.349214482077","1641.0142930338693","1823.349214482077","discount_10"
"2025-10-03 05:00:00","0","854.4360026462248","768.9924023816023","854.4360026462248","combo_deal"
"2025-10-03 06:00:00","9","2866.454894270374","2579.809404843337","2866.454894270374","discount_10"
"2025-10-03 07:00:00","0","717.4717461164644","645.724571504818","717.4717461164644","discount_20"
"2025-10-03 08:00:00","25","8408.79253715638","7567.913283440742","8408.79253715638","discount_20"
"2025-10-03 09:00:00","21","9250.986742323403","8325.888068091062","9250.986742323403","combo_deal"
"2025-10-03 10:00:00","19","7624.201586967257","6861.781428270531","7624.201586967257","free_delivery"
"2025-10-03 11:00:00","43","19297.495863303473","17367.746276973125","19297.495863303473","combo_deal"
"2025-10-03 12:00:00","24","13396.38702917874","12056.748326260868","13396.38702917874","combo_deal"
"2025-10-03 13:00:00","25","9198.686032648524","8278.817429383671","9198.686032648524","discount_10"
"2025-10-03 14:00:00","32","14645.19556574807","13180.676009173263","14645.19556574807","combo_deal"
"2025-10-03 15:00:00","15","6085.6713479923355","5477.104213193102","6085.6713479923355","discount_10"
"2025-10-03 16:00:00","14","6772.237774975151","6095.013997477637","6772.237774975151","discount_20"
"2025-10-03 17:00:00","22","9015.329792563276","8113.796813306949","9015.329792563276","combo_deal"
"2025-10-03 18:00:00","28","10898.98483456975","9809.086351112775","10898.98483456975","discount_10"
"2025-10-03 19:00:00","15","6348.904655084927","5714.014189576435","6348.904655084927","no_promo"
"2025-10-03 20:00:00","24","10889.119103450426","9800.207193105383","10889.119103450426","free_delivery"
"2025-10-03 21:00:00","14","4621.9118961024815","4159.720706492233","4621.9118961024815","no_promo"
"2025-10-03 22:00:00","10","3497.0058887959276","3147.305299916335","3497.0058887959276","no_promo"
"2025-10-03 23:00:00","8","3174.78808890023","2857.309280010207","3174.78808890023","free_delivery"
"2025-10-04 00:00:00","5","1934.1842394941964","1740.7658155447768","1934.1842394941964","discount_10"
"2025-10-04 01:00:00","6","2664.6329273246265","2398.169634592164","2664.6329273246265","discount_10"
"2025-10-04 02:00:00","4","2256.925203606981","2031.232683246283","2256.925203606981","no_promo"
"2025-10-04 03:00:00","5","1027.0895701685367","924.3806131516831","1027.0895701685367","no_promo"
"2025-10-04 04:00:00","7","4266.2427873418965","3839.618508607707","4266.2427873418965","combo_deal"
"2025-10-04 05:00:00","9","2999.218296162131","2699.296466545918","2999.218296162131","discount_20"
"2025-10-04 06:00:00","8","2037.6764516851429","1833.9088065166286","2037.6764516851429","no_promo"
"2025-10-04 07:00:00","9","4303.566390030695","3873.2097510276258","4303.566390030695","combo_deal"
"2025-10-04 08:00:00","20","9938.803793457575","8944.923414111818","9938.803793457575","discount_10"
"2025-10-04 09:00:00","29","13856.302455424557","12470.672209882101","13856.302455424557","discount_20"
"2025-10-04 10:00:00","17","5903.788884464263","5313.409996017836","5903.788884464263","discount_20"
"2025-10-04 11:00:00","49","18302.69286396723","16472.423577570506","18302.69286396723","free_delivery"
"2025-10-04 12:00:00","29","14424.706238858884","12982.235614972995","14424.706238858884","discount_10"
"2025-10-04 13:00:00","39","19176.845868693286","17259.16128182396","19176.845868693286","free_delivery"
"2025-10-04 14:00:00","33","13319.227444663898","11987.304700197508","13319.227444663898","discount_10"
"2025-10-04 15:00:00","12","4553.387030479768","4098.048327431791","4553.387030479768","no_promo"
"2025-10-04 16:00:00","32","14629.066812915857","13166.16013162427","14629.066812915857","discount_10"
"2025-10-04 17:00:00","24","9341.384810094569","8407.246329085112","9341.384810094569","free_delivery"
"2025-10-04 18:00:00","34","14955.205121079005","13459.684608971105","14955.205121079005","discount_10"
"2025-10-04 19:00:00","26","10834.24176077207","9750.817584694863","10834.24176077207","no_promo"
"2025-10-04 20:00:00","48","17055.696100755864","15350.126490680277","17055.696100755864","combo_deal"
"2025-10-04 21:00:00","38","14443.506576847212","12999.155919162491","14443.506576847212","free_delivery"
"2025-10-04 22:00:00","27","9790.110376052704","8811.099338447433","9790.110376052704","discount_10"
"2025-10-04 23:00:00","5","2748.358438607842","2473.5225947470576","2748.358438607842","combo_deal"
"2025-10-05 00:00:00","8","3037.298414222443","2733.568572800199","3037.298414222443","no_promo"
"2025-10-05 01:00:00","13","4743.363269836716","4269.026942853045","4743.363269836716","discount_20"
"2025-10-05 02:00:00","7","4567.178674717456","4110.46080724571","4567.178674717456","free_delivery"
"2025-10-05 03:00:00","6","3792.7032520012376","3413.432926801114","3792.7032520012376","combo_deal"
"2025-10-05 04:00:00","7","2895.033512233448","2605.5301610101033","2895.033512233448","no_promo"
"2025-10-05 05:00:00","7","2782.734027848548","2504.4606250636934","2782.734027848548","discount_20"
"2025-10-05 06:00:00","10","3574.1455849783338","3216.7310264805005","3574.1455849783338","discount_20"
"2025-10-05 07:00:00","7","2887.427739183817","2598.684965265435","2887.427739183817","discount_10"
"2025-10-05 08:00:00","38","13780.770671099608","12402.693603989648","13780.770671099608","discount_20"
"2025-10-05 09:00:00","26","8529.39952492685","7676.459572434165","8529.39952492685","no_promo"
"2025-10-05 10:00:00","26","10241.884863952644","9217.69637755738","10241.884863952644","discount_20"
"2025-10-05 11:00:00","37","19395.252104564053","17455.726894107647","19395.252104564053","discount_10"
"2025-10-05 12:00:00","32","14739.4021073968","13265.46189665712","14739.4021073968","no_promo"
"2025-10-05 13:00:00","41","13216.374930467438","11894.737437420696","13216.374930467438","free_delivery"
"2025-10-05 14:00:00","37","13884.984400449031","12496.485960404128","13884.984400449031","no_promo"
"2025-10-05 15:00:00","28","10036.453851550768","9032.808466395692","10036.453851550768","discount_20"
"2025-10-05 16:00:00","22","8447.803101165033","7603.02279104853","8447.803101165033","combo_deal"
"2025-10-05 17:00:00","21","7177.8494280692685","6460.064485262342","7177.8494280692685","no_promo"
"2025-10-05 18:00:00","35","17104.587835877523","15394.12905228977","17104.587835877523","combo_deal"
"2025-10-05 19:00:00","42","20858.848270059352","18772.963443053417","20858.848270059352","free_delivery"
"2025-10-05 20:00:00","39","13707.879208049795","12337.091287244815","13707.879208049795","discount_10"
"2025-10-05 21:00:00","44","23368.813079943386","21031.931771949046","23368.813079943386","discount_20"
"2025-10-05 22:00:00","21","11132.960033420373","10019.664030078337","11132.960033420373","discount_10"
"2025-10-05 23:00:00","7","2711.6875937343557","2440.51883436092","2711.6875937343557","combo_deal"
"2025-10-06 00:00:00","12","4557.483023927911","4101.73472153512","4557.483023927911","discount_20"
"2025-10-06 01:00:00","3","1540.4924820302915","1386.4432338272625","1540.4924820302915","free_delivery"
"2025-10-06 02:00:00","4","2026.3029195357285","1823.6726275821557","2026.3029195357285","free_delivery"
"2025-10-06 03:00:00","7","2434.1467266318054","2190.7320539686248","2434.1467266318054","discount_20"
"2025-10-06 04:00:00","2","1635.71232439416","1472.141091954744","1635.71232439416","discount_10"
"2025-10-06 05:00:00","7","2797.380122242928","2517.6421100186353","2797.380122242928","discount_20"
"2025-10-06 06:00:00","6","2665.7114386339604","2399.140294770564","2665.7114386339604","discount_10"
"2025-10-06 07:00:00","3","933.6040359040051","840.2436323136046","933.6040359040051","combo_deal"
"2025-10-06 08:00:00","26","12564.381445830304","11307.943301247275","12564.381445830304","discount_20"
"2025-10-06 09:00:00","23","8701.380100751187","7831.242090676068","8701.380100751187","discount_10"
"2025-10-06 10:00:00","8","2428.5812537260795","2185.7231283534716","2428.5812537260795","no_promo"
"2025-10-06 11:00:00","20","8604.681940886152","7744.213746797537","8604.681940886152","no_promo"
"2025-10-06 12:00:00","43","15301.721992338254","13771.54979310443","15301.721992338254","combo_deal"
"2025-10-06 13:00:00","23","8287.093299859578","7458.38396987362","8287.093299859578","no_promo"
"2025-10-06 14:00:00","25","10343.829953239361","9309.446957915425","10343.829953239361","free_delivery"
"2025-10-06 15:00:00","12","3808.8780746496313","3427.9902671846685","3808.8780746496313","free_delivery"
"2025-10-06 16:00:00","8","3578.349714164623","3220.5147427481606","3578.349714164623","discount_10"
"2025-10-06 17:00:00","19","9166.879730468632","8250.19175742177","9166.879730468632","discount_20"
"2025-10-06 18:00:00","24","9535.36082581536","8581.824743233825","9535.36082581536","discount_20"
"2025-10-06 19:00:00","30","12154.749735570327","10939.274762013294","12154.749735570327","no_promo"
"2025-10-06 20:00:00","28","11446.856752375628","10302.171077138066","11446.856752375628","discount_10"
"2025-10-06 21:00:00","45","17590.29730332595","15831.267572993356","17590.29730332595","combo_deal"
"2025-10-06 22:00:00","15","6501.777638404042","5851.599874563638","6501.777638404042","discount_10"
"2025-10-06 23:00:00","5","1826.0819481358933","1643.473753322304","1826.0819481358933","free_delivery"
"2025-10-07 00:00:00","5","1694.7377600615764","1525.2639840554189","1694.7377600615764","free_delivery"
"2025-10-07 01:00:00","6","2679.7915175080548","2411.812365757249","2679.7915175080548","discount_20"
"2025-10-07 02:00:00","3","15.55579674664773","14.000217071982958","15.55579674664773","free_delivery"
"2025-10-07 03:00:00","2","1792.6698229036147","1613.4028406132531","1792.6698229036147","free_delivery"
"2025-10-07 04:00:00","4","2547.6028456295294","2292.8425610665763","2547.6028456295294","combo_deal"
"2025-10-07 05:00:00","5","2433.929737552987","2190.5367637976883","2433.929737552987","free_delivery"
"2025-10-07 06:00:00","5","1855.102363809789","1669.5921274288103","1855.102363809789","free_delivery"
"2025-10-07 07:00:00","2","990.7322945869655","891.6590651282689","990.7322945869655","no_promo"
"2025-10-07 08:00:00","19","8181.481883387492","7363.333695048744","8181.481883387492","discount_10"
"2025-10-07 09:00:00","14","4582.947343367898","4124.652609031108","4582.947343367898","combo_deal"
"2025-10-07 10:00:00","12","6311.96899672541","5680.772097052869","6311.96899672541","discount_20"
"2025-10-07 11:00:00","26","9780.939502782809","8802.845552504528","9780.939502782809","discount_10"
"2025-10-07 12:00:00","28","11706.293142796072","10535.663828516464","11706.293142796072","discount_10"
"2025-10-07 13:00:00","36","15857.905037667933","14272.11453390114","15857.905037667933","free_delivery"
"2025-10-07 14:00:00","23","8209.503984035886","7388.553585632298","8209.503984035886","discount_10"
"2025-10-07 15:00:00","18","9692.408920263857","8723.168028237471","9692.408920263857","discount_10"
"2025-10-07 16:00:00","9","4103.363385922159","3693.0270473299433","4103.363385922159","no_promo"
"2025-10-07 17:00:00","14","5448.009926322717","4903.2089336904455","5448.009926322717","discount_10"
"2025-10-07 18:00:00","22","7504.798016997364","6754.318215297628","7504.798016997364","no_promo"
"2025-10-07 19:00:00","19","5675.784031448032","5108.205628303229","5675.784031448032","no_promo"
"2025-10-07 20:00:00","32","15822.355226832222","14240.119704149","15822.355226832222","discount_10"
"2025-10-07 21:00:00","36","13462.569025097357","12116.312122587622","13462.569025097357","combo_deal"
"2025-10-07 22:00:00","15","5976.311116954572","5378.680005259115","5976.311116954572","combo_deal"
"2025-10-07 23:00:00","7","2868.93496360446","2582.041467244014","2868.93496360446","free_delivery"
"2025-10-08 00:00:00","3","1305.7073308021056","1175.136597721895","1305.7073308021056","discount_20"
"2025-10-08 01:00:00","6","2397.3683571828506","2157.6315214645656","2397.3683571828506","discount_20"
"2025-10-08 02:00:00","4","1942.7213346184726","1748.4492011566253","1942.7213346184726","combo_deal"
"2025-10-08 03:00:00","2","2037.4197153556584","1833.6777438200925","2037.4197153556584","combo_deal"
"2025-10-08 04:00:00","4","765.6060419920916","689.0454377928825","765.6060419920916","no_promo"
"2025-10-08 05:00:00","3","1232.797174419056","1109.5174569771505","1232.797174419056","no_promo"
"2025-10-08 06:00:00","3","491.4603894565381","442.3143505108843","491.4603894565381","discount_10"
"2025-10-08 07:00:00","2","1794.09628883294","1614.6866599496461","1794.09628883294","discount_10"
"2025-10-08 08:00:00","17","7663.180809563537","6896.862728607183","7663.180809563537","discount_10"
"2025-10-08 09:00:00","22","9315.7098318248","8384.13884864232","9315.7098318248","combo_deal"
"2025-10-08 10:00:00","16","4852.731710420169","4367.458539378153","4852.731710420169","free_delivery"
"2025-10-08 11:00:00","34","15737.475235773098","14163.727712195789","15737.475235773098","discount_20"
"2025-10-08 12:00:00","35","17457.182190296808","15711.463971267127","17457.182190296808","discount_20"
"2025-10-08 13:00:00","30","13003.826061324988","11703.44345519249","13003.826061324988","free_delivery"
"2025-10-08 14:00:00","24","11666.983966347141","10500.285569712427","11666.983966347141","discount_10"
"2025-10-08 15:00:00","18","5428.888343180944","4885.999508862849","5428.888343180944","discount_20"
"2025-10-08 16:00:00","12","5652.14514800147","5086.930633201323","5652.14514800147","discount_10"
"2025-10-08 17:00:00","13","6277.578384815547","5649.820546333993","6277.578384815547","discount_10"
"2025-10-08 18:00:00","21","8724.729221243126","7852.256299118813","8724.729221243126","discount_10"
"2025-10-08 19:00:00","23","10510.834806137698","9459.751325523928","10510.834806137698","combo_deal"
"2025-10-08 20:00:00","29","10307.185221173706","9276.466699056336","10307.185221173706","combo_deal"
"2025-10-08 21:00:00","15","7395.094568488443","6655.585111639599","7395.094568488443","no_promo"
"2025-10-08 22:00:00","9","4539.5762662697625","4085.6186396427865","4539.5762662697625","no_promo"
"2025-10-08 23:00:00","8","2857.488827959461","2571.739945163515","2857.488827959461","no_promo"
"2025-10-09 00:00:00","2","1773.4433128513185","1596.0989815661867","1773.4433128513185","combo_deal"
"2025-10-09 01:00:00","9","3775.0106955695674","3397.5096260126106","3775.0106955695674","combo_deal"
"2025-10-09 02:00:00","5","1981.4722385131859","1783.3250146618673","1981.4722385131859","free_delivery"
"2025-10-09 03:00:00","3","2201.9735833461964","1981.7762250115768","2201.9735833461964","discount_20"
"2025-10-09 04:00:00","11","4249.839518777112","3824.855566899401","4249.839518777112","no_promo"
"2025-10-09 05:00:00","5","2417.700911365986","2175.9308202293873","2417.700911365986","free_delivery"
"2025-10-09 06:00:00","7","2528.1133712419255","2275.302034117733","2528.1133712419255","discount_10"
"2025-10-09 07:00:00","3","1695.713163439548","1526.1418470955932","1695.713163439548","discount_20"
"2025-10-09 08:00:00","15","6061.391289298861","5455.252160368975","6061.391289298861","discount_10"
"2025-10-09 09:00:00","9","2337.909629310028","2104.118666379025","2337.909629310028","discount_10"
"2025-10-09 10:00:00","14","4478.617449452675","4030.7557045074077","4478.617449452675","discount_10"
"2025-10-09 11:00:00","33","14234.984753943669","12811.486278549302","14234.984753943669","combo_deal"
"2025-10-09 12:00:00","14","6170.613181047104","5553.551862942394","6170.613181047104","no_promo"
"2025-10-09 13:00:00","22","10192.277858048381","9173.050072243543","10192.277858048381","discount_10"
"2025-10-09 14:00:00","24","9848.511771266272","8863.660594139645","9848.511771266272","free_delivery"
"2025-10-09 15:00:00","8","3335.190234912988","3001.6712114216893","3335.190234912988","discount_10"
"2025-10-09 16:00:00","18","6417.64380780669","5775.879427026021","6417.64380780669","no_promo"
"2025-10-09 17:00:00","13","5731.598100579428","5158.438290521485","5731.598100579428","free_delivery"
"2025-10-09 18:00:00","23","8689.474461556407","7820.527015400767","8689.474461556407","combo_deal"
"2025-10-09 19:00:00","30","8829.596844282098","7946.637159853888","8829.596844282098","discount_10"
"2025-10-09 20:00:00","20","8845.524751780582","7960.972276602524","8845.524751780582","discount_10"
"2025-10-09 21:00:00","37","19798.232648149395","17818.409383334456","19798.232648149395","discount_10"
"2025-10-09 22:00:00","14","4102.747239663562","3692.472515697206","4102.747239663562","no_promo"
"2025-10-09 23:00:00","5","1492.8516052090654","1343.566444688159","1492.8516052090654","free_delivery"
"2025-10-10 00:00:00","9","5315.198764047173","4783.678887642456","5315.198764047173","free_delivery"
"2025-10-10 01:00:00","13","3310.7840503701823","2979.7056453331643","3310.7840503701823","discount_20"
"2025-10-10 02:00:00","3","903.0939922251916","812.7845930026725","903.0939922251916","no_promo"
"2025-10-10 03:00:00","7","2148.1193570398314","1933.3074213358482","2148.1193570398314","combo_deal"
"2025-10-10 04:00:00","6","2212.9348986513555","1991.64140878622","2212.9348986513555","free_delivery"
"2025-10-10 05:00:00","5","2170.44415960854","1953.399743647686","2170.44415960854","free_delivery"
"2025-10-10 06:00:00","4","2562.079853144032","2305.8718678296286","2562.079853144032","free_delivery"
"2025-10-10 07:00:00","6","1946.0946724145742","1751.4852051731168","1946.0946724145742","free_delivery"
"2025-10-10 08:00:00","23","7113.80067008065","6402.420603072585","7113.80067008065","combo_deal"
"2025-10-10 09:00:00","9","4602.741629759105","4142.467466783195","4602.741629759105","no_promo"
"2025-10-10 10:00:00","11","4947.678222233564","4452.910400010208","4947.678222233564","no_promo"
"2025-10-10 11:00:00","23","10551.537933783362","9496.384140405025","10551.537933783362","discount_10"
"2025-10-10 12:00:00","33","15812.635315434458","14231.371783891012","15812.635315434458","combo_deal"
"2025-10-10 13:00:00","21","7061.108282552457","6354.997454297211","7061.108282552457","no_promo"
"2025-10-10 14:00:00","26","9282.118279423998","8353.906451481598","9282.118279423998","no_promo"
"2025-10-10 15:00:00","13","4948.0408491070975","4453.236764196388","4948.0408491070975","no_promo"
"2025-10-10 16:00:00","17","7378.707515875759","6640.836764288183","7378.707515875759","discount_10"
"2025-10-10 17:00:00","25","8881.281244685199","7993.153120216679","8881.281244685199","discount_10"
"2025-10-10 18:00:00","36","18399.240533003267","16559.316479702942","18399.240533003267","combo_deal"
"2025-10-10 19:00:00","27","14190.942263498204","12771.848037148384","14190.942263498204","discount_10"
"2025-10-10 20:00:00","25","9277.119238747906","8349.407314873115","9277.119238747906","discount_10"
"2025-10-10 21:00:00","32","13756.25599962573","12380.630399663158","13756.25599962573","free_delivery"
"2025-10-10 22:00:00","13","6251.182208132273","5626.063987319047","6251.182208132273","discount_20"
"2025-10-10 23:00:00","1","87.18160925018117","78.46344832516306","87.18160925018117","discount_10"
"2025-10-11 00:00:00","4","2289.50219303079","2060.551973727711","2289.50219303079","discount_10"
"2025-10-11 01:00:00","3","1922.1256160404291","1729.9130544363863","1922.1256160404291","free_delivery"
"2025-10-11 02:00:00","9","3930.937477447162","3537.843729702446","3930.937477447162","discount_10"
"2025-10-11 03:00:00","4","1618.420534101575","1456.5784806914176","1618.420534101575","combo_deal"
"2025-10-11 04:00:00","2","1378.581755164937","1240.7235796484433","1378.581755164937","free_delivery"
"2025-10-11 05:00:00","7","3880.283186862607","3492.2548681763465","3880.283186862607","discount_20"
"2025-10-11 06:00:00","8","4653.547393954405","4188.192654558965","4653.547393954405","discount_20"
"2025-10-11 07:00:00","7","2252.293858933955","2027.0644730405597","2252.293858933955","no_promo"
"2025-10-11 08:00:00","27","10897.985089387212","9808.186580448491","10897.985089387212","free_delivery"
"2025-10-11 09:00:00","19","9393.435050099593","8454.091545089634","9393.435050099593","discount_20"
"2025-10-11 10:00:00","23","6032.3643079478215","5429.12787715304","6032.3643079478215","combo_deal"
"2025-10-11 11:00:00","32","14334.234030779167","12900.81062770125","14334.234030779167","free_delivery"
"2025-10-11 12:00:00","43","19111.08240570224","17199.97416513202","19111.08240570224","combo_deal"
"2025-10-11 13:00:00","30","12534.744408367003","11281.269967530303","12534.744408367003","discount_10"
"2025-10-11 14:00:00","41","17823.091007644332","16040.7819068799","17823.091007644332","discount_20"
"2025-10-11 15:00:00","26","11091.093685086298","9981.98431657767","11091.093685086298","discount_10"
"2025-10-11 16:00:00","27","10874.827757666928","9787.344981900236","10874.827757666928","combo_deal"
"2025-10-11 17:00:00","34","15176.07257356093","13658.465316204838","15176.07257356093","combo_deal"
"2025-10-11 18:00:00","29","10788.317872200665","9709.4860849806","10788.317872200665","no_promo"
"2025-10-11 19:00:00","40","14740.1921864864","13266.17296783776","14740.1921864864","free_delivery"
"2025-10-11 20:00:00","47","19857.51180729569","17871.760626566123","19857.51180729569","combo_deal"
"2025-10-11 21:00:00","28","12463.453648519127","11217.108283667216","12463.453648519127","discount_10"
"2025-10-11 22:00:00","21","8496.804398831637","7647.123958948473","8496.804398831637","free_delivery"
"2025-10-11 23:00:00","4","2159.3770088836254","1943.4393079952629","2159.3770088836254","combo_deal"
"2025-10-12 00:00:00","7","2008.320698004252","1807.488628203827","2008.320698004252","combo_deal"
"2025-10-12 01:00:00","5","2145.2382108997253","1930.714389809753","2145.2382108997253","discount_20"
"2025-10-12 02:00:00","4","877.7848970761427","790.0064073685285","877.7848970761427","no_promo"
"2025-10-12 03:00:00","15","4953.759782587004","4458.383804328304","4953.759782587004","free_delivery"
"2025-10-12 04:00:00","5","2184.6081748181928","1966.1473573363735","2184.6081748181928","free_delivery"
"2025-10-12 05:00:00","7","1986.3207202597291","1787.6886482337563","1986.3207202597291","no_promo"
"2025-10-12 06:00:00","8","3170.896118434492","2853.8065065910428","3170.896118434492","free_delivery"
"2025-10-12 07:00:00","5","1660.6369813692586","1494.5732832323329","1660.6369813692586","discount_20"
"2025-10-12 08:00:00","27","13837.08260164749","12453.37434148274","13837.08260164749","combo_deal"
"2025-10-12 09:00:00","21","8286.367009447124","7457.730308502411","8286.367009447124","discount_20"
"2025-10-12 10:00:00","24","9693.164529512478","8723.848076561231","9693.164529512478","discount_20"
"2025-10-12 11:00:00","37","14166.905336679187","12750.214803011268","14166.905336679187","free_delivery"
"2025-10-12 12:00:00","28","10178.503028767507","9160.652725890757","10178.503028767507","no_promo"
"2025-10-12 13:00:00","27","9659.10813298949","8693.19731969054","9659.10813298949","no_promo"
"2025-10-12 14:00:00","51","19046.621654235343","17141.959488811808","19046.621654235343","combo_deal"
"2025-10-12 15:00:00","18","7156.389647617971","6440.750682856174","7156.389647617971","free_delivery"
"2025-10-12 16:00:00","25","9521.396714550745","8569.257043095671","9521.396714550745","combo_deal"
"2025-10-12 17:00:00","14","7167.923198757902","6451.1308788821125","7167.923198757902","discount_10"
"2025-10-12 18:00:00","47","18151.621324584274","16336.459192125847","18151.621324584274","free_delivery"
"2025-10-12 19:00:00","30","12879.149360453564","11591.234424408209","12879.149360453564","discount_10"
"2025-10-12 20:00:00","54","19925.52514543982","17932.972630895838","19925.52514543982","discount_20"
"2025-10-12 21:00:00","39","14645.51181216359","13180.960630947231","14645.51181216359","combo_deal"
"2025-10-12 22:00:00","22","9976.843997130198","8979.159597417178","9976.843997130198","free_delivery"
"2025-10-12 23:00:00","7","2012.9048249136147","1811.6143424222532","2012.9048249136147","free_delivery"
"2025-10-13 00:00:00","9","2440.1042604657396","2196.093834419166","2440.1042604657396","discount_10"
"2025-10-13 01:00:00","5","2475.2218677340416","2227.6996809606376","2475.2218677340416","discount_10"
"2025-10-13 02:00:00","1","859.683682318714","773.7153140868426","859.683682318714","no_promo"
"2025-10-13 03:00:00","7","2568.179622839481","2311.361660555533","2568.179622839481","free_delivery"
"2025-10-13 04:00:00","5","1735.022565709217","1561.5203091382953","1735.022565709217","discount_10"
"2025-10-13 05:00:00","3","14.185875538593905","12.767287984734514","14.185875538593905","discount_20"
"2025-10-13 06:00:00","2","976.7694689250009","879.0925220325008","976.7694689250009","free_delivery"
"2025-10-13 07:00:00","3","1658.2465096164478","1492.4218586548031","1658.2465096164478","discount_10"
"2025-10-13 08:00:00","12","4581.136453009862","4123.022807708876","4581.136453009862","free_delivery"
"2025-10-13 09:00:00","15","6220.7340210088905","5598.660618908001","6220.7340210088905","no_promo"
"2025-10-13 10:00:00","16","7866.158124636546","7079.542312172892","7866.158124636546","discount_20"
"2025-10-13 11:00:00","26","12238.187948361394","11014.369153525255","12238.187948361394","free_delivery"
"2025-10-13 12:00:00","34","15936.630427118069","14342.967384406262","15936.630427118069","free_delivery"
"2025-10-13 13:00:00","19","8629.272650247734","7766.345385222961","8629.272650247734","no_promo"
"2025-10-13 14:00:00","27","10594.57393253816","9535.116539284345","10594.57393253816","free_delivery"
"2025-10-13 15:00:00","21","7313.740250747067","6582.36622567236","7313.740250747067","free_delivery"
"2025-10-13 16:00:00","18","6776.670124173817","6099.003111756436","6776.670124173817","discount_20"
"2025-10-13 17:00:00","13","5161.613027518632","4645.451724766769","5161.613027518632","no_promo"
"2025-10-13 18:00:00","16","6830.772073204172","6147.694865883755","6830.772073204172","free_delivery"
"2025-10-13 19:00:00","29","9039.236682756866","8135.313014481179","9039.236682756866","discount_20"
"2025-10-13 20:00:00","31","8796.789678180647","7917.110710362582","8796.789678180647","combo_deal"
"2025-10-13 21:00:00","23","7500.293961294886","6750.2645651653975","7500.293961294886","no_promo"
"2025-10-13 22:00:00","15","6874.785590357831","6187.307031322048","6874.785590357831","discount_10"
"2025-10-13 23:00:00","3","936.0612277354261","842.4551049618835","936.0612277354261","no_promo"
"2025-10-14 00:00:00","9","3075.7279468935567","2768.155152204201","3075.7279468935567","combo_deal"
"2025-10-14 01:00:00","5","1423.4511683405522","1281.106051506497","1423.4511683405522","discount_20"
"2025-10-14 02:00:00","10","3918.9822037256617","3527.083983353096","3918.9822037256617","discount_10"
"2025-10-14 03:00:00","5","1843.2688202573172","1658.9419382315855","1843.2688202573172","free_delivery"
"2025-10-14 04:00:00","1","920.8468946931798","828.7622052238619","920.8468946931798","free_delivery"
"2025-10-14 05:00:00","4","1330.0099440687345","1197.0089496618612","1330.0099440687345","no_promo"
"2025-10-14 06:00:00","5","605.6896838438438","545.1207154594595","605.6896838438438","no_promo"
"2025-10-14 07:00:00","7","2701.3162508176197","2431.184625735858","2701.3162508176197","combo_deal"
"2025-10-14 08:00:00","9","2573.6555575104962","2316.2900017594466","2573.6555575104962","no_promo"
"2025-10-14 09:00:00","17","8585.238788962179","7726.714910065961","8585.238788962179","combo_deal"
"2025-10-14 10:00:00","14","5127.932640516442","4615.139376464798","5127.932640516442","no_promo"
"2025-10-14 11:00:00","27","9837.470768751979","8853.723691876781","9837.470768751979","combo_deal"
"2025-10-14 12:00:00","21","9482.89247900393","8534.603231103536","9482.89247900393","no_promo"
"2025-10-14 13:00:00","32","11468.671134053633","10321.80402064827","11468.671134053633","free_delivery"
"2025-10-14 14:00:00","38","16469.09279513053","14822.183515617478","16469.09279513053","free_delivery"
"2025-10-14 15:00:00","13","4501.708213198221","4051.5373918783985","4501.708213198221","discount_20"
"2025-10-14 16:00:00","18","8690.648587919282","7821.583729127355","8690.648587919282","free_delivery"
"2025-10-14 17:00:00","15","6621.684440545326","5959.515996490793","6621.684440545326","discount_20"
"2025-10-14 18:00:00","18","5902.013565611337","5311.812209050204","5902.013565611337","no_promo"
"2025-10-14 19:00:00","32","14252.47796210937","12827.230165898432","14252.47796210937","free_delivery"
"2025-10-14 20:00:00","24","10097.61253588871","9087.851282299838","10097.61253588871","discount_20"
"2025-10-14 21:00:00","31","9998.02513720965","8998.222623488686","9998.02513720965","free_delivery"
"2025-10-14 22:00:00","14","5806.632876945001","5225.9695892505015","5806.632876945001","discount_10"
"2025-10-14 23:00:00","6","2567.2109377965776","2310.48984401692","2567.2109377965776","free_delivery"
"2025-10-15 00:00:00","8","3622.8639141420135","3260.5775227278123","3622.8639141420135","free_delivery"
"2025-10-15 01:00:00","5","3518.840384029982","3166.956345626984","3518.840384029982","combo_deal"
"2025-10-15 02:00:00","4","1215.6111110209522","1094.049999918857","1215.6111110209522","no_promo"
"2025-10-15 03:00:00","8","3906.9202298031482","3516.2282068228333","3906.9202298031482","combo_deal"
"2025-10-15 04:00:00","5","1582.0666381966257","1423.8599743769632","1582.0666381966257","discount_20"
"2025-10-15 05:00:00","7","3101.12482011412","2791.0123381027083","3101.12482011412","no_promo"
"2025-10-15 06:00:00","2","1889.0252326857153","1700.1227094171438","1889.0252326857153","no_promo"
"2025-10-15 07:00:00","3","2480.7659235471547","2232.689331192439","2480.7659235471547","combo_deal"
"2025-10-15 08:00:00","14","6180.26240969382","5562.236168724438","6180.26240969382","discount_10"
"2025-10-15 09:00:00","23","5797.2333948479445","5217.51005536315","5797.2333948479445","combo_deal"
"2025-10-15 10:00:00","24","10250.362201414819","9225.325981273338","10250.362201414819","combo_deal"
"2025-10-15 11:00:00","30","15063.205973765664","13556.885376389098","15063.205973765664","combo_deal"
"2025-10-15 12:00:00","23","8879.675506009764","7991.707955408788","8879.675506009764","no_promo"
"2025-10-15 13:00:00","18","7895.106879424018","7105.596191481616","7895.106879424018","free_delivery"
"2025-10-15 14:00:00","31","14928.289653320082","13435.460687988074","14928.289653320082","discount_20"
"2025-10-15 15:00:00","20","8532.162021898868","7678.945819708982","8532.162021898868","combo_deal"
"2025-10-15 16:00:00","18","6610.512276078707","5949.461048470836","6610.512276078707","discount_10"
"2025-10-15 17:00:00","16","4468.260740978417","4021.434666880575","4468.260740978417","no_promo"
"2025-10-15 18:00:00","25","10042.114583112856","9037.90312480157","10042.114583112856","no_promo"
"2025-10-15 19:00:00","28","11116.584152904486","10004.925737614038","11116.584152904486","discount_10"
"2025-10-15 20:00:00","28","10394.804089151361","9355.323680236224","10394.804089151361","no_promo"
"2025-10-15 21:00:00","13","6714.518868978382","6043.066982080543","6714.518868978382","discount_20"
"2025-10-15 22:00:00","11","3117.5084224444195","2805.7575801999774","3117.5084224444195","no_promo"
"2025-10-15 23:00:00","7","2591.182126977581","2332.063914279823","2591.182126977581","free_delivery"
"2025-10-16 00:00:00","2","764.6860588672475","688.2174529805228","764.6860588672475","free_delivery"
"2025-10-16 01:00:00","6","3466.025232960409","3119.422709664368","3466.025232960409","discount_20"
"2025-10-16 02:00:00","6","3652.2327460576357","3287.0094714518723","3652.2327460576357","discount_20"
"2025-10-16 03:00:00","2","320.14845641639175","288.1336107747526","320.14845641639175","no_promo"
"2025-10-16 04:00:00","3","1076.5054359129754","968.8548923216779","1076.5054359129754","no_promo"
"2025-10-16 05:00:00","4","1502.5122697915813","1352.2610428124233","1502.5122697915813","free_delivery"
"2025-10-16 06:00:00","5","2033.2931290837578","1829.9638161753821","2033.2931290837578","free_delivery"
"2025-10-16 07:00:00","4","1498.6257390612182","1348.7631651550964","1498.6257390612182","discount_20"
"2025-10-16 08:00:00","20","8139.646470427796","7325.681823385016","8139.646470427796","discount_10"
"2025-10-16 09:00:00","18","6647.344288472571","5982.609859625314","6647.344288472571","combo_deal"
"2025-10-16 10:00:00","21","9542.425540817088","8588.182986735379","9542.425540817088","discount_20"
"2025-10-16 11:00:00","32","9578.06778493499","8620.261006441491","9578.06778493499","free_delivery"
"2025-10-16 12:00:00","28","10732.227807876714","9659.005027089042","10732.227807876714","discount_10"
"2025-10-16 13:00:00","23","10149.52243968611","9134.570195717499","10149.52243968611","discount_10"
"2025-10-16 14:00:00","24","11044.888385619492","9940.399547057543","11044.888385619492","discount_10"
"2025-10-16 15:00:00","18","8261.25420375029","7435.128783375261","8261.25420375029","combo_deal"
"2025-10-16 16:00:00","19","8358.228182192173","7522.405363972956","8358.228182192173","discount_20"
"2025-10-16 17:00:00","23","8800.490526295549","7920.441473665995","8800.490526295549","free_delivery"
"2025-10-16 18:00:00","26","8531.199398706862","7678.079458836176","8531.199398706862","discount_10"
"2025-10-16 19:00:00","28","15083.9817515804","13575.583576422361","15083.9817515804","discount_10"
"2025-10-16 20:00:00","40","16485.153573788455","14836.63821640961","16485.153573788455","discount_20"
"2025-10-16 21:00:00","21","8819.654141923702","7937.688727731332","8819.654141923702","discount_10"
"2025-10-16 22:00:00","12","4382.523946171003","3944.271551553903","4382.523946171003","no_promo"
"2025-10-16 23:00:00","5","2061.752927445171","1855.5776347006538","2061.752927445171","combo_deal"
"2025-10-17 00:00:00","3","1321.42568066464","1189.2831125981759","1321.42568066464","free_delivery"
"2025-10-17 01:00:00","0","535.8026804795888","482.22241243162995","535.8026804795888","discount_10"
"2025-10-17 02:00:00","3","1091.740405339296","982.5663648053666","1091.740405339296","no_promo"
"2025-10-17 03:00:00","8","3236.8773771328424","2913.1896394195583","3236.8773771328424","combo_deal"
"2025-10-17 04:00:00","5","1712.7989314909694","1541.5190383418724","1712.7989314909694","discount_10"
"2025-10-17 05:00:00","2","1820.9629665630503","1638.8666699067453","1820.9629665630503","combo_deal"
"2025-10-17 06:00:00","3","2106.9487554799402","1896.2538799319464","2106.9487554799402","no_promo"
"2025-10-17 07:00:00","0","402.48629026715616","362.23766124044056","402.48629026715616","discount_10"
"2025-10-17 08:00:00","14","6516.7218143451555","5865.04963291064","6516.7218143451555","discount_20"
"2025-10-17 09:00:00","12","3910.379335728121","3519.341402155309","3910.379335728121","no_promo"
"2025-10-17 10:00:00","21","8153.907518756023","7338.516766880421","8153.907518756023","combo_deal"
"2025-10-17 11:00:00","29","14005.6150951589","12605.05358564301","14005.6150951589","combo_deal"
"2025-10-17 12:00:00","18","7065.137322769962","6358.623590492966","7065.137322769962","no_promo"
"2025-10-17 13:00:00","19","7844.801466824171","7060.321320141754","7844.801466824171","discount_10"
"2025-10-17 14:00:00","21","10159.511253194403","9143.560127874964","10159.511253194403","no_promo"
"2025-10-17 15:00:00","17","5379.4518713240805","4841.506684191672","5379.4518713240805","combo_deal"
"2025-10-17 16:00:00","16","7774.491154654658","6997.042039189192","7774.491154654658","discount_10"
"2025-10-17 17:00:00","17","8965.943502908052","8069.3491526172475","8965.943502908052","combo_deal"
"2025-10-17 18:00:00","29","11030.684853683675","9927.616368315308","11030.684853683675","combo_deal"
"2025-10-17 19:00:00","14","6526.051103063619","5873.445992757257","6526.051103063619","no_promo"
"2025-10-17 20:00:00","22","9251.690015453092","8326.521013907783","9251.690015453092","discount_10"
"2025-10-17 21:00:00","33","14064.52624877179","12658.073623894612","14064.52624877179","discount_10"
"2025-10-17 22:00:00","16","7477.727698733071","6729.954928859764","7477.727698733071","free_delivery"
"2025-10-17 23:00:00","7","3986.4262767126093","3587.7836490413483","3986.4262767126093","combo_deal"
"2025-10-18 00:00:00","5","1879.8364422335878","1691.852798010229","1879.8364422335878","discount_20"
"2025-10-18 01:00:00","6","1423.7815724575123","1281.403415211761","1423.7815724575123","free_delivery"
"2025-10-18 02:00:00","6","3183.103865729853","2864.7934791568678","3183.103865729853","discount_10"
"2025-10-18 03:00:00","7","3282.18130403242","2953.963173629178","3282.18130403242","free_delivery"
"2025-10-18 04:00:00","13","5796.752972214052","5217.077674992646","5796.752972214052","combo_deal"
"2025-10-18 05:00:00","5","1371.6159124941923","1234.4543212447732","1371.6159124941923","discount_10"
"2025-10-18 06:00:00","8","3086.783455488312","2778.105109939481","3086.783455488312","free_delivery"
"2025-10-18 07:00:00","8","3194.7332173707846","2875.259895633706","3194.7332173707846","discount_10"
"2025-10-18 08:00:00","21","10016.970928268509","9015.273835441658","10016.970928268509","free_delivery"
"2025-10-18 09:00:00","23","10618.926914158195","9557.034222742375","10618.926914158195","discount_10"
"2025-10-18 10:00:00","17","7393.003211653134","6653.702890487821","7393.003211653134","no_promo"
"2025-10-18 11:00:00","42","18173.164024048427","16355.847621643585","18173.164024048427","combo_deal"
"2025-10-18 12:00:00","32","15755.038618491311","14179.53475664218","15755.038618491311","discount_10"
"2025-10-18 13:00:00","34","15819.917182904665","14237.925464614198","15819.917182904665","discount_10"
"2025-10-18 14:00:00","39","14624.306882729481","13161.876194456534","14624.306882729481","discount_10"
"2025-10-18 15:00:00","14","5617.068893329319","5055.362003996387","5617.068893329319","no_promo"
"2025-10-18 16:00:00","25","10040.930068235324","9036.837061411792","10040.930068235324","no_promo"
"2025-10-18 17:00:00","20","9117.94826351072","8206.153437159648","9117.94826351072","discount_10"
"2025-10-18 18:00:00","31","14614.385299894944","13152.94676990545","14614.385299894944","discount_10"
"2025-10-18 19:00:00","31","10778.44134684469","9700.59721216022","10778.44134684469","no_promo"
"2025-10-18 20:00:00","44","21012.42646611785","18911.183819506066","21012.42646611785","discount_10"
"2025-10-18 21:00:00","44","15074.77249789493","13567.295248105438","15074.77249789493","free_delivery"
"2025-10-18 22:00:00","12","5183.093594302874","4664.784234872587","5183.093594302874","no_promo"
"2025-10-18 23:00:00","0","312.6519769458194","281.38677925123744","312.6519769458194","discount_10"
"2025-10-19 00:00:00","5","2173.1375134807654","1955.823762132689","2173.1375134807654","discount_20"
"2025-10-19 01:00:00","13","5868.270271338031","5281.443244204228","5868.270271338031","discount_10"
"2025-10-19 02:00:00","4","1758.6244495902788","1582.7620046312509","1758.6244495902788","discount_20"
"2025-10-19 03:00:00","1","699.2537881861838","629.3284093675654","699.2537881861838","no_promo"
"2025-10-19 04:00:00","7","4040.426216102616","3636.3835944923544","4040.426216102616","combo_deal"
"2025-10-19 05:00:00","9","3587.668512708132","3228.9016614373186","3587.668512708132","discount_10"
"2025-10-19 06:00:00","12","3023.9666899555627","2721.5700209600063","3023.9666899555627","free_delivery"
"2025-10-19 07:00:00","4","2452.7556311663143","2207.480068049683","2452.7556311663143","discount_20"
"2025-10-19 08:00:00","22","7505.669941803708","6755.102947623337","7505.669941803708","no_promo"
"2025-10-19 09:00:00","19","7178.665094563749","6460.7985851073745","7178.665094563749","no_promo"
"2025-10-19 10:00:00","24","12457.765932191829","11211.989338972646","12457.765932191829","discount_10"
"2025-10-19 11:00:00","37","16702.066851418957","15031.860166277062","16702.066851418957","discount_10"
"2025-10-19 12:00:00","25","8381.13784865656","7543.024063790905","8381.13784865656","no_promo"
"2025-10-19 13:00:00","48","20545.89114333235","18491.302028999115","20545.89114333235","combo_deal"
"2025-10-19 14:00:00","37","17117.249514793486","15405.524563314139","17117.249514793486","discount_10"
"2025-10-19 15:00:00","17","7554.673698398424","6799.206328558582","7554.673698398424","no_promo"
"2025-10-19 16:00:00","26","10579.37581596228","9521.43823436605","10579.37581596228","free_delivery"
"2025-10-19 17:00:00","19","7956.249940292192","7160.624946262973","7956.249940292192","discount_10"
"2025-10-19 18:00:00","33","13161.891417241133","11845.70227551702","13161.891417241133","discount_20"
"2025-10-19 19:00:00","39","17842.97320397592","16058.675883578328","17842.97320397592","free_delivery"
"2025-10-19 20:00:00","34","14919.148723859227","13427.233851473306","14919.148723859227","discount_10"
"2025-10-19 21:00:00","29","15484.363720476085","13935.927348428477","15484.363720476085","discount_10"
"2025-10-19 22:00:00","20","8504.37579178782","7653.938212609038","8504.37579178782","free_delivery"
"2025-10-19 23:00:00","6","1649.6083073174027","1484.6474765856624","1649.6083073174027","no_promo"
"2025-10-20 00:00:00","9","2638.3518799080975","2374.516691917288","2638.3518799080975","no_promo"
"2025-10-20 01:00:00","3","2487.4906487997982","2238.7415839198184","2487.4906487997982","combo_deal"
"2025-10-20 02:00:00","9","3741.8887230438986","3367.6998507395087","3741.8887230438986","discount_20"
"2025-10-20 03:00:00","4","1551.1332071736645","1396.019886456298","1551.1332071736645","free_delivery"
"2025-10-20 04:00:00","8","3013.992733443704","2712.5934600993337","3013.992733443704","combo_deal"
"2025-10-20 05:00:00","4","2192.4863837713356","1973.237745394202","2192.4863837713356","no_promo"
"2025-10-20 06:00:00","5","2339.003923166253","2105.103530849628","2339.003923166253","combo_deal"
"2025-10-20 07:00:00","5","996.6247585436275","896.9622826892648","996.6247585436275","discount_10"
"2025-10-20 08:00:00","13","5653.027592982925","5087.724833684632","5653.027592982925","no_promo"
"2025-10-20 09:00:00","16","6247.2997446123645","5622.569770151128","6247.2997446123645","no_promo"
"2025-10-20 10:00:00","15","6696.416520699641","6026.774868629677","6696.416520699641","discount_20"
"2025-10-20 11:00:00","24","11445.293498149398","10300.764148334458","11445.293498149398","discount_20"
"2025-10-20 12:00:00","33","13028.281633278784","11725.453469950906","13028.281633278784","free_delivery"
"2025-10-20 13:00:00","31","16793.427468521368","15114.084721669231","16793.427468521368","combo_deal"
"2025-10-20 14:00:00","25","9422.336720938536","8480.103048844683","9422.336720938536","combo_deal"
"2025-10-20 15:00:00","18","7950.222877038581","7155.200589334723","7950.222877038581","free_delivery"
"2025-10-20 16:00:00","18","9137.014064976604","8223.312658478944","9137.014064976604","combo_deal"
"2025-10-20 17:00:00","13","6084.963807934857","5476.467427141371","6084.963807934857","discount_10"
"2025-10-20 18:00:00","36","12410.574869158403","11169.517382242562","12410.574869158403","no_promo"
"2025-10-20 19:00:00","22","10590.069586262203","9531.062627635984","10590.069586262203","discount_20"
"2025-10-20 20:00:00","19","8551.146189428106","7696.031570485296","8551.146189428106","no_promo"
"2025-10-20 21:00:00","15","5596.498526460753","5036.848673814678","5596.498526460753","no_promo"
"2025-10-20 22:00:00","16","6702.576848778987","6032.319163901088","6702.576848778987","no_promo"
"2025-10-20 23:00:00","5","2347.704179970581","2112.9337619735234","2347.704179970581","discount_10"
"2025-10-21 00:00:00","3","998.8324998127416","898.9492498314675","998.8324998127416","discount_20"
"2025-10-21 01:00:00","3","1899.6452862269389","1709.680757604245","1899.6452862269389","free_delivery"
"2025-10-21 02:00:00","4","1905.6170217617982","1715.0553195856185","1905.6170217617982","no_promo"
"2025-10-21 03:00:00","5","1154.5677053709587","1039.110934833863","1154.5677053709587","free_delivery"
"2025-10-21 04:00:00","9","3510.2451590322526","3159.2206431290274","3510.2451590322526","discount_20"
"2025-10-21 05:00:00","1","1094.4652564064631","985.0187307658168","1094.4652564064631","free_delivery"
"2025-10-21 06:00:00","6","3031.88630492198","2728.697674429782","3031.88630492198","combo_deal"
"2025-10-21 07:00:00","3","2181.4919184645123","1963.342726618061","2181.4919184645123","combo_deal"
"2025-10-21 08:00:00","11","5185.924784104246","4667.332305693822","5185.924784104246","free_delivery"
"2025-10-21 09:00:00","17","7066.92910158414","6360.236191425726","7066.92910158414","free_delivery"
"2025-10-21 10:00:00","22","9364.652603131848","8428.187342818663","9364.652603131848","discount_10"
"2025-10-21 11:00:00","28","9693.756637514509","8724.380973763058","9693.756637514509","free_delivery"
"2025-10-21 12:00:00","44","19322.59344287027","17390.334098583244","19322.59344287027","discount_20"
"2025-10-21 13:00:00","15","6078.358120856993","5470.522308771294","6078.358120856993","no_promo"
"2025-10-21 14:00:00","32","12661.54836232641","11395.393526093769","12661.54836232641","discount_10"
"2025-10-21 15:00:00","17","7878.244180588048","7090.419762529244","7878.244180588048","discount_20"
"2025-10-21 16:00:00","10","3277.0425591949697","2949.3383032754728","3277.0425591949697","no_promo"
"2025-10-21 17:00:00","14","4706.634029878344","4235.97062689051","4706.634029878344","combo_deal"
"2025-10-21 18:00:00","31","13109.431991783775","11798.488792605398","13109.431991783775","discount_10"
"2025-10-21 19:00:00","26","14303.4002479109","12873.06022311981","14303.4002479109","discount_20"
"2025-10-21 20:00:00","20","7925.9745422456","7133.37708802104","7925.9745422456","discount_20"
"2025-10-21 21:00:00","41","18742.538305082995","16868.284474574695","18742.538305082995","discount_10"
"2025-10-21 22:00:00","16","7174.325785925752","6456.893207333177","7174.325785925752","combo_deal"
"2025-10-21 23:00:00","6","1717.1295193152037","1545.4165673836833","1717.1295193152037","no_promo"
"2025-10-22 00:00:00","7","3005.6917249275834","2705.122552434825","3005.6917249275834","combo_deal"
"2025-10-22 01:00:00","2","754.7310902845267","679.257981256074","754.7310902845267","free_delivery"
"2025-10-22 02:00:00","7","2013.7119671793096","1812.3407704613787","2013.7119671793096","discount_10"
"2025-10-22 03:00:00","7","2439.101898565623","2195.1917087090605","2439.101898565623","no_promo"
"2025-10-22 04:00:00","3","1568.8138034270205","1411.9324230843185","1568.8138034270205","discount_20"
"2025-10-22 05:00:00","3","924.6814992036336","832.2133492832703","924.6814992036336","no_promo"
"2025-10-22 06:00:00","5","1953.0285162153252","1757.7256645937928","1953.0285162153252","free_delivery"
"2025-10-22 07:00:00","6","2177.7926781989286","1960.0134103790358","2177.7926781989286","discount_20"
"2025-10-22 08:00:00","13","4930.408562447045","4437.367706202341","4930.408562447045","discount_10"
"2025-10-22 09:00:00","22","8374.70938309163","7537.238444782466","8374.70938309163","combo_deal"
"2025-10-22 10:00:00","23","9759.777014765881","8783.799313289293","9759.777014765881","combo_deal"
"2025-10-22 11:00:00","11","5179.664595624745","4661.69813606227","5179.664595624745","free_delivery"
"2025-10-22 12:00:00","29","12327.922968603449","11095.130671743103","12327.922968603449","discount_10"
"2025-10-22 13:00:00","27","10148.429279738026","9133.586351764223","10148.429279738026","discount_20"
"2025-10-22 14:00:00","15","5888.768558776682","5299.891702899014","5888.768558776682","discount_20"
"2025-10-22 15:00:00","12","5750.148758062252","5175.133882256027","5750.148758062252","no_promo"
"2025-10-22 16:00:00","19","7916.467426481432","7124.820683833289","7916.467426481432","discount_10"
"2025-10-22 17:00:00","20","9389.143188205733","8450.22886938516","9389.143188205733","discount_10"
"2025-10-22 18:00:00","26","11747.148119597685","10572.433307637917","11747.148119597685","no_promo"
"2025-10-22 19:00:00","21","7104.710621697914","6394.239559528122","7104.710621697914","discount_10"
"2025-10-22 20:00:00","32","13584.03097451388","12225.627877062492","13584.03097451388","discount_10"
"2025-10-22 21:00:00","25","11024.381709234967","9921.94353831147","11024.381709234967","discount_10"
"2025-10-22 22:00:00","17","7177.906291938392","6460.115662744553","7177.906291938392","free_delivery"
"2025-10-22 23:00:00","6","2692.3569422552832","2423.121248029755","2692.3569422552832","discount_20"
"2025-10-23 00:00:00","4","1040.3689424283953","936.3320481855558","1040.3689424283953","no_promo"
"2025-10-23 01:00:00","2","1863.6486365280318","1677.2837728752286","1863.6486365280318","discount_20"
"2025-10-23 02:00:00","6","1440.9696957645494","1296.8727261880945","1440.9696957645494","combo_deal"
"2025-10-23 03:00:00","8","3124.9570557280817","2812.4613501552735","3124.9570557280817","combo_deal"
"2025-10-23 04:00:00","0","238.71469227979597","214.84322305181638","238.71469227979597","free_delivery"
"2025-10-23 05:00:00","4","2605.41409087937","2344.872681791433","2605.41409087937","combo_deal"
"2025-10-23 06:00:00","4","2817.2901011610793","2535.5610910449714","2817.2901011610793","free_delivery"
"2025-10-23 07:00:00","5","1242.8769174419872","1118.5892256977886","1242.8769174419872","discount_10"
"2025-10-23 08:00:00","11","4100.512352174166","3690.4611169567497","4100.512352174166","free_delivery"
"2025-10-23 09:00:00","13","5642.828102114498","5078.545291903048","5642.828102114498","no_promo"
"2025-10-23 10:00:00","10","3764.848181368756","3388.36336323188","3764.848181368756","free_delivery"
"2025-10-23 11:00:00","33","13108.091868670317","11797.282681803286","13108.091868670317","combo_deal"
"2025-10-23 12:00:00","17","6363.233972515346","5726.910575263812","6363.233972515346","no_promo"
"2025-10-23 13:00:00","28","12653.218585995635","11387.896727396072","12653.218585995635","discount_20"
"2025-10-23 14:00:00","36","16863.568823332927","15177.211940999636","16863.568823332927","discount_10"
"2025-10-23 15:00:00","17","7159.100201125631","6443.1901810130685","7159.100201125631","combo_deal"
"2025-10-23 16:00:00","14","6957.81280443223","6262.031523989007","6957.81280443223","free_delivery"
"2025-10-23 17:00:00","8","3221.620945659386","2899.4588510934477","3221.620945659386","discount_20"
"2025-10-23 18:00:00","41","21699.454730137888","19529.5092571241","21699.454730137888","combo_deal"
"2025-10-23 19:00:00","28","11993.591624230157","10794.232461807142","11993.591624230157","discount_10"
"2025-10-23 20:00:00","25","10349.867673217726","9314.880905895954","10349.867673217726","discount_10"
"2025-10-23 21:00:00","31","12105.219711540825","10894.697740386742","12105.219711540825","free_delivery"
"2025-10-23 22:00:00","13","6842.8804033902325","6158.59236305121","6842.8804033902325","discount_20"
"2025-10-23 23:00:00","3","491.7551619884544","442.57964578960895","491.7551619884544","no_promo"
"2025-10-24 00:00:00","2","475.81228834597607","428.2310595113785","475.81228834597607","no_promo"
"2025-10-24 01:00:00","4","1003.9598314116135","903.5638482704522","1003.9598314116135","discount_10"
"2025-10-24 02:00:00","4","2359.6891134662437","2123.7202021196194","2359.6891134662437","discount_10"
"2025-10-24 03:00:00","6","1986.0941740428755","1787.484756638588","1986.0941740428755","combo_deal"
"2025-10-24 04:00:00","6","2206.9313324625014","1986.2381992162514","2206.9313324625014","discount_20"
"2025-10-24 05:00:00","6","2754.797519117512","2479.317767205761","2754.797519117512","combo_deal"
"2025-10-24 06:00:00","3","1464.7640981048096","1318.2876882943287","1464.7640981048096","free_delivery"
"2025-10-24 07:00:00","8","2759.833378376643","2483.8500405389786","2759.833378376643","no_promo"
"2025-10-24 08:00:00","23","8770.986005599621","7893.88740503966","8770.986005599621","discount_10"
"2025-10-24 09:00:00","13","5052.646650394245","4547.38198535482","5052.646650394245","free_delivery"
"2025-10-24 10:00:00","16","6456.553368780822","5810.89803190274","6456.553368780822","free_delivery"
"2025-10-24 11:00:00","24","9788.471789943284","8809.624610948955","9788.471789943284","no_promo"
"2025-10-24 12:00:00","36","18532.66375804374","16679.397382239364","18532.66375804374","combo_deal"
"2025-10-24 13:00:00","27","11484.272141519064","10335.844927367158","11484.272141519064","discount_20"
"2025-10-24 14:00:00","33","16616.25600606333","14954.630405456997","16616.25600606333","combo_deal"
"2025-10-24 15:00:00","11","4695.369016822327","4225.832115140094","4695.369016822327","no_promo"
"2025-10-24 16:00:00","15","7928.71829849207","7135.846468642863","7928.71829849207","discount_20"
"2025-10-24 17:00:00","9","3310.9631396978525","2979.8668257280674","3310.9631396978525","discount_10"
"2025-10-24 18:00:00","23","10965.834319708849","9869.250887737964","10965.834319708849","discount_20"
"2025-10-24 19:00:00","32","12186.86339436399","10968.177054927592","12186.86339436399","combo_deal"
"2025-10-24 20:00:00","23","8341.943479416042","7507.749131474438","8341.943479416042","discount_10"
"2025-10-24 21:00:00","23","11711.741431981058","10540.567288782951","11711.741431981058","discount_20"
"2025-10-24 22:00:00","10","4933.246688217448","4439.922019395703","4933.246688217448","no_promo"
"2025-10-24 23:00:00","3","2311.856405277479","2080.6707647497315","2311.856405277479","combo_deal"
"2025-10-25 00:00:00","7","3549.2866026567517","3194.3579423910764","3549.2866026567517","combo_deal"
"2025-10-25 01:00:00","9","3825.341236045015","3442.8071124405137","3825.341236045015","discount_10"
"2025-10-25 02:00:00","6","3188.0087362341487","2869.207862610734","3188.0087362341487","no_promo"
"2025-10-25 03:00:00","12","5158.071261966253","4642.2641357696275","5158.071261966253","discount_20"
"2025-10-25 04:00:00","3","1528.4241472347078","1375.581732511237","1528.4241472347078","discount_10"
"2025-10-25 05:00:00","8","3986.6344294986125","3587.970986548751","3986.6344294986125","discount_10"
"2025-10-25 06:00:00","4","1185.473737115661","1066.926363404095","1185.473737115661","no_promo"
"2025-10-25 07:00:00","5","2061.042700008772","1854.9384300078948","2061.042700008772","free_delivery"
"2025-10-25 08:00:00","22","10231.587515564379","9208.428764007942","10231.587515564379","discount_20"
"2025-10-25 09:00:00","20","8215.799255926106","7394.219330333495","8215.799255926106","free_delivery"
"2025-10-25 10:00:00","19","6577.743239362298","5919.968915426068","6577.743239362298","no_promo"
"2025-10-25 11:00:00","55","19283.90749220564","17355.516742985077","19283.90749220564","combo_deal"
"2025-10-25 12:00:00","41","18905.07827744645","17014.570449701805","18905.07827744645","combo_deal"
"2025-10-25 13:00:00","29","10249.546678288005","9224.592010459204","10249.546678288005","no_promo"
"2025-10-25 14:00:00","38","16590.889234270988","14931.80031084389","16590.889234270988","free_delivery"
"2025-10-25 15:00:00","20","8987.124784415306","8088.412305973776","8987.124784415306","combo_deal"
"2025-10-25 16:00:00","22","10462.8658202022","9416.57923818198","10462.8658202022","free_delivery"
"2025-10-25 17:00:00","20","8838.845365961604","7954.960829365444","8838.845365961604","combo_deal"
"2025-10-25 18:00:00","42","19872.344536815785","17885.11008313421","19872.344536815785","discount_20"
"2025-10-25 19:00:00","31","11946.816194391738","10752.134574952564","11946.816194391738","discount_10"
"2025-10-25 20:00:00","45","18569.17271175211","16712.2554405769","18569.17271175211","discount_10"
"2025-10-25 21:00:00","51","16729.335652611448","15056.402087350303","16729.335652611448","discount_20"
"2025-10-25 22:00:00","21","10726.497895216731","9653.848105695059","10726.497895216731","discount_20"
"2025-10-25 23:00:00","7","1972.4720862193992","1775.2248775974592","1972.4720862193992","no_promo"
"2025-10-26 00:00:00","3","1390.7114785290848","1251.6403306761763","1390.7114785290848","free_delivery"
"2025-10-26 01:00:00","10","4479.000762091699","4031.100685882529","4479.000762091699","combo_deal"
"2025-10-26 02:00:00","3","1185.9685788859144","1067.371720997323","1185.9685788859144","no_promo"
"2025-10-26 03:00:00","8","2305.590808469856","2075.03172762287","2305.590808469856","no_promo"
"2025-10-26 04:00:00","2","1476.705697949537","1329.0351281545832","1476.705697949537","discount_10"
"2025-10-26 05:00:00","8","3018.993178071606","2717.0938602644455","3018.993178071606","discount_20"
"2025-10-26 06:00:00","9","2755.1773278767705","2479.6595950890937","2755.1773278767705","discount_20"
"2025-10-26 07:00:00","6","3038.264155533618","2734.4377399802565","3038.264155533618","combo_deal"
"2025-10-26 08:00:00","19","7340.503248440901","6606.452923596811","7340.503248440901","discount_10"
"2025-10-26 09:00:00","19","8541.634780462071","7687.471302415864","8541.634780462071","discount_10"
"2025-10-26 10:00:00","25","8824.729708318693","7942.256737486824","8824.729708318693","no_promo"
"2025-10-26 11:00:00","38","15806.960634976598","14226.264571478938","15806.960634976598","discount_20"
"2025-10-26 12:00:00","38","16715.005302890317","15043.504772601285","16715.005302890317","discount_20"
"2025-10-26 13:00:00","44","18622.601399422623","16760.341259480363","18622.601399422623","free_delivery"
"2025-10-26 14:00:00","34","15869.253379194388","14282.32804127495","15869.253379194388","free_delivery"
"2025-10-26 15:00:00","23","8426.575751976914","7583.918176779222","8426.575751976914","free_delivery"
"2025-10-26 16:00:00","16","5509.555774375838","4958.600196938254","5509.555774375838","no_promo"
"2025-10-26 17:00:00","14","6132.452256725679","5519.207031053112","6132.452256725679","no_promo"
"2025-10-26 18:00:00","40","15583.368861698851","14025.031975528966","15583.368861698851","no_promo"
"2025-10-26 19:00:00","29","12964.618948484966","11668.157053636469","12964.618948484966","free_delivery"
"2025-10-26 20:00:00","35","13237.520932375957","11913.768839138362","13237.520932375957","discount_10"
"2025-10-26 21:00:00","37","13637.844132471988","12274.05971922479","13637.844132471988","free_delivery"
"2025-10-26 22:00:00","24","11537.203147599868","10383.482832839882","11537.203147599868","discount_10"
"2025-10-26 23:00:00","8","3992.264526744758","3593.038074070282","3992.264526744758","combo_deal"
"2025-10-27 00:00:00","10","4191.594113151153","3772.4347018360377","4191.594113151153","discount_20"
"2025-10-27 01:00:00","1","662.4483265832387","596.2034939249148","662.4483265832387","discount_20"
"2025-10-27 02:00:00","9","3400.1137898707825","3060.102410883704","3400.1137898707825","discount_10"
"2025-10-27 03:00:00","7","2327.3177847656475","2094.586006289083","2327.3177847656475","discount_10"
"2025-10-27 04:00:00","5","3037.476034842896","2733.7284313586065","3037.476034842896","discount_10"
"2025-10-27 05:00:00","7","2892.248436337469","2603.023592703722","2892.248436337469","combo_deal"
"2025-10-27 06:00:00","6","2608.7489652331387","2347.8740687098248","2608.7489652331387","discount_10"
"2025-10-27 07:00:00","3","1385.7908749061262","1247.2117874155135","1385.7908749061262","discount_20"
"2025-10-27 08:00:00","12","5238.793969440152","4714.914572496137","5238.793969440152","discount_10"
"2025-10-27 09:00:00","6","2842.049520713173","2557.844568641856","2842.049520713173","no_promo"
"2025-10-27 10:00:00","11","4073.124632571011","3665.8121693139096","4073.124632571011","free_delivery"
"2025-10-27 11:00:00","30","11215.792385763087","10094.213147186778","11215.792385763087","discount_20"
"2025-10-27 12:00:00","26","12594.083932159869","11334.675538943882","12594.083932159869","combo_deal"
"2025-10-27 13:00:00","9","3142.545054545724","2828.2905490911517","3142.545054545724","no_promo"
"2025-10-27 14:00:00","28","10924.26604639324","9831.839441753917","10924.26604639324","free_delivery"
"2025-10-27 15:00:00","15","8800.059396194316","7920.053456574885","8800.059396194316","discount_20"
"2025-10-27 16:00:00","22","8045.430436577649","7240.887392919884","8045.430436577649","discount_20"
"2025-10-27 17:00:00","16","9429.37065209816","8486.433586888345","9429.37065209816","free_delivery"
"2025-10-27 18:00:00","38","18127.391260964185","16314.652134867767","18127.391260964185","discount_20"
"2025-10-27 19:00:00","35","13442.002062227979","12097.80185600518","13442.002062227979","free_delivery"
"2025-10-27 20:00:00","26","8958.540530556538","8062.686477500884","8958.540530556538","discount_10"
"2025-10-27 21:00:00","27","11688.937775944689","10520.04399835022","11688.937775944689","free_delivery"
"2025-10-27 22:00:00","19","8543.597391367974","7689.237652231176","8543.597391367974","discount_20"
"2025-10-27 23:00:00","5","1897.3036578951028","1707.5732921055926","1897.3036578951028","discount_20"
"2025-10-28 00:00:00","6","1210.932377975306","1089.8391401777756","1210.932377975306","free_delivery"
"2025-10-28 01:00:00","7","3782.56470122045","3404.308231098405","3782.56470122045","discount_20"
"2025-10-28 02:00:00","2","1691.298274183571","1522.168446765214","1691.298274183571","discount_10"
"2025-10-28 03:00:00","5","1437.5810834885608","1293.8229751397048","1437.5810834885608","free_delivery"
"2025-10-28 04:00:00","2","1709.5968769421127","1538.6371892479015","1709.5968769421127","no_promo"
"2025-10-28 05:00:00","7","3416.6842605105276","3075.0158344594747","3416.6842605105276","free_delivery"
"2025-10-28 06:00:00","0","6.328700584718777","5.695830526246899","6.328700584718777","free_delivery"
"2025-10-28 07:00:00","7","1997.8527945523335","1798.0675150971","1997.8527945523335","discount_10"
"2025-10-28 08:00:00","14","7680.882217530158","6912.793995777142","7680.882217530158","free_delivery"
"2025-10-28 09:00:00","10","5667.55137017377","5100.796233156393","5667.55137017377","discount_10"
"2025-10-28 10:00:00","11","4476.140352114863","4028.526316903377","4476.140352114863","no_promo"
"2025-10-28 11:00:00","36","20588.904155556855","18530.01374000117","20588.904155556855","combo_deal"
"2025-10-28 12:00:00","39","21588.265918145586","19429.439326331027","21588.265918145586","combo_deal"
"2025-10-28 13:00:00","31","12587.478605195967","11328.730744676372","12587.478605195967","free_delivery"
"2025-10-28 14:00:00","37","16337.687865247717","14703.919078722945","16337.687865247717","combo_deal"
"2025-10-28 15:00:00","15","5603.338207428683","5043.004386685815","5603.338207428683","discount_20"
"2025-10-28 16:00:00","18","7414.022586543936","6672.620327889543","7414.022586543936","free_delivery"
"2025-10-28 17:00:00","11","6564.055865575565","5907.650279018008","6564.055865575565","combo_deal"
"2025-10-28 18:00:00","21","8866.661030225372","7979.994927202835","8866.661030225372","free_delivery"
"2025-10-28 19:00:00","29","10704.812040265693","9634.330836239124","10704.812040265693","combo_deal"
"2025-10-28 20:00:00","23","10568.75442447031","9511.87898202328","10568.75442447031","free_delivery"
"2025-10-28 21:00:00","37","12443.973583227655","11199.57622490489","12443.973583227655","discount_20"
"2025-10-28 22:00:00","15","4364.771130742168","3928.2940176679513","4364.771130742168","no_promo"
"2025-10-28 23:00:00","9","3313.335057105628","2982.0015513950652","3313.335057105628","combo_deal"
"2025-10-29 00:00:00","6","1429.823624093406","1286.8412616840653","1429.823624093406","discount_20"
"2025-10-29 01:00:00","4","665.7728856414442","599.1955970772998","665.7728856414442","no_promo"
"2025-10-29 02:00:00","3","1078.173801257555","970.3564211317995","1078.173801257555","no_promo"
"2025-10-29 03:00:00","2","2179.8649744598206","1961.8784770138386","2179.8649744598206","combo_deal"
"2025-10-29 04:00:00","0","409.14756640086017","368.23280976077416","409.14756640086017","no_promo"
"2025-10-29 05:00:00","6","1799.5720984645263","1619.6148886180738","1799.5720984645263","combo_deal"
"2025-10-29 06:00:00","4","1133.7100375195273","1020.3390337675746","1133.7100375195273","discount_20"
"2025-10-29 07:00:00","5","1148.2234961377162","1033.4011465239446","1148.2234961377162","discount_20"
"2025-10-29 08:00:00","11","4335.175750525097","3901.6581754725876","4335.175750525097","free_delivery"
"2025-10-29 09:00:00","12","5273.913636872241","4746.522273185017","5273.913636872241","combo_deal"
"2025-10-29 10:00:00","11","3789.827483886259","3410.8447354976333","3789.827483886259","no_promo"
"2025-10-29 11:00:00","25","10137.727882300078","9123.95509407007","10137.727882300078","discount_10"
"2025-10-29 12:00:00","16","7940.472685129046","7146.425416616142","7940.472685129046","no_promo"
"2025-10-29 13:00:00","36","16257.045418358584","14631.340876522727","16257.045418358584","discount_20"
"2025-10-29 14:00:00","25","8149.708566241946","7334.7377096177515","8149.708566241946","discount_10"
"2025-10-29 15:00:00","28","13089.492431340766","11780.54318820669","13089.492431340766","combo_deal"
"2025-10-29 16:00:00","8","3310.957459222402","2979.861713300162","3310.957459222402","free_delivery"
"2025-10-29 17:00:00","12","4985.223625589528","4486.701263030575","4985.223625589528","discount_10"
"2025-10-29 18:00:00","24","9455.320245824305","8509.788221241875","9455.320245824305","discount_10"
"2025-10-29 19:00:00","28","14556.33304985595","13100.699744870355","14556.33304985595","free_delivery"
"2025-10-29 20:00:00","15","4773.736917085445","4296.363225376901","4773.736917085445","no_promo"
"2025-10-29 21:00:00","24","10492.744657717582","9443.470191945824","10492.744657717582","combo_deal"
"2025-10-29 22:00:00","8","4557.017177041458","4101.315459337313","4557.017177041458","free_delivery"
"2025-10-29 23:00:00","4","2507.145962288916","2256.4313660600246","2507.145962288916","free_delivery"
"2025-10-30 00:00:00","4","815.3044634618353","733.7740171156518","815.3044634618353","combo_deal"
"2025-10-30 01:00:00","5","1827.9200295125754","1645.128026561318","1827.9200295125754","discount_10"
"2025-10-30 02:00:00","5","2230.8560590424145","2007.770453138173","2230.8560590424145","discount_20"
"2025-10-30 03:00:00","4","968.6349351808205","871.7714416627385","968.6349351808205","no_promo"
"2025-10-30 04:00:00","5","2032.8465789981642","1829.5619210983477","2032.8465789981642","free_delivery"
"2025-10-30 05:00:00","4","1954.299410052841","1758.869469047557","1954.299410052841","no_promo"
"2025-10-30 06:00:00","1","778.6626862913481","700.7964176622133","778.6626862913481","discount_10"
"2025-10-30 07:00:00","3","1161.8654905135734","1045.678941462216","1161.8654905135734","discount_20"
"2025-10-30 08:00:00","22","8853.933265788908","7968.539939210017","8853.933265788908","discount_20"
"2025-10-30 09:00:00","11","4800.260796045106","4320.234716440596","4800.260796045106","no_promo"
"2025-10-30 10:00:00","12","5833.032606847017","5249.729346162315","5833.032606847017","discount_20"
"2025-10-30 11:00:00","27","8981.717349186267","8083.54561426764","8981.717349186267","combo_deal"
"2025-10-30 12:00:00","31","13797.078965691213","12417.371069122091","13797.078965691213","discount_10"
"2025-10-30 13:00:00","31","8848.399149380119","7963.559234442107","8848.399149380119","free_delivery"
"2025-10-30 14:00:00","47","17629.98462493001","15866.98616243701","17629.98462493001","combo_deal"
"2025-10-30 15:00:00","10","3638.7527016433864","3274.877431479048","3638.7527016433864","discount_10"
"2025-10-30 16:00:00","21","9413.750706427372","8472.375635784636","9413.750706427372","combo_deal"
"2025-10-30 17:00:00","7","3527.5399184386133","3174.7859265947523","3527.5399184386133","no_promo"
"2025-10-30 18:00:00","35","16140.562576689494","14526.506319020544","16140.562576689494","discount_10"
"2025-10-30 19:00:00","24","9685.210119854717","8716.689107869246","9685.210119854717","discount_10"
"2025-10-30 20:00:00","36","15983.530758583347","14385.177682725012","15983.530758583347","discount_20"
"2025-10-30 21:00:00","25","10064.289146939605","9057.860232245645","10064.289146939605","discount_10"
"2025-10-30 22:00:00","14","7055.519645110608","6349.967680599547","7055.519645110608","combo_deal"
"2025-10-30 23:00:00","5","1478.5546211037292","1330.6991589933564","1478.5546211037292","discount_20"
"2025-10-31 00:00:00","3","1472.9412963594698","1325.6471667235228","1472.9412963594698","discount_20"
"2025-10-31 01:00:00","6","1467.954705219153","1321.1592346972377","1467.954705219153","combo_deal"
"2025-10-31 02:00:00","6","1824.8977899772763","1642.4080109795486","1824.8977899772763","combo_deal"
"2025-10-31 03:00:00","7","3772.407653476821","3395.166888129139","3772.407653476821","combo_deal"
"2025-10-31 04:00:00","7","2840.277436886455","2556.2496931978094","2840.277436886455","combo_deal"
"2025-10-31 05:00:00","2","1609.5110054841077","1448.559904935697","1609.5110054841077","combo_deal"
"2025-10-31 06:00:00","3","937.3944850978426","843.6550365880584","937.3944850978426","no_promo"
"2025-10-31 07:00:00","2","1345.718961112157","1211.1470650009414","1345.718961112157","no_promo"
"2025-10-31 08:00:00","19","8915.892565870317","8024.303309283286","8915.892565870317","discount_20"
"2025-10-31 09:00:00","21","8286.74127057267","7458.067143515403","8286.74127057267","combo_deal"
"2025-10-31 10:00:00","16","5836.837749823004","5253.153974840704","5836.837749823004","combo_deal"
"2025-10-31 11:00:00","25","11901.393880349615","10711.254492314654","11901.393880349615","discount_10"
"2025-10-31 12:00:00","29","12999.922643128797","11699.930378815918","12999.922643128797","discount_10"
"2025-10-31 13:00:00","18","8024.754371647471","7222.278934482724","8024.754371647471","discount_10"
"2025-10-31 14:00:00","26","9994.231014834357","8994.807913350922","9994.231014834357","discount_10"
"2025-10-31 15:00:00","12","5398.824071755851","4858.941664580266","5398.824071755851","discount_10"
"2025-10-31 16:00:00","18","7688.14962551956","6919.334662967604","7688.14962551956","discount_10"
"2025-10-31 17:00:00","14","6018.84168314433","5416.957514829897","6018.84168314433","discount_20"
"2025-10-31 18:00:00","32","10959.84713661425","9863.862422952825","10959.84713661425","combo_deal"
"2025-10-31 19:00:00","33","12409.679636915673","11168.711673224107","12409.679636915673","discount_20"
"2025-10-31 20:00:00","20","8897.798894695721","8008.01900522615","8897.798894695721","combo_deal"
"2025-10-31 21:00:00","32","12924.093973583998","11631.684576225598","12924.093973583998","discount_10"
"2025-10-31 22:00:00","22","7019.528905207032","6317.576014686329","7019.528905207032","discount_20"
"2025-10-31 23:00:00","1","259.43980458175645","233.4958241235808","259.43980458175645","combo_deal"
"2025-11-01 00:00:00","3","2814.955132484386","2533.4596192359477","2814.955132484386","combo_deal"
"2025-11-01 01:00:00","5","654.6129650717946","589.1516685646152","654.6129650717946","no_promo"
"2025-11-01 02:00:00","5","1591.0912761648797","1431.9821485483917","1591.0912761648797","free_delivery"
"2025-11-01 03:00:00","6","1470.3099974989398","1323.2789977490459","1470.3099974989398","discount_20"
"2025-11-01 04:00:00","7","3619.594343497706","3257.6349091479356","3619.594343497706","combo_deal"
"2025-11-01 05:00:00","6","2749.5015550001044","2474.5513995000942","2749.5015550001044","free_delivery"
"2025-11-01 06:00:00","5","2293.808306619887","2064.4274759578984","2293.808306619887","discount_10"
"2025-11-01 07:00:00","5","1673.5549245008986","1506.1994320508088","1673.5549245008986","free_delivery"
"2025-11-01 08:00:00","27","11091.212094839108","9982.090885355197","11091.212094839108","combo_deal"
"2025-11-01 09:00:00","20","8245.662272027748","7421.096044824973","8245.662272027748","combo_deal"
"2025-11-01 10:00:00","15","8115.65091723303","7304.085825509727","8115.65091723303","free_delivery"
"2025-11-01 11:00:00","46","25180.76141666337","22662.68527499703","25180.76141666337","free_delivery"
"2025-11-01 12:00:00","37","15929.827242797992","14336.844518518194","15929.827242797992","discount_10"
"2025-11-01 13:00:00","31","13540.14256904325","12186.128312138924","13540.14256904325","no_promo"
"2025-11-01 14:00:00","43","20578.578150160203","18520.720335144182","20578.578150160203","discount_20"
"2025-11-01 15:00:00","19","6868.413698726004","6181.5723288534045","6868.413698726004","discount_20"
"2025-11-01 16:00:00","20","8255.624815350351","7430.062333815316","8255.624815350351","combo_deal"
"2025-11-01 17:00:00","25","10178.176373879687","9160.358736491718","10178.176373879687","free_delivery"
"2025-11-01 18:00:00","41","17433.383227903385","15690.044905113047","17433.383227903385","free_delivery"
"2025-11-01 19:00:00","33","13113.898999738742","11802.509099764868","13113.898999738742","no_promo"
"2025-11-01 20:00:00","45","20422.679267264994","18380.411340538496","20422.679267264994","discount_20"
"2025-11-01 21:00:00","45","17955.670708832105","16160.103637948896","17955.670708832105","combo_deal"
"2025-11-01 22:00:00","28","14835.582099287547","13352.023889358792","14835.582099287547","free_delivery"
"2025-11-01 23:00:00","5","2184.657783662196","1966.1920052959763","2184.657783662196","combo_deal"
"2025-11-02 00:00:00","6","3066.270879170285","2759.6437912532565","3066.270879170285","discount_20"
"2025-11-02 01:00:00","9","3316.832638867392","2985.1493749806527","3316.832638867392","discount_10"
"2025-11-02 02:00:00","7","3573.6463797845213","3216.281741806069","3573.6463797845213","discount_10"
"2025-11-02 03:00:00","6","2635.9428778760753","2372.348590088468","2635.9428778760753","discount_20"
"2025-11-02 04:00:00","6","2461.493763874506","2215.3443874870554","2461.493763874506","discount_10"
"2025-11-02 05:00:00","5","2896.4733987114614","2606.8260588403155","2896.4733987114614","free_delivery"
"2025-11-02 06:00:00","6","3036.1068504881628","2732.4961654393464","3036.1068504881628","discount_10"
"2025-11-02 07:00:00","11","3644.5680162148783","3280.1112145933907","3644.5680162148783","discount_20"
"2025-11-02 08:00:00","26","11324.519869219816","10192.067882297833","11324.519869219816","discount_10"
"2025-11-02 09:00:00","19","6686.351685583755","6017.71651702538","6686.351685583755","no_promo"
"2025-11-02 10:00:00","22","12966.747520134833","11670.07276812135","12966.747520134833","discount_10"
"2025-11-02 11:00:00","36","13775.149323578333","12397.6343912205","13775.149323578333","combo_deal"
"2025-11-02 12:00:00","44","17249.55678248638","15524.601104237741","17249.55678248638","free_delivery"
"2025-11-02 13:00:00","43","14332.044270973009","12898.839843875709","14332.044270973009","no_promo"
"2025-11-02 14:00:00","38","16158.597743536619","14542.737969182957","16158.597743536619","combo_deal"
"2025-11-02 15:00:00","25","9530.383931539762","8577.345538385785","9530.383931539762","combo_deal"
"2025-11-02 16:00:00","26","12348.980606833162","11114.082546149846","12348.980606833162","combo_deal"
"2025-11-02 17:00:00","25","10679.153961136735","9611.238565023063","10679.153961136735","free_delivery"
"2025-11-02 18:00:00","42","19735.72873540045","17762.155861860407","19735.72873540045","discount_20"
"2025-11-02 19:00:00","33","13348.11801243921","12013.30621119529","13348.11801243921","discount_10"
"2025-11-02 20:00:00","48","21641.428178108472","19477.285360297625","21641.428178108472","combo_deal"
"2025-11-02 21:00:00","57","25841.429214185497","23257.28629276695","25841.429214185497","combo_deal"
"2025-11-02 22:00:00","25","11342.282767439343","10208.05449069541","11342.282767439343","combo_deal"
"2025-11-02 23:00:00","6","2460.0709476435313","2214.0638528791783","2460.0709476435313","discount_10"
"2025-11-03 00:00:00","2","1853.3953146541658","1668.0557831887493","1853.3953146541658","discount_20"
"2025-11-03 01:00:00","4","1538.3382291039636","1384.5044061935673","1538.3382291039636","free_delivery"
"2025-11-03 02:00:00","3","1714.4163943763301","1542.974754938697","1714.4163943763301","no_promo"
"2025-11-03 03:00:00","6","1410.0808844763862","1269.0727960287477","1410.0808844763862","discount_10"
"2025-11-03 04:00:00","6","2133.4132003442005","1920.0718803097805","2133.4132003442005","combo_deal"
"2025-11-03 05:00:00","2","923.0531595008299","830.7478435507469","923.0531595008299","discount_10"
"2025-11-03 06:00:00","8","2664.1948073132926","2397.7753265819633","2664.1948073132926","combo_deal"
"2025-11-03 07:00:00","2","530.1688321407231","477.1519489266508","530.1688321407231","no_promo"
"2025-11-03 08:00:00","14","6616.787342443477","5955.10860819913","6616.787342443477","discount_20"
"2025-11-03 09:00:00","20","6614.021533067559","5952.619379760803","6614.021533067559","discount_20"
"2025-11-03 10:00:00","12","4938.889109241116","4445.000198317004","4938.889109241116","discount_20"
"2025-11-03 11:00:00","21","7719.4596232944405","6947.513660964996","7719.4596232944405","no_promo"
"2025-11-03 12:00:00","27","14896.81814228686","13407.136328058174","14896.81814228686","discount_20"
"2025-11-03 13:00:00","24","9715.338526179188","8743.80467356127","9715.338526179188","no_promo"
"2025-11-03 14:00:00","35","12785.440445489085","11506.896400940177","12785.440445489085","discount_10"
"2025-11-03 15:00:00","23","8637.853711182966","7774.06834006467","8637.853711182966","free_delivery"
"2025-11-03 16:00:00","9","4207.051589053346","3786.3464301480117","4207.051589053346","discount_10"
"2025-11-03 17:00:00","15","4150.898701135839","3735.8088310222547","4150.898701135839","no_promo"
"2025-11-03 18:00:00","21","9673.35387728328","8706.018489554952","9673.35387728328","free_delivery"
"2025-11-03 19:00:00","28","13162.135891790595","11845.922302611536","13162.135891790595","discount_10"
"2025-11-03 20:00:00","24","10355.901375115598","9320.311237604039","10355.901375115598","discount_10"
"2025-11-03 21:00:00","36","14296.83390181035","12867.150511629316","14296.83390181035","combo_deal"
"2025-11-03 22:00:00","21","8421.57540492575","7579.417864433175","8421.57540492575","discount_10"
"2025-11-03 23:00:00","1","1391.0861720479113","1251.9775548431203","1391.0861720479113","discount_20"
"2025-11-04 00:00:00","7","2738.9812050706696","2465.083084563603","2738.9812050706696","free_delivery"
"2025-11-04 01:00:00","2","1463.2128146156115","1316.8915331540504","1463.2128146156115","discount_20"
"2025-11-04 02:00:00","0","728.6712009630912","655.8040808667821","728.6712009630912","no_promo"
"2025-11-04 03:00:00","8","2835.371029058432","2551.833926152589","2835.371029058432","combo_deal"
"2025-11-04 04:00:00","2","678.677001833412","610.8093016500708","678.677001833412","discount_10"
"2025-11-04 05:00:00","5","1266.654979007228","1139.989481106505","1266.654979007228","no_promo"
"2025-11-04 06:00:00","6","1830.6646571254792","1647.5981914129313","1830.6646571254792","free_delivery"
"2025-11-04 07:00:00","6","1954.8300404489441","1759.3470364040497","1954.8300404489441","no_promo"
"2025-11-04 08:00:00","10","4682.854804928472","4214.569324435624","4682.854804928472","free_delivery"
"2025-11-04 09:00:00","16","6809.803897828806","6128.823508045925","6809.803897828806","free_delivery"
"2025-11-04 10:00:00","24","10033.373179356484","9030.035861420836","10033.373179356484","discount_20"
"2025-11-04 11:00:00","39","18463.317867929956","16616.98608113696","18463.317867929956","combo_deal"
"2025-11-04 12:00:00","25","11217.534506752118","10095.781056076907","11217.534506752118","free_delivery"
"2025-11-04 13:00:00","28","13308.392622809206","11977.553360528285","13308.392622809206","free_delivery"
"2025-11-04 14:00:00","26","8971.590736601884","8074.431662941695","8971.590736601884","no_promo"
"2025-11-04 15:00:00","14","5401.842054379276","4861.657848941349","5401.842054379276","discount_20"
"2025-11-04 16:00:00","13","5388.262670001373","4849.436403001237","5388.262670001373","no_promo"
"2025-11-04 17:00:00","14","5761.836033057278","5185.65242975155","5761.836033057278","discount_20"
"2025-11-04 18:00:00","30","12337.04400191931","11103.339601727379","12337.04400191931","discount_10"
"2025-11-04 19:00:00","28","11269.034458350421","10142.13101251538","11269.034458350421","free_delivery"
"2025-11-04 20:00:00","27","10644.811550592398","9580.330395533158","10644.811550592398","combo_deal"
"2025-11-04 21:00:00","28","13253.443975378234","11928.09957784041","13253.443975378234","combo_deal"
"2025-11-04 22:00:00","17","7308.034060700769","6577.230654630693","7308.034060700769","combo_deal"
"2025-11-04 23:00:00","5","1565.4205009772174","1408.8784508794956","1565.4205009772174","free_delivery"
"2025-11-05 00:00:00","4","2348.6523161293258","2113.7870845163934","2348.6523161293258","free_delivery"
"2025-11-05 01:00:00","2","1397.6176565963674","1257.8558909367307","1397.6176565963674","discount_10"
"2025-11-05 02:00:00","8","2383.172295783571","2144.855066205214","2383.172295783571","discount_20"
"2025-11-05 03:00:00","11","4365.776371461025","3929.198734314922","4365.776371461025","combo_deal"
"2025-11-05 04:00:00","4","1964.2395457797695","1767.8155912017926","1964.2395457797695","no_promo"
"2025-11-05 05:00:00","6","2846.863449422259","2562.177104480033","2846.863449422259","discount_10"
"2025-11-05 06:00:00","5","1648.1308978798031","1483.3178080918228","1648.1308978798031","free_delivery"
"2025-11-05 07:00:00","2","1676.092547299529","1508.4832925695762","1676.092547299529","no_promo"
"2025-11-05 08:00:00","12","6164.600599334924","5548.140539401431","6164.600599334924","discount_20"
"2025-11-05 09:00:00","18","6264.1041888675545","5637.6937699807995","6264.1041888675545","no_promo"
"2025-11-05 10:00:00","14","5142.352220182308","4628.116998164077","5142.352220182308","discount_10"
"2025-11-05 11:00:00","33","11761.331951511149","10585.198756360034","11761.331951511149","combo_deal"
"2025-11-05 12:00:00","24","9106.80611465027","8196.125503185243","9106.80611465027","free_delivery"
"2025-11-05 13:00:00","28","9654.804143323145","8689.32372899083","9654.804143323145","free_delivery"
"2025-11-05 14:00:00","28","10038.982558399492","9035.084302559542","10038.982558399492","no_promo"
"2025-11-05 15:00:00","14","5159.745826228257","4643.771243605432","5159.745826228257","free_delivery"
"2025-11-05 16:00:00","16","9535.166409946025","8581.649768951424","9535.166409946025","combo_deal"
"2025-11-05 17:00:00","20","9405.91588300777","8465.324294706994","9405.91588300777","combo_deal"
"2025-11-05 18:00:00","35","14858.84312076738","13372.958808690642","14858.84312076738","discount_20"
"2025-11-05 19:00:00","32","13293.961546102797","11964.565391492517","13293.961546102797","discount_20"
"2025-11-05 20:00:00","30","11210.87834483124","10089.790510348117","11210.87834483124","combo_deal"
"2025-11-05 21:00:00","31","13754.019401646865","12378.61746148218","13754.019401646865","combo_deal"
"2025-11-05 22:00:00","18","6227.437116554498","5604.693404899049","6227.437116554498","no_promo"
"2025-11-05 23:00:00","6","2654.6318618029727","2389.1686756226754","2654.6318618029727","free_delivery"
"2025-11-06 00:00:00","7","2748.975440702504","2474.0778966322537","2748.975440702504","combo_deal"
"2025-11-06 01:00:00","3","1877.2641588259","1689.5377429433101","1877.2641588259","free_delivery"
"2025-11-06 02:00:00","1","57.77848381204824","52.00063543084342","57.77848381204824","no_promo"
"2025-11-06 03:00:00","2","1400.3269866858436","1260.2942880172593","1400.3269866858436","no_promo"
"2025-11-06 04:00:00","7","1898.8083765083659","1708.9275388575293","1898.8083765083659","discount_20"
"2025-11-06 05:00:00","2","1730.8850363659049","1557.7965327293143","1730.8850363659049","free_delivery"
"2025-11-06 06:00:00","3","1493.9361133182406","1344.5425019864165","1493.9361133182406","no_promo"
"2025-11-06 07:00:00","9","3248.3350606128092","2923.5015545515284","3248.3350606128092","discount_10"
"2025-11-06 08:00:00","18","6694.319602425629","6024.8876421830655","6694.319602425629","free_delivery"
"2025-11-06 09:00:00","17","7405.861724003701","6665.275551603331","7405.861724003701","discount_10"
"2025-11-06 10:00:00","18","6193.745197308303","5574.3706775774735","6193.745197308303","discount_10"
"2025-11-06 11:00:00","36","16540.641026829908","14886.576924146917","16540.641026829908","discount_20"
"2025-11-06 12:00:00","19","6784.170197363505","6105.753177627155","6784.170197363505","no_promo"
"2025-11-06 13:00:00","23","10069.122864786754","9062.210578308079","10069.122864786754","no_promo"
"2025-11-06 14:00:00","27","10436.302247001271","9392.672022301143","10436.302247001271","free_delivery"
"2025-11-06 15:00:00","19","9745.046234854335","8770.541611368903","9745.046234854335","discount_20"
"2025-11-06 16:00:00","19","6408.408190208966","5767.567371188069","6408.408190208966","free_delivery"
"2025-11-06 17:00:00","23","9672.209103571337","8704.988193214203","9672.209103571337","discount_20"
"2025-11-06 18:00:00","36","14230.954019768642","12807.858617791779","14230.954019768642","discount_20"
"2025-11-06 19:00:00","27","8277.686281104494","7449.917652994045","8277.686281104494","discount_20"
"2025-11-06 20:00:00","37","16629.731148403924","14966.758033563532","16629.731148403924","combo_deal"
"2025-11-06 21:00:00","33","11308.869100086777","10177.982190078099","11308.869100086777","no_promo"
"2025-11-06 22:00:00","21","7459.1331116419215","6713.219800477729","7459.1331116419215","discount_20"
"2025-11-06 23:00:00","10","4057.7993623345524","3652.019426101097","4057.7993623345524","discount_20"
"2025-11-07 00:00:00","9","3826.1796875315913","3443.5617187784324","3826.1796875315913","combo_deal"
"2025-11-07 01:00:00","1","0.0","0.0","0.0","discount_10"
"2025-11-07 02:00:00","4","1143.163072876254","1028.8467655886286","1143.163072876254","no_promo"
"2025-11-07 03:00:00","0","0.0","0.0","0.0","discount_20"
"2025-11-07 04:00:00","7","1797.7480015495485","1617.9732013945936","1797.7480015495485","discount_20"
"2025-11-07 05:00:00","11","4837.670598293976","4353.903538464579","4837.670598293976","discount_10"
"2025-11-07 06:00:00","2","377.87296810854474","340.0856712976903","377.87296810854474","no_promo"
"2025-11-07 07:00:00","5","2709.776178169461","2438.7985603525153","2709.776178169461","free_delivery"
"2025-11-07 08:00:00","14","4419.496084878555","3977.5464763906994","4419.496084878555","no_promo"
"2025-11-07 09:00:00","12","5789.199728375145","5210.279755537631","5789.199728375145","discount_20"
"2025-11-07 10:00:00","15","5947.35802936508","5352.6222264285725","5947.35802936508","free_delivery"
"2025-11-07 11:00:00","24","12311.445876544289","11080.30128888986","12311.445876544289","free_delivery"
"2025-11-07 12:00:00","36","11466.98638994306","10320.287750948755","11466.98638994306","combo_deal"
"2025-11-07 13:00:00","15","5980.237859694198","5382.214073724778","5980.237859694198","no_promo"
"2025-11-07 14:00:00","16","6094.45589076453","5485.010301688077","6094.45589076453","no_promo"
"2025-11-07 15:00:00","14","5665.445075121338","5098.900567609205","5665.445075121338","no_promo"
"2025-11-07 16:00:00","21","7941.278023731073","7147.150221357965","7941.278023731073","free_delivery"
"2025-11-07 17:00:00","12","4133.905103369165","3720.5145930322483","4133.905103369165","discount_10"
"2025-11-07 18:00:00","31","15044.296565965384","13539.866909368846","15044.296565965384","discount_20"
"2025-11-07 19:00:00","32","16555.377445319184","14899.839700787266","16555.377445319184","free_delivery"
"2025-11-07 20:00:00","41","17578.34172873631","15820.507555862681","17578.34172873631","discount_20"
"2025-11-07 21:00:00","31","12485.574120092011","11237.01670808281","12485.574120092011","no_promo"
"2025-11-07 22:00:00","19","6705.272435812151","6034.7451922309365","6705.272435812151","discount_10"
"2025-11-07 23:00:00","5","1773.8810397029997","1596.4929357326998","1773.8810397029997","combo_deal"
"2025-11-08 00:00:00","10","2586.203440946514","2327.5830968518626","2586.203440946514","free_delivery"
"2025-11-08 01:00:00","5","2103.790005397967","1893.4110048581704","2103.790005397967","free_delivery"
"2025-11-08 02:00:00","5","1219.0938324820681","1097.1844492338614","1219.0938324820681","discount_10"
"2025-11-08 03:00:00","14","5474.053056032761","4926.647750429484","5474.053056032761","discount_20"
"2025-11-08 04:00:00","9","2334.6429432610184","2101.1786489349165","2334.6429432610184","combo_deal"
"2025-11-08 05:00:00","12","4470.305594530491","4023.275035077442","4470.305594530491","combo_deal"
"2025-11-08 06:00:00","4","2119.698241179126","1907.7284170612133","2119.698241179126","discount_10"
"2025-11-08 07:00:00","9","2797.8628501099083","2518.0765650989174","2797.8628501099083","no_promo"
"2025-11-08 08:00:00","13","4593.5105451065865","4134.159490595928","4593.5105451065865","no_promo"
"2025-11-08 09:00:00","28","11213.082319558223","10091.774087602402","11213.082319558223","combo_deal"
"2025-11-08 10:00:00","25","12000.050443741882","10800.045399367695","12000.050443741882","discount_20"
"2025-11-08 11:00:00","38","14501.117790021211","13051.00601101909","14501.117790021211","free_delivery"
"2025-11-08 12:00:00","44","17571.9772993862","15814.779569447579","17571.9772993862","no_promo"
"2025-11-08 13:00:00","49","22849.22397508124","20564.30157757312","22849.22397508124","combo_deal"
"2025-11-08 14:00:00","42","15241.866429136813","13717.679786223132","15241.866429136813","discount_10"
"2025-11-08 15:00:00","14","5636.900428008702","5073.210385207832","5636.900428008702","no_promo"
"2025-11-08 16:00:00","18","6152.5378373363355","5537.284053602702","6152.5378373363355","no_promo"
"2025-11-08 17:00:00","25","15071.656697782366","13564.49102800413","15071.656697782366","free_delivery"
"2025-11-08 18:00:00","49","20696.637865219574","18626.974078697618","20696.637865219574","discount_10"
"2025-11-08 19:00:00","51","21683.27783648173","19514.95005283356","21683.27783648173","combo_deal"
"2025-11-08 20:00:00","33","11601.765836626262","10441.589252963637","11601.765836626262","no_promo"
"2025-11-08 21:00:00","34","13548.196425237416","12193.376782713674","13548.196425237416","discount_20"
"2025-11-08 22:00:00","29","15874.977321257056","14287.479589131352","15874.977321257056","combo_deal"
"2025-11-08 23:00:00","4","2310.23889483692","2079.2150053532278","2310.23889483692","combo_deal"
"2025-11-09 00:00:00","7","2337.503205451017","2103.7528849059154","2337.503205451017","free_delivery"
"2025-11-09 01:00:00","2","1754.3951254631152","1578.9556129168036","1754.3951254631152","discount_10"
"2025-11-09 02:00:00","10","3464.0495748172407","3117.6446173355166","3464.0495748172407","discount_10"
"2025-11-09 03:00:00","5","3096.204591232433","2786.58413210919","3096.204591232433","free_delivery"
"2025-11-09 04:00:00","2","847.9993510387615","763.1994159348853","847.9993510387615","discount_10"
"2025-11-09 05:00:00","5","3216.247640785465","2894.6228767069188","3216.247640785465","free_delivery"
"2025-11-09 06:00:00","6","3126.426947270033","2813.7842525430297","3126.426947270033","free_delivery"
"2025-11-09 07:00:00","2","1522.6894326982706","1370.4204894284435","1522.6894326982706","no_promo"
"2025-11-09 08:00:00","37","14481.129011900211","13033.01611071019","14481.129011900211","discount_20"
"2025-11-09 09:00:00","21","9741.01910163157","8766.917191468412","9741.01910163157","discount_10"
"2025-11-09 10:00:00","19","8155.316775842259","7339.785098258033","8155.316775842259","no_promo"
"2025-11-09 11:00:00","43","20959.321018490893","18863.388916641805","20959.321018490893","discount_20"
"2025-11-09 12:00:00","58","24106.742208422424","21696.067987580183","24106.742208422424","discount_20"
"2025-11-09 13:00:00","39","13642.408138785053","12278.167324906548","13642.408138785053","discount_10"
"2025-11-09 14:00:00","39","17995.554092216706","16195.998682995036","17995.554092216706","discount_10"
"2025-11-09 15:00:00","19","7215.031760784053","6493.528584705648","7215.031760784053","no_promo"
"2025-11-09 16:00:00","14","7162.784306577677","6446.505875919909","7162.784306577677","discount_10"
"2025-11-09 17:00:00","13","4084.7444820614614","3676.2700338553154","4084.7444820614614","no_promo"
"2025-11-09 18:00:00","32","13948.400733837134","12553.56066045342","13948.400733837134","discount_10"
"2025-11-09 19:00:00","29","10133.604598790049","9120.244138911045","10133.604598790049","no_promo"
"2025-11-09 20:00:00","38","17571.928840612112","15814.735956550901","17571.928840612112","combo_deal"
"2025-11-09 21:00:00","25","11650.011867245625","10485.010680521062","11650.011867245625","no_promo"
"2025-11-09 22:00:00","26","10281.344364421637","9253.209927979473","10281.344364421637","combo_deal"
"2025-11-09 23:00:00","12","4907.209620710601","4416.4886586395405","4907.209620710601","combo_deal"
"2025-11-10 00:00:00","2","1097.9842079047987","988.1857871143188","1097.9842079047987","no_promo"
"2025-11-10 01:00:00","3","593.32329617458","533.9909665571221","593.32329617458","free_delivery"
"2025-11-10 02:00:00","4","2895.98861045961","2606.389749413649","2895.98861045961","discount_10"
"2025-11-10 03:00:00","3","1542.8890449289352","1388.6001404360418","1542.8890449289352","combo_deal"
"2025-11-10 04:00:00","4","1471.4140953098358","1324.2726857788523","1471.4140953098358","discount_10"
"2025-11-10 05:00:00","5","1749.1317686621496","1574.2185917959348","1749.1317686621496","no_promo"
"2025-11-10 06:00:00","1","663.4676873023697","597.1209185721327","663.4676873023697","free_delivery"
"2025-11-10 07:00:00","13","4836.266806333183","4352.640125699865","4836.266806333183","discount_10"
"2025-11-10 08:00:00","14","6472.2558605485165","5825.030274493665","6472.2558605485165","discount_10"
"2025-11-10 09:00:00","7","3387.936103983877","3049.1424935854893","3387.936103983877","discount_20"
"2025-11-10 10:00:00","18","6535.005152129526","5881.504636916574","6535.005152129526","discount_10"
"2025-11-10 11:00:00","33","13875.878372674983","12488.290535407485","13875.878372674983","discount_20"
"2025-11-10 12:00:00","36","13838.434883334226","12454.591395000803","13838.434883334226","discount_20"
"2025-11-10 13:00:00","29","11380.833645703267","10242.750281132941","11380.833645703267","free_delivery"
"2025-11-10 14:00:00","22","7752.614668945641","6977.353202051077","7752.614668945641","discount_10"
"2025-11-10 15:00:00","13","5366.824941760264","4830.142447584238","5366.824941760264","discount_20"
"2025-11-10 16:00:00","13","6568.977606047649","5912.079845442884","6568.977606047649","discount_10"
"2025-11-10 17:00:00","15","6539.918127069952","5885.926314362957","6539.918127069952","discount_10"
"2025-11-10 18:00:00","26","8651.540216505253","7786.386194854727","8651.540216505253","discount_10"
"2025-11-10 19:00:00","31","11315.456458000222","10183.9108122002","11315.456458000222","combo_deal"
"2025-11-10 20:00:00","26","11812.430580102431","10631.187522092188","11812.430580102431","discount_10"
"2025-11-10 21:00:00","35","14147.530328511393","12732.777295660255","14147.530328511393","discount_20"
"2025-11-10 22:00:00","8","2947.6361106431223","2652.87249957881","2947.6361106431223","no_promo"
"2025-11-10 23:00:00","2","653.0891958561022","587.780276270492","653.0891958561022","no_promo"
"2025-11-11 00:00:00","4","2141.9070142152254","1927.7163127937029","2141.9070142152254","free_delivery"
"2025-11-11 01:00:00","4","3176.579192011514","2858.9212728103626","3176.579192011514","free_delivery"
"2025-11-11 02:00:00","3","2557.5853004762816","2301.8267704286536","2557.5853004762816","discount_20"
"2025-11-11 03:00:00","5","1218.0019976035564","1096.201797843201","1218.0019976035564","no_promo"
"2025-11-11 04:00:00","4","2389.5253752271196","2150.572837704408","2389.5253752271196","discount_20"
"2025-11-11 05:00:00","9","3259.57857734199","2933.6207196077908","3259.57857734199","discount_20"
"2025-11-11 06:00:00","1","613.5666123008557","552.2099510707701","613.5666123008557","no_promo"
"2025-11-11 07:00:00","3","2648.837689511754","2383.953920560579","2648.837689511754","combo_deal"
"2025-11-11 08:00:00","14","6033.730099757648","5430.357089781883","6033.730099757648","no_promo"
"2025-11-11 09:00:00","8","3216.9167165879526","2895.2250449291573","3216.9167165879526","free_delivery"
"2025-11-11 10:00:00","13","4927.370887765187","4434.633798988669","4927.370887765187","no_promo"
"2025-11-11 11:00:00","26","11612.824932466552","10451.542439219897","11612.824932466552","discount_20"
"2025-11-11 12:00:00","33","13346.785556043109","12012.107000438798","13346.785556043109","free_delivery"
"2025-11-11 13:00:00","32","14577.615700665212","13119.854130598691","14577.615700665212","combo_deal"
"2025-11-11 14:00:00","34","18444.048418603623","16599.64357674326","18444.048418603623","free_delivery"
"2025-11-11 15:00:00","6","3164.6284387674905","2848.1655948907414","3164.6284387674905","discount_10"
