"timestamp","orders_per_hour","sales_per_hour","subtotal","total","promotion_type"
"2025-09-30 16:00:00","19","7735.111079477757","6961.599971529981","7735.111079477757","discount_20"
"2025-09-30 17:00:00","17","8793.903277247427","7914.512949522685","8793.903277247427","discount_20"
"2025-09-30 18:00:00","26","9022.57063212464","8120.313568912176","9022.57063212464","free_delivery"
"2025-09-30 19:00:00","32","12402.630518045657","11162.36746624109","12402.630518045657","discount_10"
"2025-09-30 20:00:00","38","14669.85822537059","13202.872402833531","14669.85822537059","combo_deal"
"2025-09-30 21:00:00","40","12916.419633349611","11624.77767001465","12916.419633349611","combo_deal"
"2025-09-30 22:00:00","12","5065.284655723112","4558.756190150802","5065.284655723112","no_promo"
"2025-09-30 23:00:00","4","1197.7714708324816","1077.9943237492334","1197.7714708324816","free_delivery"
"2025-10-01 00:00:00","5","2368.583497847697","2131.7251480629275","2368.583497847697","no_promo"
"2025-10-01 01:00:00","6","2873.792969407829","2586.413672467046","2873.792969407829","no_promo"
"2025-10-01 02:00:00","5","1580.3171883253651","1422.2854694928287","1580.3171883253651","discount_20"
"2025-10-01 03:00:00","4","1963.126420856308","1766.8137787706771","1963.126420856308","combo_deal"
"2025-10-01 04:00:00","3","2161.948660571263","1945.7537945141369","2161.948660571263","discount_10"
"2025-10-01 05:00:00","1","1600.3201990180512","1440.288179116246","1600.3201990180512","combo_deal"
"2025-10-01 06:00:00","6","2534.10336968798","2280.693032719182","2534.10336968798","combo_deal"
"2025-10-01 07:00:00","6","1849.6998760494987","1664.7298884445488","1849.6998760494987","free_delivery"
"2025-10-01 08:00:00","15","4309.376723227372","3878.439050904635","4309.376723227372","discount_20"
"2025-10-01 09:00:00","9","3337.121635521222","3003.4094719690997","3337.121635521222","no_promo"
"2025-10-01 10:00:00","23","8579.172721478511","7721.255449330661","8579.172721478511","combo_deal"
"2025-10-01 11:00:00","36","18967.052704826805","17070.347434344127","18967.052704826805","free_delivery"
"2025-10-01 12:00:00","33","11901.151731418528","10711.036558276675","11901.151731418528","discount_20"
"2025-10-01 13:00:00","33","14833.641730367399","13350.277557330659","14833.641730367399","combo_deal"
"2025-10-01 14:00:00","18","7378.653232211303","6640.787908990173","7378.653232211303","no_promo"
"2025-10-01 15:00:00","16","6764.799790037436","6088.3198110336925","6764.799790037436","free_delivery"
"2025-10-01 16:00:00","16","6117.052425512935","5505.347182961642","6117.052425512935","combo_deal"
"2025-10-01 17:00:00","10","4230.802406258233","3807.7221656324095","4230.802406258233","discount_20"
"2025-10-01 18:00:00","29","11657.326370470442","10491.593733423399","11657.326370470442","discount_20"
"2025-10-01 19:00:00","27","8881.221343193267","7993.09920887394","8881.221343193267","free_delivery"
"2025-10-01 20:00:00","19","8412.695732785145","7571.426159506631","8412.695732785145","no_promo"
"2025-10-01 21:00:00","23","9195.848978977901","8276.264081080111","9195.848978977901","no_promo"
"2025-10-01 22:00:00","9","3758.0505075540964","3382.245456798687","3758.0505075540964","discount_10"
"2025-10-01 23:00:00","3","1980.4622623178952","1782.4160360861058","1980.4622623178952","combo_deal"
"2025-10-02 00:00:00","10","2617.056815502328","2355.351133952095","2617.056815502328","no_promo"
"2025-10-02 01:00:00","5","3156.2209795200265","2840.598881568024","3156.2209795200265","discount_10"
"2025-10-02 02:00:00","6","2110.347223522802","1899.3125011705217","2110.347223522802","combo_deal"
"2025-10-02 03:00:00","5","2003.6078294110787","1803.2470464699709","2003.6078294110787","discount_20"
"2025-10-02 04:00:00","3","1204.6536629841498","1084.188296685735","1204.6536629841498","discount_10"
"2025-10-02 05:00:00","1","398.62452267305923","358.7620704057533","398.62452267305923","no_promo"
"2025-10-02 06:00:00","8","3052.7395959598744","2747.465636363887","3052.7395959598744","combo_deal"
"2025-10-02 07:00:00","7","1928.5762695403357","1735.7186425863022","1928.5762695403357","free_delivery"
"2025-10-02 08:00:00","21","8795.911169676941","7916.320052709248","8795.911169676941","discount_20"
"2025-10-02 09:00:00","16","5425.998144436959","4883.398329993263","5425.998144436959","discount_10"
"2025-10-02 10:00:00","19","9063.314694302064","8156.983224871858","9063.314694302064","free_delivery"
"2025-10-02 11:00:00","23","8438.869288477572","7594.982359629815","8438.869288477572","discount_10"
"2025-10-02 12:00:00","32","14235.801676744288","12812.22150906986","14235.801676744288","free_delivery"
"2025-10-02 13:00:00","29","9532.29171286164","8579.062541575475","9532.29171286164","no_promo"
"2025-10-02 14:00:00","37","15788.170322349526","14209.353290114574","15788.170322349526","discount_20"
"2025-10-02 15:00:00","16","6686.937808718708","6018.2440278468375","6686.937808718708","discount_20"
"2025-10-02 16:00:00","14","5253.853966637449","4728.468569973705","5253.853966637449","no_promo"
"2025-10-02 17:00:00","25","10883.549155540983","9795.194239986884","10883.549155540983","discount_20"
"2025-10-02 18:00:00","22","8297.229629340309","7467.506666406278","8297.229629340309","discount_10"
"2025-10-02 19:00:00","38","14859.907838370671","13373.917054533604","14859.907838370671","combo_deal"
"2025-10-02 20:00:00","21","7733.1756028976215","6959.85804260786","7733.1756028976215","no_promo"
"2025-10-02 21:00:00","22","8092.915599515355","7283.62403956382","8092.915599515355","no_promo"
"2025-10-02 22:00:00","11","3593.192577770177","3233.8733199931594","3593.192577770177","no_promo"
"2025-10-02 23:00:00","1","557.8597685932829","502.0737917339546","557.8597685932829","no_promo"
"2025-10-03 00:00:00","3","1407.2631364773488","1266.536822829614","1407.2631364773488","discount_10"
"2025-10-03 01:00:00","5","1566.3503810850812","1409.715342976573","1566.3503810850812","free_delivery"
"2025-10-03 02:00:00","4","2636.9343586603445","2373.2409227943103","2636.9343586603445","free_delivery"
"2025-10-03 03:00:00","0","494.0649946530885","444.65849518777964","494.0649946530885","no_promo"
"2025-10-03 04:00:00","6","3440.8251793110417","3096.7426613799375","3440.8251793110417","free_delivery"
"2025-10-03 05:00:00","7","1605.0474093923206","1444.5426684530885","1605.0474093923206","no_promo"
"2025-10-03 06:00:00","2","3.340117152577266","3.0061054373195395","3.340117152577266","no_promo"
"2025-10-03 07:00:00","2","1491.6155329552712","1342.4539796597442","1491.6155329552712","combo_deal"
"2025-10-03 08:00:00","11","4011.9274640412405","3610.7347176371163","4011.9274640412405","no_promo"
"2025-10-03 09:00:00","12","3906.3575929284534","3515.721833635608","3906.3575929284534","free_delivery"
"2025-10-03 10:00:00","7","2830.2715793893512","2547.244421450416","2830.2715793893512","no_promo"
"2025-10-03 11:00:00","25","7869.533045683238","7082.579741114914","7869.533045683238","combo_deal"
"2025-10-03 12:00:00","27","11023.815830364345","9921.43424732791","11023.815830364345","no_promo"
"2025-10-03 13:00:00","20","8004.076553846432","7203.668898461789","8004.076553846432","discount_10"
"2025-10-03 14:00:00","25","8762.490714403786","7886.241642963408","8762.490714403786","no_promo"
"2025-10-03 15:00:00","12","6088.3535700626935","5479.518213056424","6088.3535700626935","discount_20"
"2025-10-03 16:00:00","21","8188.4800536302755","7369.632048267248","8188.4800536302755","no_promo"
"2025-10-03 17:00:00","14","5473.623349205738","4926.2610142851645","5473.623349205738","no_promo"
"2025-10-03 18:00:00","29","12105.53360600281","10894.980245402528","12105.53360600281","discount_10"
"2025-10-03 19:00:00","22","10128.431453899493","9115.588308509545","10128.431453899493","discount_20"
"2025-10-03 20:00:00","34","12947.942133033848","11653.147919730463","12947.942133033848","discount_20"
"2025-10-03 21:00:00","16","6502.580347917291","5852.322313125562","6502.580347917291","no_promo"
"2025-10-03 22:00:00","23","9236.130914640835","8312.517823176751","9236.130914640835","combo_deal"
"2025-10-03 23:00:00","2","112.99588814230839","101.69629932807756","112.99588814230839","free_delivery"
"2025-10-04 00:00:00","9","4831.120911275641","4348.008820148078","4831.120911275641","discount_20"
"2025-10-04 01:00:00","8","2878.823288217984","2590.940959396186","2878.823288217984","combo_deal"
"2025-10-04 02:00:00","5","1134.1616411736297","1020.7454770562667","1134.1616411736297","no_promo"
"2025-10-04 03:00:00","11","5768.7747510846475","5191.897275976183","5768.7747510846475","discount_10"
"2025-10-04 04:00:00","3","2691.39470222107","2422.255231998963","2691.39470222107","combo_deal"
"2025-10-04 05:00:00","3","1725.3445326640622","1552.810079397656","1725.3445326640622","no_promo"
"2025-10-04 06:00:00","9","2687.9350629204737","2419.1415566284263","2687.9350629204737","no_promo"
"2025-10-04 07:00:00","4","2970.330536047172","2673.2974824424546","2970.330536047172","discount_20"
"2025-10-04 08:00:00","33","13927.200658495762","12534.480592646185","13927.200658495762","free_delivery"
"2025-10-04 09:00:00","17","8483.490068324723","7635.1410614922515","8483.490068324723","discount_10"
"2025-10-04 10:00:00","28","13704.09243749244","12333.683193743196","13704.09243749244","combo_deal"
"2025-10-04 11:00:00","40","19841.560386149013","17857.404347534113","19841.560386149013","combo_deal"
"2025-10-04 12:00:00","46","20437.45732287715","18393.711590589435","20437.45732287715","free_delivery"
"2025-10-04 13:00:00","42","19426.49430327113","17483.844872944017","19426.49430327113","discount_20"
"2025-10-04 14:00:00","42","17489.898260477574","15740.908434429817","17489.898260477574","combo_deal"
"2025-10-04 15:00:00","12","5830.47288031192","5247.425592280728","5830.47288031192","no_promo"
"2025-10-04 16:00:00","20","6945.681787287197","6251.113608558478","6945.681787287197","free_delivery"
"2025-10-04 17:00:00","32","11376.346273420108","10238.711646078096","11376.346273420108","discount_20"
"2025-10-04 18:00:00","30","12199.273946896243","10979.346552206618","12199.273946896243","no_promo"
"2025-10-04 19:00:00","29","13460.959297957257","12114.863368161532","13460.959297957257","discount_10"
"2025-10-04 20:00:00","47","18675.28983171182","16807.760848540638","18675.28983171182","combo_deal"
"2025-10-04 21:00:00","43","14718.448206035884","13246.603385432296","14718.448206035884","discount_10"
"2025-10-04 22:00:00","33","15275.928463654065","13748.33561728866","15275.928463654065","free_delivery"
"2025-10-04 23:00:00","7","2690.552790545191","2421.497511490672","2690.552790545191","combo_deal"
"2025-10-05 00:00:00","7","2324.7868007340626","2092.308120660656","2324.7868007340626","discount_10"
"2025-10-05 01:00:00","6","4049.880170029753","3644.892153026778","4049.880170029753","discount_10"
"2025-10-05 02:00:00","7","2037.4390039579018","1833.6951035621116","2037.4390039579018","free_delivery"
"2025-10-05 03:00:00","5","1860.4308043344645","1674.387723901018","1860.4308043344645","no_promo"
"2025-10-05 04:00:00","0","779.4154534138069","701.4739080724262","779.4154534138069","no_promo"
"2025-10-05 05:00:00","4","2246.0414971787086","2021.4373474608378","2246.0414971787086","no_promo"
"2025-10-05 06:00:00","5","1804.374858390006","1623.9373725510054","1804.374858390006","discount_10"
"2025-10-05 07:00:00","7","2912.9674414793326","2621.6706973313994","2912.9674414793326","no_promo"
"2025-10-05 08:00:00","18","5970.067141696306","5373.060427526675","5970.067141696306","no_promo"
"2025-10-05 09:00:00","26","12401.266298690705","11161.139668821635","12401.266298690705","discount_20"
"2025-10-05 10:00:00","27","10337.502940843426","9303.752646759083","10337.502940843426","combo_deal"
"2025-10-05 11:00:00","42","13883.565413903843","12495.20887251346","13883.565413903843","no_promo"
"2025-10-05 12:00:00","35","16081.594073771485","14473.434666394336","16081.594073771485","free_delivery"
"2025-10-05 13:00:00","53","24023.57961593443","21621.22165434099","24023.57961593443","combo_deal"
"2025-10-05 14:00:00","45","15936.553053437383","14342.897748093645","15936.553053437383","free_delivery"
"2025-10-05 15:00:00","20","8064.367585474697","7257.930826927228","8064.367585474697","combo_deal"
"2025-10-05 16:00:00","28","11570.383429014097","10413.345086112688","11570.383429014097","combo_deal"
"2025-10-05 17:00:00","26","11851.350057641133","10666.21505187702","11851.350057641133","discount_20"
"2025-10-05 18:00:00","30","12250.53354418274","11025.480189764465","12250.53354418274","free_delivery"
"2025-10-05 19:00:00","38","14897.7140692859","13407.942662357309","14897.7140692859","discount_20"
"2025-10-05 20:00:00","46","17640.37046641107","15876.333419769964","17640.37046641107","combo_deal"
"2025-10-05 21:00:00","51","22398.56744853512","20158.71070368161","22398.56744853512","combo_deal"
"2025-10-05 22:00:00","16","5517.296342019566","4965.566707817609","5517.296342019566","no_promo"
"2025-10-05 23:00:00","7","2013.0357377072573","1811.7321639365316","2013.0357377072573","no_promo"
"2025-10-06 00:00:00","7","2649.3758503456193","2384.4382653110574","2649.3758503456193","combo_deal"
"2025-10-06 01:00:00","4","1416.1403316734015","1274.5262985060615","1416.1403316734015","discount_20"
"2025-10-06 02:00:00","5","2326.905648470125","2094.2150836231126","2326.905648470125","discount_10"
"2025-10-06 03:00:00","6","3297.3388392364486","2967.6049553128037","3297.3388392364486","discount_10"
"2025-10-06 04:00:00","1","1480.8416540257272","1332.7574886231546","1480.8416540257272","discount_10"
"2025-10-06 05:00:00","0","796.2168386241582","716.5951547617424","796.2168386241582","discount_10"
"2025-10-06 06:00:00","6","2948.5458074867224","2653.6912267380503","2948.5458074867224","free_delivery"
"2025-10-06 07:00:00","4","1940.5635352576708","1746.5071817319038","1940.5635352576708","combo_deal"
"2025-10-06 08:00:00","16","7997.488168081843","7197.739351273658","7997.488168081843","free_delivery"
"2025-10-06 09:00:00","19","8239.303803169525","7415.373422852573","8239.303803169525","discount_20"
"2025-10-06 10:00:00","23","7353.569857411363","6618.212871670227","7353.569857411363","no_promo"
"2025-10-06 11:00:00","32","12885.018201741557","11596.516381567402","12885.018201741557","combo_deal"
"2025-10-06 12:00:00","21","8013.286699889309","7211.958029900378","8013.286699889309","no_promo"
"2025-10-06 13:00:00","25","8464.087241406354","7617.678517265719","8464.087241406354","combo_deal"
"2025-10-06 14:00:00","26","10264.115057759223","9237.7035519833","10264.115057759223","discount_10"
"2025-10-06 15:00:00","16","5182.108203465583","4663.897383119025","5182.108203465583","free_delivery"
"2025-10-06 16:00:00","4","2096.771769400543","1887.0945924604885","2096.771769400543","no_promo"
"2025-10-06 17:00:00","15","5988.442887792213","5389.598599012992","5988.442887792213","no_promo"
"2025-10-06 18:00:00","26","10483.690913979366","9435.321822581429","10483.690913979366","discount_20"
"2025-10-06 19:00:00","35","14783.076922864893","13304.769230578404","14783.076922864893","combo_deal"
"2025-10-06 20:00:00","20","7074.75676363439","6367.2810872709515","7074.75676363439","no_promo"
"2025-10-06 21:00:00","26","10073.880848969886","9066.492764072898","10073.880848969886","free_delivery"
"2025-10-06 22:00:00","14","5444.204244844184","4899.783820359766","5444.204244844184","no_promo"
"2025-10-06 23:00:00","1","999.9693677365001","899.9724309628501","999.9693677365001","free_delivery"
"2025-10-07 00:00:00","3","477.03862675758745","429.3347640818287","477.03862675758745","free_delivery"
"2025-10-07 01:00:00","6","2403.677497203536","2163.3097474831825","2403.677497203536","free_delivery"
"2025-10-07 02:00:00","10","3692.3894399473506","3323.1504959526155","3692.3894399473506","combo_deal"
"2025-10-07 03:00:00","4","2796.589871677588","2516.930884509829","2796.589871677588","free_delivery"
"2025-10-07 04:00:00","2","1609.5643698580352","1448.6079328722317","1609.5643698580352","free_delivery"
"2025-10-07 05:00:00","0","0.0","0.0","0.0","no_promo"
"2025-10-07 06:00:00","1","649.4004431476454","584.4603988328809","649.4004431476454","no_promo"
"2025-10-07 07:00:00","6","3197.785800531625","2878.0072204784624","3197.785800531625","discount_10"
"2025-10-07 08:00:00","15","7246.397213914044","6521.75749252264","7246.397213914044","combo_deal"
"2025-10-07 09:00:00","16","7056.519204003107","6350.867283602796","7056.519204003107","combo_deal"
"2025-10-07 10:00:00","6","3501.57059025729","3151.413531231561","3501.57059025729","free_delivery"
"2025-10-07 11:00:00","19","9418.251553217706","8476.426397895935","9418.251553217706","discount_10"
"2025-10-07 12:00:00","33","15150.959031125882","13635.863128013294","15150.959031125882","free_delivery"
"2025-10-07 13:00:00","23","9282.41211096601","8354.170899869408","9282.41211096601","discount_10"
"2025-10-07 14:00:00","31","13932.642260028366","12539.378034025529","13932.642260028366","discount_20"
"2025-10-07 15:00:00","26","9121.340808201086","8209.206727380979","9121.340808201086","combo_deal"
"2025-10-07 16:00:00","15","4837.453365004485","4353.7080285040365","4837.453365004485","no_promo"
"2025-10-07 17:00:00","21","7783.599592015047","7005.239632813543","7783.599592015047","combo_deal"
"2025-10-07 18:00:00","37","18181.83965734097","16363.655691606873","18181.83965734097","combo_deal"
"2025-10-07 19:00:00","45","18039.571325543176","16235.61419298886","18039.571325543176","discount_20"
"2025-10-07 20:00:00","17","7121.949007713088","6409.754106941779","7121.949007713088","no_promo"
"2025-10-07 21:00:00","41","16585.679596582748","14927.111636924474","16585.679596582748","discount_20"
"2025-10-07 22:00:00","17","8604.535769751714","7744.082192776543","8604.535769751714","combo_deal"
"2025-10-07 23:00:00","9","3122.4794767069066","2810.2315290362158","3122.4794767069066","no_promo"
"2025-10-08 00:00:00","3","1786.7726360851698","1608.0953724766528","1786.7726360851698","combo_deal"
"2025-10-08 01:00:00","5","2450.5819854082047","2205.5237868673844","2450.5819854082047","combo_deal"
"2025-10-08 02:00:00","4","988.0686885065958","889.2618196559362","988.0686885065958","free_delivery"
"2025-10-08 03:00:00","5","2054.67976006778","1849.2117840610022","2054.67976006778","no_promo"
"2025-10-08 04:00:00","8","3741.7726332493967","3367.595369924457","3741.7726332493967","combo_deal"
"2025-10-08 05:00:00","3","1529.8109336496766","1376.829840284709","1529.8109336496766","no_promo"
"2025-10-08 06:00:00","6","2681.514714844283","2413.3632433598546","2681.514714844283","free_delivery"
"2025-10-08 07:00:00","2","1697.3792545849783","1527.6413291264805","1697.3792545849783","free_delivery"
"2025-10-08 08:00:00","20","6887.716426459169","6198.944783813253","6887.716426459169","discount_20"
"2025-10-08 09:00:00","8","4296.959201548543","3867.263281393689","4296.959201548543","discount_10"
"2025-10-08 10:00:00","18","6291.779508307597","5662.601557476837","6291.779508307597","combo_deal"
"2025-10-08 11:00:00","25","12204.537102647828","10984.083392383045","12204.537102647828","discount_10"
"2025-10-08 12:00:00","23","8674.349729646428","7806.914756681786","8674.349729646428","no_promo"
"2025-10-08 13:00:00","13","4630.674186701949","4167.606768031755","4630.674186701949","no_promo"
"2025-10-08 14:00:00","27","9098.486733469585","8188.6380601226265","9098.486733469585","discount_20"
"2025-10-08 15:00:00","14","6107.421760998981","5496.679584899083","6107.421760998981","discount_20"
"2025-10-08 16:00:00","14","6193.007485095265","5573.706736585738","6193.007485095265","free_delivery"
"2025-10-08 17:00:00","8","4277.163858439771","3849.4474725957934","4277.163858439771","free_delivery"
"2025-10-08 18:00:00","31","13565.502008641897","12208.951807777708","13565.502008641897","free_delivery"
"2025-10-08 19:00:00","30","13751.281695936374","12376.153526342736","13751.281695936374","free_delivery"
"2025-10-08 20:00:00","29","11893.533047742212","10704.179742967992","11893.533047742212","free_delivery"
"2025-10-08 21:00:00","29","10592.103411866967","9532.893070680271","10592.103411866967","free_delivery"
"2025-10-08 22:00:00","19","7656.525097431697","6890.872587688527","7656.525097431697","discount_10"
"2025-10-08 23:00:00","4","836.1455335757062","752.5309802181356","836.1455335757062","discount_10"
"2025-10-09 00:00:00","3","1394.6874004077777","1255.218660367","1394.6874004077777","no_promo"
"2025-10-09 01:00:00","4","1609.3705987902986","1448.4335389112687","1609.3705987902986","combo_deal"
"2025-10-09 02:00:00","9","3415.430186014287","3073.887167412858","3415.430186014287","free_delivery"
"2025-10-09 03:00:00","9","2881.0371941882304","2592.9334747694074","2881.0371941882304","no_promo"
"2025-10-09 04:00:00","8","3361.322620992376","3025.1903588931386","3361.322620992376","discount_10"
"2025-10-09 05:00:00","4","1885.2301865020884","1696.7071678518796","1885.2301865020884","free_delivery"
"2025-10-09 06:00:00","3","840.6573571909558","756.5916214718603","840.6573571909558","discount_10"
"2025-10-09 07:00:00","2","789.7607575289043","710.7846817760138","789.7607575289043","no_promo"
"2025-10-09 08:00:00","14","5711.109800307424","5139.998820276682","5711.109800307424","discount_20"
"2025-10-09 09:00:00","17","7742.998814790779","6968.698933311701","7742.998814790779","discount_20"
"2025-10-09 10:00:00","17","6651.464199902684","5986.317779912416","6651.464199902684","combo_deal"
"2025-10-09 11:00:00","42","13146.821301663824","11832.139171497442","13146.821301663824","combo_deal"
"2025-10-09 12:00:00","18","6525.807824430593","5873.227041987534","6525.807824430593","no_promo"
"2025-10-09 13:00:00","32","9243.509167452274","8319.158250707047","9243.509167452274","free_delivery"
"2025-10-09 14:00:00","28","12890.161430032547","11601.145287029292","12890.161430032547","combo_deal"
"2025-10-09 15:00:00","23","10201.666117252007","9181.499505526806","10201.666117252007","free_delivery"
"2025-10-09 16:00:00","18","6937.570199956951","6243.813179961256","6937.570199956951","combo_deal"
"2025-10-09 17:00:00","27","11927.988663859542","10735.189797473588","11927.988663859542","combo_deal"
"2025-10-09 18:00:00","26","10480.715827693759","9432.644244924384","10480.715827693759","free_delivery"
"2025-10-09 19:00:00","42","17971.19961412148","16174.079652709333","17971.19961412148","discount_20"
"2025-10-09 20:00:00","37","12283.05305505188","11054.747749546692","12283.05305505188","discount_20"
"2025-10-09 21:00:00","21","7302.774574949064","6572.497117454158","7302.774574949064","no_promo"
"2025-10-09 22:00:00","16","6535.952015955625","5882.356814360062","6535.952015955625","discount_20"
"2025-10-09 23:00:00","2","327.43826794605","294.694441151445","327.43826794605","no_promo"
"2025-10-10 00:00:00","0","453.46676876941393","408.12009189247254","453.46676876941393","discount_10"
"2025-10-10 01:00:00","3","1407.5188374721183","1266.7669537249064","1407.5188374721183","combo_deal"
"2025-10-10 02:00:00","9","3196.7883506717635","2877.109515604587","3196.7883506717635","no_promo"
"2025-10-10 03:00:00","10","3696.5500059765677","3326.895005378911","3696.5500059765677","discount_20"
"2025-10-10 04:00:00","5","2593.797771830993","2334.417994647894","2593.797771830993","combo_deal"
"2025-10-10 05:00:00","6","3189.1487120845723","2870.233840876115","3189.1487120845723","discount_10"
"2025-10-10 06:00:00","2","2206.537386406967","1985.8836477662703","2206.537386406967","discount_10"
"2025-10-10 07:00:00","6","1765.7272467904327","1589.1545221113895","1765.7272467904327","free_delivery"
"2025-10-10 08:00:00","19","7405.235199424568","6664.711679482111","7405.235199424568","no_promo"
"2025-10-10 09:00:00","15","6763.37304725073","6087.035742525658","6763.37304725073","no_promo"
"2025-10-10 10:00:00","24","8326.918395866393","7494.226556279754","8326.918395866393","discount_20"
"2025-10-10 11:00:00","26","11950.576183537074","10755.518565183367","11950.576183537074","discount_10"
"2025-10-10 12:00:00","28","10907.841841683705","9817.057657515335","10907.841841683705","free_delivery"
"2025-10-10 13:00:00","27","12063.938376213466","10857.54453859212","12063.938376213466","discount_20"
"2025-10-10 14:00:00","38","13432.594827176888","12089.3353444592","13432.594827176888","combo_deal"
"2025-10-10 15:00:00","13","5185.535340785165","4666.981806706649","5185.535340785165","no_promo"
"2025-10-10 16:00:00","20","7900.790140264003","7110.711126237603","7900.790140264003","discount_20"
"2025-10-10 17:00:00","13","5175.789447096904","4658.210502387214","5175.789447096904","discount_10"
"2025-10-10 18:00:00","34","14077.57753227921","12669.81977905129","14077.57753227921","discount_20"
"2025-10-10 19:00:00","28","7714.447293499103","6943.002564149193","7714.447293499103","free_delivery"
"2025-10-10 20:00:00","35","15670.915629679328","14103.824066711395","15670.915629679328","combo_deal"
"2025-10-10 21:00:00","30","12447.754992063134","11202.97949285682","12447.754992063134","free_delivery"
"2025-10-10 22:00:00","21","7528.994478226906","6776.095030404215","7528.994478226906","free_delivery"
"2025-10-10 23:00:00","1","1434.7763105272084","1291.2986794744875","1434.7763105272084","free_delivery"
"2025-10-11 00:00:00","2","194.40338468505547","174.96304621654994","194.40338468505547","no_promo"
"2025-10-11 01:00:00","6","2409.888286565905","2168.8994579093146","2409.888286565905","no_promo"
"2025-10-11 02:00:00","7","3827.462880562284","3444.716592506056","3827.462880562284","discount_10"
"2025-10-11 03:00:00","9","4152.683138423166","3737.4148245808497","4152.683138423166","combo_deal"
"2025-10-11 04:00:00","5","2283.3790929385455","2055.041183644691","2283.3790929385455","combo_deal"
"2025-10-11 05:00:00","9","2449.9679268996915","2204.9711342097225","2449.9679268996915","discount_20"
"2025-10-11 06:00:00","5","2226.2224619371177","2003.600215743406","2226.2224619371177","combo_deal"
"2025-10-11 07:00:00","0","425.72144579605265","383.1493012164474","425.72144579605265","discount_10"
"2025-10-11 08:00:00","30","9656.93933060225","8691.245397542025","9656.93933060225","discount_10"
"2025-10-11 09:00:00","26","12737.282225011262","11463.554002510136","12737.282225011262","free_delivery"
"2025-10-11 10:00:00","21","9426.429561576304","8483.786605418674","9426.429561576304","free_delivery"
"2025-10-11 11:00:00","45","18618.93797519142","16757.04417767228","18618.93797519142","combo_deal"
"2025-10-11 12:00:00","39","14983.672298079078","13485.305068271171","14983.672298079078","discount_10"
"2025-10-11 13:00:00","53","23296.22248683338","20966.600238150044","23296.22248683338","combo_deal"
"2025-10-11 14:00:00","31","12411.623478393753","11170.461130554377","12411.623478393753","discount_10"
"2025-10-11 15:00:00","15","5930.156606647189","5337.14094598247","5930.156606647189","no_promo"
"2025-10-11 16:00:00","18","7916.8092315175445","7125.12830836579","7916.8092315175445","discount_10"
"2025-10-11 17:00:00","15","5926.711128373073","5334.040015535766","5926.711128373073","no_promo"
"2025-10-11 18:00:00","54","26198.211730089155","23578.39055708024","26198.211730089155","free_delivery"
"2025-10-11 19:00:00","39","13183.45533439726","11865.109800957534","13183.45533439726","no_promo"
"2025-10-11 20:00:00","47","16217.31514737728","14595.583632639551","16217.31514737728","discount_20"
"2025-10-11 21:00:00","39","14582.731616613777","13124.458454952399","14582.731616613777","discount_20"
"2025-10-11 22:00:00","18","7367.968543157507","6631.171688841757","7367.968543157507","discount_20"
"2025-10-11 23:00:00","10","4076.882228619776","3669.1940057577985","4076.882228619776","combo_deal"
"2025-10-12 00:00:00","4","2188.8279709952662","1969.9451738957396","2188.8279709952662","combo_deal"
"2025-10-12 01:00:00","10","3478.0491319694293","3130.2442187724864","3478.0491319694293","combo_deal"
"2025-10-12 02:00:00","9","3432.814794116006","3089.5333147044053","3432.814794116006","combo_deal"
"2025-10-12 03:00:00","13","5382.373153973796","4844.135838576417","5382.373153973796","free_delivery"
"2025-10-12 04:00:00","7","2374.973321188847","2137.4759890699625","2374.973321188847","discount_10"
"2025-10-12 05:00:00","6","2304.2181427103656","2073.796328439329","2304.2181427103656","no_promo"
"2025-10-12 06:00:00","9","2646.3324411544745","2381.6991970390272","2646.3324411544745","no_promo"
"2025-10-12 07:00:00","7","3588.018024754637","3229.216222279173","3588.018024754637","discount_20"
"2025-10-12 08:00:00","29","11346.005246620345","10211.404721958312","11346.005246620345","combo_deal"
"2025-10-12 09:00:00","18","8316.010873857205","7484.409786471485","8316.010873857205","combo_deal"
"2025-10-12 10:00:00","22","9383.268042698963","8444.941238429066","9383.268042698963","free_delivery"
"2025-10-12 11:00:00","42","17997.7084584969","16197.937612647213","17997.7084584969","discount_10"
"2025-10-12 12:00:00","41","19734.898091244777","17761.4082821203","19734.898091244777","combo_deal"
"2025-10-12 13:00:00","48","20806.076131118025","18725.468518006222","20806.076131118025","combo_deal"
"2025-10-12 14:00:00","41","11390.293302631877","10251.26397236869","11390.293302631877","discount_20"
"2025-10-12 15:00:00","23","10734.877743771245","9661.38996939412","10734.877743771245","discount_20"
"2025-10-12 16:00:00","17","7380.70145216846","6642.631306951614","7380.70145216846","combo_deal"
"2025-10-12 17:00:00","24","8427.977544633004","7585.179790169704","8427.977544633004","discount_20"
"2025-10-12 18:00:00","43","15298.476695512905","13768.629025961614","15298.476695512905","discount_10"
"2025-10-12 19:00:00","26","10975.332662845572","9877.799396561015","10975.332662845572","discount_20"
"2025-10-12 20:00:00","27","9910.535358381294","8919.481822543165","9910.535358381294","no_promo"
"2025-10-12 21:00:00","47","22686.00096740083","20417.400870660746","22686.00096740083","discount_20"
"2025-10-12 22:00:00","20","8097.768332486712","7287.991499238041","8097.768332486712","no_promo"
"2025-10-12 23:00:00","8","3309.7731662551105","2978.7958496295996","3309.7731662551105","discount_10"
"2025-10-13 00:00:00","2","1824.8227783309062","1642.3405004978156","1824.8227783309062","combo_deal"
"2025-10-13 01:00:00","5","2347.0471589263893","2112.3424430337504","2347.0471589263893","discount_20"
"2025-10-13 02:00:00","1","1677.9562479318035","1510.1606231386231","1677.9562479318035","free_delivery"
"2025-10-13 03:00:00","6","1913.1192107547758","1721.8072896792983","1913.1192107547758","discount_20"
"2025-10-13 04:00:00","6","2170.290053560214","1953.2610482041925","2170.290053560214","free_delivery"
"2025-10-13 05:00:00","0","208.85702841591203","187.97132557432082","208.85702841591203","discount_20"
"2025-10-13 06:00:00","3","937.948649282988","844.1537843546892","937.948649282988","combo_deal"
"2025-10-13 07:00:00","5","2199.392014359028","1979.4528129231253","2199.392014359028","discount_10"
"2025-10-13 08:00:00","20","8099.655363063959","7289.689826757563","8099.655363063959","combo_deal"
"2025-10-13 09:00:00","18","5270.968059828341","4743.871253845507","5270.968059828341","combo_deal"
"2025-10-13 10:00:00","16","7480.684993052236","6732.616493747012","7480.684993052236","discount_10"
"2025-10-13 11:00:00","35","16492.829856634708","14843.546870971237","16492.829856634708","discount_10"
"2025-10-13 12:00:00","31","14930.340234335075","13437.306210901568","14930.340234335075","combo_deal"
"2025-10-13 13:00:00","19","7210.774777392828","6489.697299653545","7210.774777392828","no_promo"
"2025-10-13 14:00:00","31","10843.969209369783","9759.572288432804","10843.969209369783","free_delivery"
"2025-10-13 15:00:00","8","2307.1092667815838","2076.3983401034257","2307.1092667815838","discount_10"
"2025-10-13 16:00:00","11","5022.746131120977","4520.47151800888","5022.746131120977","free_delivery"
"2025-10-13 17:00:00","11","5452.397706671491","4907.1579360043415","5452.397706671491","discount_10"
"2025-10-13 18:00:00","38","19863.488690620106","17877.139821558096","19863.488690620106","combo_deal"
"2025-10-13 19:00:00","31","15560.657400499835","14004.59166044985","15560.657400499835","combo_deal"
"2025-10-13 20:00:00","23","10740.80645311299","9666.725807801691","10740.80645311299","free_delivery"
"2025-10-13 21:00:00","15","5534.057591408086","4980.651832267278","5534.057591408086","no_promo"
"2025-10-13 22:00:00","18","7809.2414839775765","7028.317335579819","7809.2414839775765","discount_10"
"2025-10-13 23:00:00","2","1035.000560285372","931.5005042568349","1035.000560285372","combo_deal"
"2025-10-14 00:00:00","12","3912.838647558025","3521.5547828022227","3912.838647558025","combo_deal"
"2025-10-14 01:00:00","4","1889.1578561786441","1700.2420705607797","1889.1578561786441","no_promo"
"2025-10-14 02:00:00","5","1279.0231273456998","1151.1208146111298","1279.0231273456998","combo_deal"
"2025-10-14 03:00:00","5","1303.3621758417587","1173.025958257583","1303.3621758417587","discount_10"
"2025-10-14 04:00:00","9","4909.459103393368","4418.513193054032","4909.459103393368","discount_20"
"2025-10-14 05:00:00","3","1404.104745801352","1263.694271221217","1404.104745801352","no_promo"
"2025-10-14 06:00:00","2","1329.7687880388098","1196.7919092349289","1329.7687880388098","combo_deal"
"2025-10-14 07:00:00","4","639.4891951851708","575.5402756666538","639.4891951851708","no_promo"
"2025-10-14 08:00:00","29","10209.012974325933","9188.11167689334","10209.012974325933","combo_deal"
"2025-10-14 09:00:00","19","7092.390724268181","6383.151651841363","7092.390724268181","combo_deal"
"2025-10-14 10:00:00","14","6826.317751831204","6143.685976648084","6826.317751831204","free_delivery"
"2025-10-14 11:00:00","23","7526.815242195687","6774.133717976118","7526.815242195687","no_promo"
"2025-10-14 12:00:00","19","8941.097923030511","8046.98813072746","8941.097923030511","discount_10"
"2025-10-14 13:00:00","27","10386.147655217048","9347.532889695343","10386.147655217048","free_delivery"
"2025-10-14 14:00:00","25","12011.015839615999","10809.9142556544","12011.015839615999","discount_20"
"2025-10-14 15:00:00","13","5619.478953905989","5057.53105851539","5619.478953905989","discount_20"
"2025-10-14 16:00:00","23","7415.200231124022","6673.68020801162","7415.200231124022","free_delivery"
"2025-10-14 17:00:00","18","6485.671096335632","5837.103986702069","6485.671096335632","discount_20"
"2025-10-14 18:00:00","21","9408.613861397518","8467.752475257766","9408.613861397518","discount_10"
"2025-10-14 19:00:00","32","11744.65039673996","10570.185357065964","11744.65039673996","discount_20"
"2025-10-14 20:00:00","29","11484.477349197841","10336.029614278057","11484.477349197841","combo_deal"
"2025-10-14 21:00:00","38","16366.123748057867","14729.51137325208","16366.123748057867","combo_deal"
"2025-10-14 22:00:00","19","7844.077815055315","7059.6700335497835","7844.077815055315","combo_deal"
"2025-10-14 23:00:00","8","3171.0208684015543","2853.918781561399","3171.0208684015543","discount_10"
"2025-10-15 00:00:00","3","1255.2717133864608","1129.7445420478148","1255.2717133864608","no_promo"
"2025-10-15 01:00:00","4","1094.4320755489466","984.9888679940519","1094.4320755489466","no_promo"
"2025-10-15 02:00:00","3","1332.7885909956663","1199.5097318960998","1332.7885909956663","discount_10"
"2025-10-15 03:00:00","6","2772.5084982627345","2495.2576484364613","2772.5084982627345","combo_deal"
"2025-10-15 04:00:00","6","1646.572495435889","1481.9152458923002","1646.572495435889","no_promo"
"2025-10-15 05:00:00","8","2165.1559681347017","1948.6403713212314","2165.1559681347017","combo_deal"
"2025-10-15 06:00:00","3","366.3855327151215","329.74697944360935","366.3855327151215","no_promo"
"2025-10-15 07:00:00","8","3286.5229990980147","2957.870699188213","3286.5229990980147","no_promo"
"2025-10-15 08:00:00","22","8833.12868017725","7949.815812159524","8833.12868017725","free_delivery"
"2025-10-15 09:00:00","19","9778.63744953001","8800.773704577008","9778.63744953001","discount_20"
"2025-10-15 10:00:00","17","5314.559771189369","4783.103794070432","5314.559771189369","no_promo"
"2025-10-15 11:00:00","38","17474.485513644428","15727.036962279984","17474.485513644428","discount_20"
"2025-10-15 12:00:00","29","10533.821163637045","9480.439047273341","10533.821163637045","no_promo"
"2025-10-15 13:00:00","31","14379.225487217815","12941.302938496034","14379.225487217815","combo_deal"
"2025-10-15 14:00:00","32","14430.997207509774","12987.897486758797","14430.997207509774","discount_20"
"2025-10-15 15:00:00","19","7041.587938932262","6337.429145039036","7041.587938932262","combo_deal"
"2025-10-15 16:00:00","13","4372.325301895797","3935.0927717062173","4372.325301895797","no_promo"
"2025-10-15 17:00:00","15","6759.623816739792","6083.661435065813","6759.623816739792","discount_10"
"2025-10-15 18:00:00","30","12552.010365985925","11296.809329387333","12552.010365985925","discount_20"
"2025-10-15 19:00:00","22","9863.166697608112","8876.850027847302","9863.166697608112","free_delivery"
"2025-10-15 20:00:00","22","10620.36790057042","9558.331110513378","10620.36790057042","discount_10"
"2025-10-15 21:00:00","37","16535.335345102958","14881.801810592662","16535.335345102958","discount_20"
"2025-10-15 22:00:00","17","7211.3711971780585","6490.234077460253","7211.3711971780585","combo_deal"
"2025-10-15 23:00:00","4","2353.1814199642945","2117.863277967865","2353.1814199642945","discount_10"
"2025-10-16 00:00:00","8","3333.9204420678525","3000.5283978610673","3333.9204420678525","discount_20"
"2025-10-16 01:00:00","6","2567.595262115956","2310.8357359043603","2567.595262115956","discount_20"
"2025-10-16 02:00:00","4","2528.3448677443744","2275.510380969937","2528.3448677443744","free_delivery"
"2025-10-16 03:00:00","4","547.0057016483811","492.305131483543","547.0057016483811","free_delivery"
"2025-10-16 04:00:00","5","1953.3870451745024","1758.0483406570522","1953.3870451745024","free_delivery"
"2025-10-16 05:00:00","6","1761.6303657801884","1585.4673292021696","1761.6303657801884","discount_20"
"2025-10-16 06:00:00","7","2745.4757802774657","2470.928202249719","2745.4757802774657","discount_10"
"2025-10-16 07:00:00","8","1964.7314204721254","1768.2582784249128","1964.7314204721254","discount_20"
"2025-10-16 08:00:00","17","6717.746435417402","6045.971791875661","6717.746435417402","combo_deal"
"2025-10-16 09:00:00","24","9633.212174522552","8669.890957070298","9633.212174522552","discount_20"
"2025-10-16 10:00:00","24","9483.404556661611","8535.06410099545","9483.404556661611","free_delivery"
"2025-10-16 11:00:00","29","12205.051717368155","10984.54654563134","12205.051717368155","discount_20"
"2025-10-16 12:00:00","27","13337.786956484326","12004.008260835893","13337.786956484326","free_delivery"
"2025-10-16 13:00:00","30","12701.151207819203","11431.036087037282","12701.151207819203","free_delivery"
"2025-10-16 14:00:00","13","5780.7662049964965","5202.689584496847","5780.7662049964965","no_promo"
"2025-10-16 15:00:00","16","7775.505404846304","6997.9548643616745","7775.505404846304","combo_deal"
"2025-10-16 16:00:00","9","3252.648697669564","2927.3838279026077","3252.648697669564","no_promo"
"2025-10-16 17:00:00","20","10074.832257182463","9067.349031464217","10074.832257182463","discount_20"
"2025-10-16 18:00:00","26","8820.753524271997","7938.678171844797","8820.753524271997","free_delivery"
"2025-10-16 19:00:00","22","10684.252462264512","9615.827216038062","10684.252462264512","discount_10"
"2025-10-16 20:00:00","44","19556.650388875583","17600.985349988026","19556.650388875583","combo_deal"
"2025-10-16 21:00:00","17","6715.7512750838105","6044.176147575429","6715.7512750838105","no_promo"
"2025-10-16 22:00:00","24","9257.23129252776","8331.508163274984","9257.23129252776","discount_20"
"2025-10-16 23:00:00","5","1948.8409004144487","1753.956810373004","1948.8409004144487","no_promo"
"2025-10-17 00:00:00","7","2064.853859263627","1858.3684733372643","2064.853859263627","discount_20"
"2025-10-17 01:00:00","4","1848.3438106775052","1663.5094296097548","1848.3438106775052","discount_20"
"2025-10-17 02:00:00","5","2327.853128962679","2095.067816066411","2327.853128962679","combo_deal"
"2025-10-17 03:00:00","1","1184.7729983517436","1066.2956985165692","1184.7729983517436","free_delivery"
"2025-10-17 04:00:00","5","2636.343398317476","2372.7090584857283","2636.343398317476","discount_20"
"2025-10-17 05:00:00","6","2392.414935567665","2153.1734420108987","2392.414935567665","discount_10"
"2025-10-17 06:00:00","5","1477.1954084811432","1329.4758676330289","1477.1954084811432","discount_20"
"2025-10-17 07:00:00","2","999.8365503421232","899.8528953079109","999.8365503421232","discount_20"
"2025-10-17 08:00:00","15","7039.648962077633","6335.684065869869","7039.648962077633","discount_10"
"2025-10-17 09:00:00","22","6672.68742343833","6005.4186810944975","6672.68742343833","discount_20"
"2025-10-17 10:00:00","15","5587.776184034492","5028.998565631043","5587.776184034492","combo_deal"
"2025-10-17 11:00:00","30","9728.1216806958","8755.30951262622","9728.1216806958","free_delivery"
"2025-10-17 12:00:00","25","10420.495738473543","9378.446164626188","10420.495738473543","discount_10"
"2025-10-17 13:00:00","34","15171.480593081205","13654.332533773086","15171.480593081205","free_delivery"
"2025-10-17 14:00:00","24","7973.449601829011","7176.10464164611","7973.449601829011","discount_10"
"2025-10-17 15:00:00","6","2769.819802339506","2492.8378221055555","2769.819802339506","no_promo"
"2025-10-17 16:00:00","15","6588.657957431602","5929.792161688442","6588.657957431602","combo_deal"
"2025-10-17 17:00:00","12","3587.589650647636","3228.8306855828723","3587.589650647636","discount_20"
"2025-10-17 18:00:00","21","8875.985037521314","7988.386533769182","8875.985037521314","no_promo"
"2025-10-17 19:00:00","31","12347.48567611164","11112.737108500476","12347.48567611164","free_delivery"
"2025-10-17 20:00:00","30","12311.52353571809","11080.371182146282","12311.52353571809","discount_20"
"2025-10-17 21:00:00","14","4805.129980513846","4324.616982462461","4805.129980513846","no_promo"
"2025-10-17 22:00:00","16","6779.275246723282","6101.347722050954","6779.275246723282","free_delivery"
"2025-10-17 23:00:00","7","1998.4910293265798","1798.641926393922","1998.4910293265798","discount_20"
"2025-10-18 00:00:00","14","5840.468271719043","5256.421444547139","5840.468271719043","combo_deal"
"2025-10-18 01:00:00","5","1411.4836045042875","1270.3352440538588","1411.4836045042875","discount_10"
"2025-10-18 02:00:00","7","2687.0146956603417","2418.3132260943075","2687.0146956603417","no_promo"
"2025-10-18 03:00:00","15","6029.062427266006","5426.156184539405","6029.062427266006","combo_deal"
"2025-10-18 04:00:00","6","2189.893104618525","1970.9037941566723","2189.893104618525","no_promo"
"2025-10-18 05:00:00","9","4431.784565547086","3988.606108992377","4431.784565547086","discount_20"
"2025-10-18 06:00:00","9","3753.0447842799163","3377.740305851925","3753.0447842799163","free_delivery"
"2025-10-18 07:00:00","8","4152.133564383647","3736.9202079452825","4152.133564383647","discount_20"
"2025-10-18 08:00:00","16","7501.426294288797","6751.283664859918","7501.426294288797","no_promo"
"2025-10-18 09:00:00","25","8405.434506921094","7564.891056228985","8405.434506921094","combo_deal"
"2025-10-18 10:00:00","23","11508.0404882099","10357.23643938891","11508.0404882099","combo_deal"
"2025-10-18 11:00:00","42","18064.526556486093","16258.073900837484","18064.526556486093","discount_20"
"2025-10-18 12:00:00","52","22655.3328741334","20389.799586720063","22655.3328741334","combo_deal"
"2025-10-18 13:00:00","36","19023.588336817593","17121.229503135834","19023.588336817593","discount_10"
"2025-10-18 14:00:00","47","21693.379216660273","19524.041294994247","21693.379216660273","free_delivery"
"2025-10-18 15:00:00","30","12641.922915757968","11377.730624182172","12641.922915757968","combo_deal"
"2025-10-18 16:00:00","21","10190.683382630354","9171.615044367318","10190.683382630354","discount_20"
"2025-10-18 17:00:00","17","7307.3531139444185","6576.617802549977","7307.3531139444185","combo_deal"
"2025-10-18 18:00:00","46","18771.989144332616","16894.790229899354","18771.989144332616","combo_deal"
"2025-10-18 19:00:00","41","16040.39995626658","14436.359960639922","16040.39995626658","discount_20"
"2025-10-18 20:00:00","37","10817.546292753057","9735.791663477752","10817.546292753057","discount_10"
"2025-10-18 21:00:00","41","18676.000932961313","16808.40083966518","18676.000932961313","discount_20"
"2025-10-18 22:00:00","23","10099.775649182096","9089.798084263886","10099.775649182096","free_delivery"
"2025-10-18 23:00:00","6","2401.396187622239","2161.256568860015","2401.396187622239","free_delivery"
"2025-10-19 00:00:00","10","3380.721564661682","3042.649408195514","3380.721564661682","no_promo"
"2025-10-19 01:00:00","10","4457.42515812825","4011.682642315425","4457.42515812825","discount_20"
"2025-10-19 02:00:00","5","2764.3372043159084","2487.9034838843177","2764.3372043159084","discount_20"
"2025-10-19 03:00:00","3","2032.6305803591954","1829.3675223232758","2032.6305803591954","combo_deal"
"2025-10-19 04:00:00","5","1609.4622385322098","1448.5160146789888","1609.4622385322098","no_promo"
"2025-10-19 05:00:00","8","2739.0239984409","2465.12159859681","2739.0239984409","combo_deal"
"2025-10-19 06:00:00","8","2519.977274152534","2267.9795467372805","2519.977274152534","discount_20"
"2025-10-19 07:00:00","6","2120.9194039284234","1908.827463535581","2120.9194039284234","no_promo"
"2025-10-19 08:00:00","26","10031.710130845904","9028.539117761315","10031.710130845904","discount_10"
"2025-10-19 09:00:00","12","3705.2043334949185","3334.683900145427","3705.2043334949185","no_promo"
"2025-10-19 10:00:00","17","7575.405262959007","6817.864736663107","7575.405262959007","combo_deal"
"2025-10-19 11:00:00","44","19919.299728137292","17927.36975532356","19919.299728137292","free_delivery"
"2025-10-19 12:00:00","27","13255.779966339418","11930.201969705477","13255.779966339418","discount_10"
"2025-10-19 13:00:00","27","10744.396000887977","9669.95640079918","10744.396000887977","no_promo"
"2025-10-19 14:00:00","47","19968.96897981738","17972.072081835642","19968.96897981738","discount_20"
"2025-10-19 15:00:00","23","9409.960012723635","8468.964011451271","9409.960012723635","combo_deal"
"2025-10-19 16:00:00","31","16617.168080698124","14955.451272628312","16617.168080698124","discount_10"
"2025-10-19 17:00:00","18","7917.776841607729","7125.999157446956","7917.776841607729","free_delivery"
"2025-10-19 18:00:00","39","15299.974128193158","13769.976715373843","15299.974128193158","no_promo"
"2025-10-19 19:00:00","51","21076.787410873705","18969.108669786336","21076.787410873705","free_delivery"
"2025-10-19 20:00:00","43","21504.19836127712","19353.778525149406","21504.19836127712","discount_10"
"2025-10-19 21:00:00","38","17619.10000311518","15857.190002803663","17619.10000311518","combo_deal"
"2025-10-19 22:00:00","18","9281.69110932364","8353.521998391276","9281.69110932364","discount_10"
"2025-10-19 23:00:00","6","1625.3086916069974","1462.7778224462977","1625.3086916069974","discount_10"
"2025-10-20 00:00:00","5","1952.9525032978297","1757.6572529680468","1952.9525032978297","no_promo"
"2025-10-20 01:00:00","7","2629.8931507025254","2366.903835632273","2629.8931507025254","discount_10"
"2025-10-20 02:00:00","0","856.0655417952295","770.4589876157065","856.0655417952295","discount_20"
"2025-10-20 03:00:00","4","746.4319391561617","671.7887452405455","746.4319391561617","combo_deal"
"2025-10-20 04:00:00","1","752.8723207477235","677.5850886729512","752.8723207477235","free_delivery"
"2025-10-20 05:00:00","3","1513.8318392317824","1362.4486553086042","1513.8318392317824","no_promo"
"2025-10-20 06:00:00","6","1311.055042829079","1179.9495385461712","1311.055042829079","free_delivery"
"2025-10-20 07:00:00","3","1696.3497615307538","1526.7147853776785","1696.3497615307538","discount_10"
"2025-10-20 08:00:00","13","5856.562497954827","5270.906248159345","5856.562497954827","discount_10"
"2025-10-20 09:00:00","14","5675.785733728706","5108.207160355835","5675.785733728706","discount_10"
"2025-10-20 10:00:00","19","7453.822044167131","6708.439839750418","7453.822044167131","combo_deal"
"2025-10-20 11:00:00","21","6897.891107839648","6208.101997055683","6897.891107839648","discount_20"
"2025-10-20 12:00:00","24","11654.024645453856","10488.62218090847","11654.024645453856","discount_20"
"2025-10-20 13:00:00","26","11424.037365412725","10281.633628871454","11424.037365412725","discount_20"
"2025-10-20 14:00:00","21","10155.886111812455","9140.29750063121","10155.886111812455","no_promo"
"2025-10-20 15:00:00","17","6545.735440248587","5891.161896223729","6545.735440248587","discount_20"
"2025-10-20 16:00:00","21","7914.424711867268","7122.9822406805415","7914.424711867268","no_promo"
"2025-10-20 17:00:00","9","4718.1541346914855","4246.338721222337","4718.1541346914855","combo_deal"
"2025-10-20 18:00:00","35","14571.664427799282","13114.497985019354","14571.664427799282","discount_20"
"2025-10-20 19:00:00","27","9271.727715470488","8344.55494392344","9271.727715470488","combo_deal"
"2025-10-20 20:00:00","32","12370.46248681731","11133.41623813558","12370.46248681731","discount_10"
"2025-10-20 21:00:00","22","8100.472749018355","7290.42547411652","8100.472749018355","free_delivery"
"2025-10-20 22:00:00","12","4480.087393910907","4032.078654519816","4480.087393910907","free_delivery"
"2025-10-20 23:00:00","1","821.1146056134021","739.0031450520619","821.1146056134021","free_delivery"
"2025-10-21 00:00:00","0","798.3814731089386","718.5433257980447","798.3814731089386","discount_10"
"2025-10-21 01:00:00","7","1999.2550534535178","1799.3295481081661","1999.2550534535178","no_promo"
"2025-10-21 02:00:00","4","1935.8900688015253","1742.3010619213728","1935.8900688015253","combo_deal"
"2025-10-21 03:00:00","5","1607.0837281638892","1446.3753553475003","1607.0837281638892","no_promo"
"2025-10-21 04:00:00","3","1623.5643976392512","1461.2079578753262","1623.5643976392512","free_delivery"
"2025-10-21 05:00:00","7","1614.6380948297206","1453.1742853467485","1614.6380948297206","discount_20"
"2025-10-21 06:00:00","6","3017.5979479519783","2715.8381531567807","3017.5979479519783","discount_20"
"2025-10-21 07:00:00","0","628.8189714210482","565.9370742789434","628.8189714210482","free_delivery"
"2025-10-21 08:00:00","12","4268.771572815249","3841.894415533724","4268.771572815249","discount_10"
"2025-10-21 09:00:00","17","6686.772003576789","6018.09480321911","6686.772003576789","combo_deal"
"2025-10-21 10:00:00","15","6596.0116292070825","5936.410466286375","6596.0116292070825","discount_20"
"2025-10-21 11:00:00","30","11279.638014238617","10151.674212814756","11279.638014238617","combo_deal"
"2025-10-21 12:00:00","30","11035.08896226028","9931.580066034254","11035.08896226028","no_promo"
"2025-10-21 13:00:00","38","13550.111586606501","12195.100427945852","13550.111586606501","combo_deal"
"2025-10-21 14:00:00","30","11713.817853831506","10542.436068448356","11713.817853831506","discount_20"
"2025-10-21 15:00:00","16","6591.264306765557","5932.137876089002","6591.264306765557","free_delivery"
"2025-10-21 16:00:00","8","3423.8162080918073","3081.4345872826266","3423.8162080918073","no_promo"
"2025-10-21 17:00:00","22","11570.025312965712","10413.02278166914","11570.025312965712","combo_deal"
"2025-10-21 18:00:00","18","8270.85736169895","7443.771625529056","8270.85736169895","discount_20"
"2025-10-21 19:00:00","33","13176.145502759096","11858.530952483186","13176.145502759096","discount_10"
"2025-10-21 20:00:00","27","10167.112541601595","9150.401287441435","10167.112541601595","no_promo"
"2025-10-21 21:00:00","28","11667.740951777902","10500.966856600111","11667.740951777902","combo_deal"
"2025-10-21 22:00:00","11","6939.134811076563","6245.2213299689065","6939.134811076563","free_delivery"
"2025-10-21 23:00:00","4","1778.8765562786323","1600.988900650769","1778.8765562786323","discount_20"
"2025-10-22 00:00:00","5","3428.003024501396","3085.2027220512564","3428.003024501396","discount_20"
"2025-10-22 01:00:00","2","1572.2747510181746","1415.0472759163572","1572.2747510181746","free_delivery"
"2025-10-22 02:00:00","3","1702.287770189706","1532.0589931707354","1702.287770189706","combo_deal"
"2025-10-22 03:00:00","5","1802.9092584840507","1622.6183326356456","1802.9092584840507","no_promo"
"2025-10-22 04:00:00","6","3353.9016107960815","3018.5114497164736","3353.9016107960815","free_delivery"
"2025-10-22 05:00:00","5","2508.0499106273837","2257.2449195646454","2508.0499106273837","free_delivery"
"2025-10-22 06:00:00","1","222.98648733210297","200.68783859889268","222.98648733210297","no_promo"
"2025-10-22 07:00:00","7","1663.6389476881654","1497.275052919349","1663.6389476881654","no_promo"
"2025-10-22 08:00:00","18","7804.891798845513","7024.402618960962","7804.891798845513","free_delivery"
"2025-10-22 09:00:00","12","4596.002952248203","4136.402657023383","4596.002952248203","no_promo"
"2025-10-22 10:00:00","13","5535.664399055387","4982.097959149848","5535.664399055387","free_delivery"
"2025-10-22 11:00:00","24","7571.155077618586","6814.039569856727","7571.155077618586","discount_10"
"2025-10-22 12:00:00","18","6225.312909427546","5602.781618484792","6225.312909427546","discount_10"
"2025-10-22 13:00:00","28","12141.210824576377","10927.08974211874","12141.210824576377","discount_10"
"2025-10-22 14:00:00","25","11507.137028901458","10356.423326011312","11507.137028901458","discount_10"
"2025-10-22 15:00:00","14","6549.3242184544915","5894.391796609042","6549.3242184544915","discount_20"
"2025-10-22 16:00:00","15","4900.2626142622385","4410.236352836015","4900.2626142622385","no_promo"
"2025-10-22 17:00:00","15","5719.358364005791","5147.422527605212","5719.358364005791","discount_10"
"2025-10-22 18:00:00","36","17275.021736560808","15547.519562904727","17275.021736560808","discount_20"
"2025-10-22 19:00:00","34","16130.669633540623","14517.602670186561","16130.669633540623","free_delivery"
"2025-10-22 20:00:00","24","8442.245108393472","7598.020597554125","8442.245108393472","combo_deal"
"2025-10-22 21:00:00","24","12231.897786596952","11008.708007937257","12231.897786596952","discount_10"
"2025-10-22 22:00:00","9","4211.204233608914","3790.083810248023","4211.204233608914","no_promo"
"2025-10-22 23:00:00","6","2680.2897028728853","2412.260732585597","2680.2897028728853","discount_20"
"2025-10-23 00:00:00","2","2024.352223705514","1821.9170013349626","2024.352223705514","free_delivery"
"2025-10-23 01:00:00","0","0.0","0.0","0.0","no_promo"
"2025-10-23 02:00:00","5","1642.4195838621686","1478.1776254759518","1642.4195838621686","discount_20"
"2025-10-23 03:00:00","9","3482.1240020636164","3133.911601857255","3482.1240020636164","free_delivery"
"2025-10-23 04:00:00","7","2076.7939629140374","1869.1145666226337","2076.7939629140374","no_promo"
"2025-10-23 05:00:00","7","2585.610378989676","2327.0493410907084","2585.610378989676","combo_deal"
"2025-10-23 06:00:00","0","691.3844375316587","622.2459937784929","691.3844375316587","combo_deal"
"2025-10-23 07:00:00","5","2287.4912289360427","2058.7421060424385","2287.4912289360427","discount_10"
"2025-10-23 08:00:00","13","5149.775464072478","4634.797917665231","5149.775464072478","discount_20"
"2025-10-23 09:00:00","7","2935.156202493299","2641.640582243969","2935.156202493299","no_promo"
"2025-10-23 10:00:00","18","6925.263620355589","6232.73725832003","6925.263620355589","combo_deal"
"2025-10-23 11:00:00","34","14859.169505743119","13373.252555168807","14859.169505743119","free_delivery"
"2025-10-23 12:00:00","17","6094.6760338696695","5485.208430482703","6094.6760338696695","no_promo"
"2025-10-23 13:00:00","41","15062.886669316933","13556.59800238524","15062.886669316933","combo_deal"
"2025-10-23 14:00:00","37","15682.239246491688","14114.01532184252","15682.239246491688","combo_deal"
"2025-10-23 15:00:00","19","7248.995279572708","6524.095751615437","7248.995279572708","combo_deal"
"2025-10-23 16:00:00","15","5693.490634965647","5124.141571469082","5693.490634965647","combo_deal"
"2025-10-23 17:00:00","9","2898.7159628843956","2608.844366595956","2898.7159628843956","discount_10"
"2025-10-23 18:00:00","20","7744.7127546627025","6970.241479196432","7744.7127546627025","no_promo"
"2025-10-23 19:00:00","17","6697.252912531712","6027.527621278541","6697.252912531712","discount_10"
"2025-10-23 20:00:00","19","5684.637172183103","5116.173454964793","5684.637172183103","no_promo"
"2025-10-23 21:00:00","27","12825.305852546799","11542.77526729212","12825.305852546799","combo_deal"
"2025-10-23 22:00:00","12","3517.9779250321935","3166.1801325289744","3517.9779250321935","no_promo"
"2025-10-23 23:00:00","7","2171.317835577574","1954.1860520198165","2171.317835577574","no_promo"
"2025-10-24 00:00:00","2","289.97769910377133","260.9799291933942","289.97769910377133","combo_deal"
"2025-10-24 01:00:00","1","1424.5840801384966","1282.125672124647","1424.5840801384966","no_promo"
"2025-10-24 02:00:00","0","615.4258821326245","553.883293919362","615.4258821326245","no_promo"
"2025-10-24 03:00:00","3","573.1273729662968","515.8146356696672","573.1273729662968","free_delivery"
"2025-10-24 04:00:00","1","1333.9644032937456","1200.567962964371","1333.9644032937456","discount_20"
"2025-10-24 05:00:00","4","2379.8727229142646","2141.885450622838","2379.8727229142646","free_delivery"
"2025-10-24 06:00:00","1","125.50941967505014","112.95847770754513","125.50941967505014","discount_10"
"2025-10-24 07:00:00","5","3127.04071940259","2814.3366474623313","3127.04071940259","discount_10"
"2025-10-24 08:00:00","11","5307.495622500761","4776.746060250685","5307.495622500761","discount_20"
"2025-10-24 09:00:00","12","6755.383619599495","6079.845257639546","6755.383619599495","combo_deal"
"2025-10-24 10:00:00","19","9982.89933931982","8984.609405387839","9982.89933931982","free_delivery"
"2025-10-24 11:00:00","25","9427.145030663029","8484.430527596725","9427.145030663029","combo_deal"
"2025-10-24 12:00:00","37","13748.781416865333","12373.9032751788","13748.781416865333","combo_deal"
"2025-10-24 13:00:00","34","13250.01270516324","11925.011434646916","13250.01270516324","discount_20"
"2025-10-24 14:00:00","38","15687.547407700431","14118.792666930389","15687.547407700431","combo_deal"
"2025-10-24 15:00:00","7","3207.639301637793","2886.8753714740137","3207.639301637793","discount_10"
"2025-10-24 16:00:00","11","4232.1579633246665","3808.9421669922","4232.1579633246665","discount_10"
"2025-10-24 17:00:00","17","6550.2247901657165","5895.202311149145","6550.2247901657165","discount_20"
"2025-10-24 18:00:00","37","17248.249407391108","15523.424466651997","17248.249407391108","free_delivery"
"2025-10-24 19:00:00","42","17681.4417107745","15913.29753969705","17681.4417107745","combo_deal"
"2025-10-24 20:00:00","20","7926.028913945235","7133.426022550711","7926.028913945235","no_promo"
"2025-10-24 21:00:00","44","15707.807363832973","14137.026627449677","15707.807363832973","combo_deal"
"2025-10-24 22:00:00","12","5135.550879814999","4621.9957918334985","5135.550879814999","combo_deal"
"2025-10-24 23:00:00","3","1905.138928055871","1714.6250352502839","1905.138928055871","discount_10"
"2025-10-25 00:00:00","8","2233.088349914399","2009.779514922959","2233.088349914399","discount_10"
"2025-10-25 01:00:00","8","2292.4557951750644","2063.210215657558","2292.4557951750644","discount_20"
"2025-10-25 02:00:00","3","2058.6807893473756","1852.8127104126381","2058.6807893473756","discount_10"
"2025-10-25 03:00:00","5","2232.1012406452164","2008.8911165806949","2232.1012406452164","discount_20"
"2025-10-25 04:00:00","8","2227.2203410555153","2004.4983069499638","2227.2203410555153","discount_10"
"2025-10-25 05:00:00","8","3085.0226054526056","2776.520344907345","3085.0226054526056","free_delivery"
"2025-10-25 06:00:00","7","2790.869566685635","2511.782610017072","2790.869566685635","discount_20"
"2025-10-25 07:00:00","13","4329.919298980373","3896.927369082336","4329.919298980373","discount_20"
"2025-10-25 08:00:00","23","8703.411811954029","7833.070630758626","8703.411811954029","discount_20"
"2025-10-25 09:00:00","15","5005.502577531523","4504.95231977837","5005.502577531523","free_delivery"
"2025-10-25 10:00:00","12","4361.761587675489","3925.5854289079402","4361.761587675489","no_promo"
"2025-10-25 11:00:00","57","26609.259772596655","23948.333795336992","26609.259772596655","discount_20"
"2025-10-25 12:00:00","35","12393.485896176946","11154.137306559252","12393.485896176946","no_promo"
"2025-10-25 13:00:00","25","10617.65336462646","9555.888028163814","10617.65336462646","no_promo"
"2025-10-25 14:00:00","46","19174.41436005098","17256.972924045884","19174.41436005098","discount_20"
"2025-10-25 15:00:00","18","8603.851744618045","7743.466570156241","8603.851744618045","combo_deal"
"2025-10-25 16:00:00","18","6993.372437262812","6294.035193536531","6993.372437262812","combo_deal"
"2025-10-25 17:00:00","20","7381.567779450149","6643.411001505134","7381.567779450149","free_delivery"
"2025-10-25 18:00:00","50","17313.67613878696","15582.308524908263","17313.67613878696","discount_20"
"2025-10-25 19:00:00","49","21790.750079808167","19611.67507182735","21790.750079808167","combo_deal"
"2025-10-25 20:00:00","43","17176.75405680268","15459.078651122414","17176.75405680268","free_delivery"
"2025-10-25 21:00:00","34","14439.400030549303","12995.460027494373","14439.400030549303","discount_20"
"2025-10-25 22:00:00","16","7822.050322295372","7039.845290065835","7822.050322295372","discount_10"
"2025-10-25 23:00:00","6","1664.4341086997374","1497.9906978297638","1664.4341086997374","combo_deal"
"2025-10-26 00:00:00","9","3723.9412148518454","3351.547093366661","3723.9412148518454","combo_deal"
"2025-10-26 01:00:00","9","3146.110360014157","2831.4993240127415","3146.110360014157","no_promo"
"2025-10-26 02:00:00","9","3500.8779980962013","3150.790198286581","3500.8779980962013","discount_10"
"2025-10-26 03:00:00","6","3555.5710236165214","3200.0139212548693","3555.5710236165214","discount_20"
"2025-10-26 04:00:00","5","1575.8954568427557","1418.3059111584803","1575.8954568427557","free_delivery"
"2025-10-26 05:00:00","12","5061.4777038948805","4555.329933505393","5061.4777038948805","free_delivery"
"2025-10-26 06:00:00","5","2997.2735694214366","2697.546212479293","2997.2735694214366","discount_20"
"2025-10-26 07:00:00","0","1194.6523154002375","1075.1870838602138","1194.6523154002375","no_promo"
"2025-10-26 08:00:00","21","9598.53521811507","8638.681696303564","9598.53521811507","free_delivery"
"2025-10-26 09:00:00","25","11812.192106093733","10630.97289548436","11812.192106093733","discount_10"
"2025-10-26 10:00:00","12","5353.57269866843","4818.215428801587","5353.57269866843","discount_10"
"2025-10-26 11:00:00","28","10150.322678847695","9135.290410962925","10150.322678847695","discount_10"
"2025-10-26 12:00:00","46","22038.463089804896","19834.616780824406","22038.463089804896","combo_deal"
"2025-10-26 13:00:00","45","18243.90928060379","16419.51835254341","18243.90928060379","discount_20"
"2025-10-26 14:00:00","38","14106.523086966343","12695.87077826971","14106.523086966343","discount_10"
"2025-10-26 15:00:00","18","5331.729853504099","4798.55686815369","5331.729853504099","free_delivery"
"2025-10-26 16:00:00","17","6323.325555185089","5690.9929996665805","6323.325555185089","no_promo"
"2025-10-26 17:00:00","20","8692.181904255955","7822.96371383036","8692.181904255955","combo_deal"
"2025-10-26 18:00:00","46","21276.759103233442","19149.083192910097","21276.759103233442","discount_20"
"2025-10-26 19:00:00","45","18481.449958409074","16633.304962568167","18481.449958409074","combo_deal"
"2025-10-26 20:00:00","37","13993.024207492106","12593.721786742895","13993.024207492106","no_promo"
"2025-10-26 21:00:00","55","19378.608529635534","17440.74767667198","19378.608529635534","combo_deal"
"2025-10-26 22:00:00","19","8343.660679826613","7509.294611843952","8343.660679826613","no_promo"
"2025-10-26 23:00:00","0","468.19895520812304","421.37905968731076","468.19895520812304","discount_20"
"2025-10-27 00:00:00","10","3051.4025213237724","2746.2622691913953","3051.4025213237724","no_promo"
"2025-10-27 01:00:00","5","1802.812104017453","1622.5308936157078","1802.812104017453","free_delivery"
"2025-10-27 02:00:00","3","1834.144382404539","1650.7299441640853","1834.144382404539","no_promo"
"2025-10-27 03:00:00","4","2381.2405625331644","2143.116506279848","2381.2405625331644","no_promo"
"2025-10-27 04:00:00","6","1429.5820920164301","1286.623882814787","1429.5820920164301","discount_10"
"2025-10-27 05:00:00","6","1753.3952639353943","1578.0557375418548","1753.3952639353943","free_delivery"
"2025-10-27 06:00:00","6","2230.152216382491","2007.136994744242","2230.152216382491","discount_20"
"2025-10-27 07:00:00","3","976.3656959716003","878.7291263744403","976.3656959716003","discount_10"
"2025-10-27 08:00:00","20","7636.757119532552","6873.081407579297","7636.757119532552","discount_20"
"2025-10-27 09:00:00","19","8396.963036130544","7557.26673251749","8396.963036130544","discount_20"
"2025-10-27 10:00:00","17","5452.186734349181","4906.968060914263","5452.186734349181","combo_deal"
"2025-10-27 11:00:00","34","10633.136525723108","9569.822873150797","10633.136525723108","combo_deal"
"2025-10-27 12:00:00","12","5457.448212383737","4911.703391145364","5457.448212383737","no_promo"
"2025-10-27 13:00:00","34","12519.781868114072","11267.803681302665","12519.781868114072","discount_20"
"2025-10-27 14:00:00","39","14617.69647429564","13155.926826866076","14617.69647429564","no_promo"
"2025-10-27 15:00:00","14","5878.285313202594","5290.456781882334","5878.285313202594","no_promo"
"2025-10-27 16:00:00","13","5334.143462584598","4800.729116326138","5334.143462584598","combo_deal"
"2025-10-27 17:00:00","15","5575.957212330288","5018.361491097259","5575.957212330288","combo_deal"
"2025-10-27 18:00:00","25","8528.024495849651","7675.2220462646865","8528.024495849651","no_promo"
"2025-10-27 19:00:00","41","16200.307168007883","14580.276451207095","16200.307168007883","combo_deal"
"2025-10-27 20:00:00","37","19449.276436079585","17504.34879247163","19449.276436079585","discount_20"
"2025-10-27 21:00:00","41","16778.336702749133","15100.50303247422","16778.336702749133","combo_deal"
"2025-10-27 22:00:00","18","10241.24472317768","9217.120250859913","10241.24472317768","discount_10"
"2025-10-27 23:00:00","6","1297.6242197581826","1167.8617977823644","1297.6242197581826","free_delivery"
"2025-10-28 00:00:00","2","516.4972383127968","464.84751448151707","516.4972383127968","free_delivery"
"2025-10-28 01:00:00","4","1284.9555827421814","1156.4600244679632","1284.9555827421814","no_promo"
"2025-10-28 02:00:00","11","3089.363652453793","2780.4272872084134","3089.363652453793","combo_deal"
"2025-10-28 03:00:00","6","1701.905268029121","1531.714741226209","1701.905268029121","discount_10"
"2025-10-28 04:00:00","9","3365.161850965265","3028.6456658687384","3365.161850965265","discount_20"
"2025-10-28 05:00:00","5","971.0346168156825","873.9311551341143","971.0346168156825","combo_deal"
"2025-10-28 06:00:00","0","0.0","0.0","0.0","no_promo"
"2025-10-28 07:00:00","3","1583.6145625380732","1425.2531062842659","1583.6145625380732","discount_10"
"2025-10-28 08:00:00","10","4252.510618872429","3827.2595569851865","4252.510618872429","discount_10"
"2025-10-28 09:00:00","21","9212.59929940225","8291.339369462026","9212.59929940225","discount_20"
"2025-10-28 10:00:00","20","6692.013873242972","6022.8124859186755","6692.013873242972","free_delivery"
"2025-10-28 11:00:00","30","10155.646713875","9140.0820424875","10155.646713875","combo_deal"
"2025-10-28 12:00:00","40","13121.217703871145","11809.095933484032","13121.217703871145","combo_deal"
"2025-10-28 13:00:00","30","11346.524020088622","10211.87161807976","11346.524020088622","combo_deal"
"2025-10-28 14:00:00","21","8400.915725184415","7560.824152665974","8400.915725184415","no_promo"
"2025-10-28 15:00:00","11","4340.686137732453","3906.617523959208","4340.686137732453","discount_20"
"2025-10-28 16:00:00","15","6451.604627332852","5806.444164599567","6451.604627332852","combo_deal"
"2025-10-28 17:00:00","10","3689.3177815067984","3320.3860033561186","3689.3177815067984","no_promo"
"2025-10-28 18:00:00","31","13629.184892948566","12266.26640365371","13629.184892948566","discount_20"
"2025-10-28 19:00:00","21","7727.620087234881","6954.858078511393","7727.620087234881","discount_20"
"2025-10-28 20:00:00","30","10765.793193622543","9689.21387426029","10765.793193622543","combo_deal"
"2025-10-28 21:00:00","33","12664.501325376457","11398.051192838811","12664.501325376457","combo_deal"
"2025-10-28 22:00:00","16","5909.312520557052","5318.381268501347","5909.312520557052","free_delivery"
"2025-10-28 23:00:00","7","3168.2542930117916","2851.4288637106124","3168.2542930117916","combo_deal"
"2025-10-29 00:00:00","5","2390.6717166560284","2151.6045449904254","2390.6717166560284","discount_10"
"2025-10-29 01:00:00","3","1883.1619627015064","1694.8457664313557","1883.1619627015064","no_promo"
"2025-10-29 02:00:00","8","4078.6332302927713","3670.769907263494","4078.6332302927713","combo_deal"
"2025-10-29 03:00:00","3","2256.5723298982566","2030.915096908431","2256.5723298982566","combo_deal"
"2025-10-29 04:00:00","6","2715.970141941484","2444.3731277473357","2715.970141941484","discount_20"
"2025-10-29 05:00:00","8","3915.355183265765","3523.8196649391884","3915.355183265765","discount_20"
"2025-10-29 06:00:00","6","2274.030665419492","2046.6275988775428","2274.030665419492","no_promo"
"2025-10-29 07:00:00","10","3118.911509678004","2807.0203587102037","3118.911509678004","combo_deal"
"2025-10-29 08:00:00","14","4834.186722841858","4350.768050557672","4834.186722841858","no_promo"
"2025-10-29 09:00:00","26","8829.794977277437","7946.815479549694","8829.794977277437","combo_deal"
"2025-10-29 10:00:00","11","5862.277061885859","5276.049355697273","5862.277061885859","combo_deal"
"2025-10-29 11:00:00","24","9966.799511518173","8970.119560366356","9966.799511518173","no_promo"
"2025-10-29 12:00:00","27","13380.096822141575","12042.087139927418","13380.096822141575","combo_deal"
"2025-10-29 13:00:00","22","9098.378620794248","8188.540758714824","9098.378620794248","no_promo"
"2025-10-29 14:00:00","17","6041.520664595661","5437.368598136095","6041.520664595661","no_promo"
"2025-10-29 15:00:00","13","3802.614438738531","3422.3529948646783","3802.614438738531","no_promo"
"2025-10-29 16:00:00","11","5233.348493714307","4710.013644342876","5233.348493714307","discount_10"
"2025-10-29 17:00:00","13","5656.830856810782","5091.147771129704","5656.830856810782","discount_20"
"2025-10-29 18:00:00","22","8013.52631238995","7212.173681150955","8013.52631238995","no_promo"
"2025-10-29 19:00:00","32","15512.599674499153","13961.33970704924","15512.599674499153","combo_deal"
"2025-10-29 20:00:00","24","12636.453153291817","11372.807837962635","12636.453153291817","discount_10"
"2025-10-29 21:00:00","30","12507.305503758695","11256.574953382826","12507.305503758695","discount_20"
"2025-10-29 22:00:00","15","6227.553434983369","5604.798091485032","6227.553434983369","discount_20"
"2025-10-29 23:00:00","6","1399.8158127512006","1259.8342314760805","1399.8158127512006","discount_10"
"2025-10-30 00:00:00","4","1329.9346273249735","1196.941164592476","1329.9346273249735","combo_deal"
"2025-10-30 01:00:00","7","1625.9393411011947","1463.3454069910754","1625.9393411011947","free_delivery"
"2025-10-30 02:00:00","6","2411.992583967448","2170.793325570703","2411.992583967448","discount_20"
"2025-10-30 03:00:00","3","1221.5843182173694","1099.4258863956325","1221.5843182173694","no_promo"
"2025-10-30 04:00:00","5","3113.0133150691445","2801.71198356223","3113.0133150691445","combo_deal"
"2025-10-30 05:00:00","2","1780.5863272071415","1602.5276944864274","1780.5863272071415","discount_10"
"2025-10-30 06:00:00","4","2088.4431801760165","1879.598862158415","2088.4431801760165","combo_deal"
"2025-10-30 07:00:00","0","330.76535671232267","297.6888210410904","330.76535671232267","discount_20"
"2025-10-30 08:00:00","19","8895.974694618533","8006.37722515668","8895.974694618533","combo_deal"
"2025-10-30 09:00:00","18","7179.7157055835505","6461.744135025196","7179.7157055835505","free_delivery"
"2025-10-30 10:00:00","3","1189.6931512946421","1070.723836165178","1189.6931512946421","no_promo"
"2025-10-30 11:00:00","25","10037.245879532626","9033.521291579364","10037.245879532626","combo_deal"
"2025-10-30 12:00:00","26","13946.286038513019","12551.657434661718","13946.286038513019","discount_20"
"2025-10-30 13:00:00","24","10124.276510986043","9111.84885988744","10124.276510986043","free_delivery"
"2025-10-30 14:00:00","25","9474.639202906921","8527.17528261623","9474.639202906921","discount_20"
"2025-10-30 15:00:00","14","5857.472467671466","5271.725220904319","5857.472467671466","combo_deal"
"2025-10-30 16:00:00","17","6992.759052902689","6293.483147612421","6992.759052902689","no_promo"
"2025-10-30 17:00:00","20","9281.123688774669","8353.011319897203","9281.123688774669","combo_deal"
"2025-10-30 18:00:00","27","11009.051680080272","9908.146512072246","11009.051680080272","free_delivery"
"2025-10-30 19:00:00","20","8439.519504493162","7595.567554043846","8439.519504493162","no_promo"
"2025-10-30 20:00:00","25","9564.601728267085","8608.141555440377","9564.601728267085","discount_10"
"2025-10-30 21:00:00","32","12259.142426364575","11033.228183728117","12259.142426364575","combo_deal"
"2025-10-30 22:00:00","22","6883.458927374791","6195.113034637312","6883.458927374791","discount_20"
"2025-10-30 23:00:00","5","2133.491285844641","1920.1421572601769","2133.491285844641","no_promo"
"2025-10-31 00:00:00","5","2383.706540436171","2145.335886392554","2383.706540436171","combo_deal"
"2025-10-31 01:00:00","7","2636.810005649346","2373.1290050844113","2636.810005649346","combo_deal"
"2025-10-31 02:00:00","3","1407.4515194306957","1266.7063674876263","1407.4515194306957","discount_10"
"2025-10-31 03:00:00","4","1116.801364286076","1005.1212278574684","1116.801364286076","discount_10"
"2025-10-31 04:00:00","7","2078.6722888944673","1870.8050600050206","2078.6722888944673","discount_20"
"2025-10-31 05:00:00","1","1120.09803086205","1008.0882277758451","1120.09803086205","combo_deal"
"2025-10-31 06:00:00","6","3106.1739209104453","2795.5565288194007","3106.1739209104453","free_delivery"
"2025-10-31 07:00:00","6","1838.6990651331153","1654.8291586198038","1838.6990651331153","discount_20"
"2025-10-31 08:00:00","20","8137.275812879414","7323.548231591472","8137.275812879414","free_delivery"
"2025-10-31 09:00:00","17","7433.867698443757","6690.4809285993815","7433.867698443757","discount_10"
"2025-10-31 10:00:00","18","9969.423475222668","8972.481127700401","9969.423475222668","discount_20"
"2025-10-31 11:00:00","32","14994.330286827275","13494.897258144547","14994.330286827275","free_delivery"
"2025-10-31 12:00:00","22","9568.18629583198","8611.367666248781","9568.18629583198","no_promo"
"2025-10-31 13:00:00","19","7994.446257085494","7195.001631376945","7994.446257085494","discount_10"
"2025-10-31 14:00:00","27","13595.768834176213","12236.191950758592","13595.768834176213","free_delivery"
"2025-10-31 15:00:00","17","5468.762291616156","4921.8860624545405","5468.762291616156","free_delivery"
"2025-10-31 16:00:00","26","11234.872220283623","10111.384998255262","11234.872220283623","combo_deal"
"2025-10-31 17:00:00","19","9599.60742353193","8639.646681178738","9599.60742353193","discount_20"
"2025-10-31 18:00:00","27","13811.520170430109","12430.368153387099","13811.520170430109","discount_20"
"2025-10-31 19:00:00","28","11057.275406352444","9951.5478657172","11057.275406352444","free_delivery"
"2025-10-31 20:00:00","28","12003.403925518754","10803.063532966878","12003.403925518754","free_delivery"
"2025-10-31 21:00:00","24","9580.988054360709","8622.889248924637","9580.988054360709","combo_deal"
"2025-10-31 22:00:00","19","8734.595196487906","7861.135676839115","8734.595196487906","free_delivery"
"2025-10-31 23:00:00","9","2767.5032241218137","2490.752901709632","2767.5032241218137","discount_20"
"2025-11-01 00:00:00","9","4792.533602054812","4313.280241849331","4792.533602054812","discount_10"
"2025-11-01 01:00:00","4","3083.9211936807255","2775.529074312653","3083.9211936807255","free_delivery"
"2025-11-01 02:00:00","5","2724.2405154308144","2451.816463887733","2724.2405154308144","discount_20"
"2025-11-01 03:00:00","7","2046.9119854377204","1842.2207868939483","2046.9119854377204","discount_20"
"2025-11-01 04:00:00","7","3801.642290807814","3421.4780617270326","3801.642290807814","free_delivery"
"2025-11-01 05:00:00","9","3067.2478221721353","2760.523039954922","3067.2478221721353","discount_10"
"2025-11-01 06:00:00","9","5793.563519911263","5214.207167920137","5793.563519911263","discount_10"
"2025-11-01 07:00:00","7","3059.4584244199814","2753.5125819779832","3059.4584244199814","discount_20"
"2025-11-01 08:00:00","19","7561.954745684592","6805.759271116133","7561.954745684592","no_promo"
"2025-11-01 09:00:00","12","5728.123620853905","5155.311258768515","5728.123620853905","free_delivery"
"2025-11-01 10:00:00","25","11846.011789721888","10661.4106107497","11846.011789721888","discount_20"
"2025-11-01 11:00:00","51","18896.97561411658","17007.278052704925","18896.97561411658","discount_20"
"2025-11-01 12:00:00","28","11268.61256673795","10141.751310064155","11268.61256673795","no_promo"
"2025-11-01 13:00:00","39","16090.549148477554","14481.494233629799","16090.549148477554","discount_20"
"2025-11-01 14:00:00","43","17980.22529016782","16182.202761151037","17980.22529016782","combo_deal"
"2025-11-01 15:00:00","21","8233.229619538883","7409.906657584995","8233.229619538883","free_delivery"
"2025-11-01 16:00:00","16","4753.998112690334","4278.598301421301","4753.998112690334","no_promo"
"2025-11-01 17:00:00","26","8706.042193262805","7835.437973936525","8706.042193262805","free_delivery"
"2025-11-01 18:00:00","39","15870.474743074215","14283.427268766794","15870.474743074215","discount_20"
"2025-11-01 19:00:00","29","11528.227358595665","10375.404622736098","11528.227358595665","no_promo"
"2025-11-01 20:00:00","31","12893.29813461602","11603.968321154418","12893.29813461602","no_promo"
"2025-11-01 21:00:00","50","26792.303111051446","24113.0727999463","26792.303111051446","discount_20"
"2025-11-01 22:00:00","27","12162.8761433734","10946.58852903606","12162.8761433734","discount_20"
"2025-11-01 23:00:00","8","3343.3929357256666","3009.0536421531","3343.3929357256666","combo_deal"
"2025-11-02 00:00:00","8","3533.016498526833","3179.71484867415","3533.016498526833","no_promo"
"2025-11-02 01:00:00","9","3712.2341247352497","3341.0107122617246","3712.2341247352497","free_delivery"
"2025-11-02 02:00:00","3","2099.2463149540304","1889.3216834586274","2099.2463149540304","no_promo"
"2025-11-02 03:00:00","7","2043.725204017209","1839.352683615488","2043.725204017209","discount_10"
"2025-11-02 04:00:00","9","3611.0246072122804","3249.9221464910524","3611.0246072122804","discount_20"
"2025-11-02 05:00:00","9","2828.4805674894237","2545.6325107404814","2828.4805674894237","discount_20"
"2025-11-02 06:00:00","4","2167.2649857464976","1950.538487171848","2167.2649857464976","no_promo"
"2025-11-02 07:00:00","5","2244.398278744119","2019.9584508697073","2244.398278744119","no_promo"
"2025-11-02 08:00:00","16","7297.0005695597465","6567.300512603772","7297.0005695597465","discount_10"
"2025-11-02 09:00:00","10","4052.7042323361584","3647.4338091025425","4052.7042323361584","discount_10"
"2025-11-02 10:00:00","25","10171.717197461865","9154.54547771568","10171.717197461865","discount_20"
"2025-11-02 11:00:00","38","17165.8813509483","15449.293215853471","17165.8813509483","discount_10"
"2025-11-02 12:00:00","34","12151.634514441388","10936.471062997249","12151.634514441388","discount_10"
"2025-11-02 13:00:00","22","8918.235054793342","8026.411549314008","8918.235054793342","no_promo"
"2025-11-02 14:00:00","40","14406.534669566847","12965.881202610162","14406.534669566847","discount_20"
"2025-11-02 15:00:00","15","6462.413084759155","5816.1717762832395","6462.413084759155","discount_10"
"2025-11-02 16:00:00","15","5637.904021057309","5074.113618951578","5637.904021057309","discount_10"
"2025-11-02 17:00:00","13","5933.7663810600325","5340.389742954029","5933.7663810600325","no_promo"
"2025-11-02 18:00:00","31","14090.58459977685","12681.526139799165","14090.58459977685","discount_20"
"2025-11-02 19:00:00","34","13985.065910690766","12586.55931962169","13985.065910690766","free_delivery"
"2025-11-02 20:00:00","43","20972.176485773354","18874.95883719602","20972.176485773354","free_delivery"
"2025-11-02 21:00:00","40","17017.355830571985","15315.620247514787","17017.355830571985","discount_10"
"2025-11-02 22:00:00","27","12860.871061227632","11574.78395510487","12860.871061227632","combo_deal"
"2025-11-02 23:00:00","0","394.1226936506417","354.7104242855775","394.1226936506417","discount_20"
"2025-11-03 00:00:00","1","1474.1640839602062","1326.7476755641856","1474.1640839602062","discount_10"
"2025-11-03 01:00:00","0","825.2427737877723","742.7184964089951","825.2427737877723","discount_20"
"2025-11-03 02:00:00","6","3111.860925846809","2800.6748332621282","3111.860925846809","combo_deal"
"2025-11-03 03:00:00","9","2937.447025919701","2643.702323327731","2937.447025919701","no_promo"
"2025-11-03 04:00:00","3","1747.924656656153","1573.1321909905378","1747.924656656153","combo_deal"
"2025-11-03 05:00:00","3","1093.0566390809313","983.7509751728381","1093.0566390809313","combo_deal"
"2025-11-03 06:00:00","0","0.0","0.0","0.0","no_promo"
"2025-11-03 07:00:00","8","1719.4291460455697","1547.4862314410127","1719.4291460455697","no_promo"
"2025-11-03 08:00:00","12","4553.191043043635","4097.871938739271","4553.191043043635","combo_deal"
"2025-11-03 09:00:00","19","9298.946005553198","8369.05140499788","9298.946005553198","combo_deal"
"2025-11-03 10:00:00","27","8320.5731653603","7488.51584882427","8320.5731653603","combo_deal"
"2025-11-03 11:00:00","17","5483.930602766917","4935.537542490226","5483.930602766917","discount_10"
"2025-11-03 12:00:00","25","10635.088128317268","9571.579315485542","10635.088128317268","combo_deal"
"2025-11-03 13:00:00","29","10525.791170320961","9473.212053288866","10525.791170320961","combo_deal"
"2025-11-03 14:00:00","25","13449.085518457221","12104.1769666115","13449.085518457221","discount_20"
"2025-11-03 15:00:00","21","7590.452515784055","6831.40726420565","7590.452515784055","discount_20"
"2025-11-03 16:00:00","9","2509.061592581244","2258.1554333231197","2509.061592581244","no_promo"
"2025-11-03 17:00:00","9","3658.9603779187864","3293.064340126908","3658.9603779187864","no_promo"
"2025-11-03 18:00:00","30","14450.386976411497","13005.348278770347","14450.386976411497","free_delivery"
"2025-11-03 19:00:00","25","8037.313947834429","7233.5825530509865","8037.313947834429","no_promo"
"2025-11-03 20:00:00","14","7196.366313812205","6476.729682430984","7196.366313812205","no_promo"
"2025-11-03 21:00:00","32","11839.57173901717","10655.614565115453","11839.57173901717","discount_20"
"2025-11-03 22:00:00","7","3870.443619331975","3483.3992573987775","3870.443619331975","discount_10"
"2025-11-03 23:00:00","6","2579.6783933712127","2321.7105540340913","2579.6783933712127","free_delivery"
"2025-11-04 00:00:00","5","2428.718911792534","2185.8470206132806","2428.718911792534","discount_20"
"2025-11-04 01:00:00","10","3527.9414831703016","3175.1473348532713","3527.9414831703016","combo_deal"
"2025-11-04 02:00:00","6","2463.979457366211","2217.5815116295903","2463.979457366211","free_delivery"
"2025-11-04 03:00:00","3","904.1317644497323","813.718588004759","904.1317644497323","no_promo"
"2025-11-04 04:00:00","1","783.675561710419","705.3080055393771","783.675561710419","discount_20"
"2025-11-04 05:00:00","4","2382.64362531071","2144.379262779639","2382.64362531071","free_delivery"
"2025-11-04 06:00:00","9","3288.514890468297","2959.6634014214674","3288.514890468297","free_delivery"
"2025-11-04 07:00:00","9","5386.604148778412","4847.943733900571","5386.604148778412","discount_10"
"2025-11-04 08:00:00","23","9310.302453324008","8379.272207991608","9310.302453324008","free_delivery"
"2025-11-04 09:00:00","15","6677.62067122181","6009.858604099629","6677.62067122181","free_delivery"
"2025-11-04 10:00:00","5","3225.6719792315616","2903.1047813084056","3225.6719792315616","free_delivery"
"2025-11-04 11:00:00","34","12574.831493250185","11317.348343925167","12574.831493250185","discount_10"
"2025-11-04 12:00:00","27","12340.487166651174","11106.438449986057","12340.487166651174","discount_10"
"2025-11-04 13:00:00","24","7049.613140755093","6344.651826679584","7049.613140755093","discount_20"
"2025-11-04 14:00:00","31","17413.095760592703","15671.786184533434","17413.095760592703","discount_20"
"2025-11-04 15:00:00","9","5527.061154260369","4974.355038834333","5527.061154260369","discount_10"
"2025-11-04 16:00:00","14","5235.488065521271","4711.939258969144","5235.488065521271","free_delivery"
"2025-11-04 17:00:00","5","1695.2436284974337","1525.7192656476905","1695.2436284974337","no_promo"
"2025-11-04 18:00:00","22","9183.726495462499","8265.35384591625","9183.726495462499","no_promo"
"2025-11-04 19:00:00","28","12064.804779415106","10858.324301473596","12064.804779415106","free_delivery"
"2025-11-04 20:00:00","36","12752.507504914538","11477.256754423084","12752.507504914538","free_delivery"
"2025-11-04 21:00:00","34","11392.809517120104","10253.528565408094","11392.809517120104","combo_deal"
"2025-11-04 22:00:00","11","4001.182004848131","3601.063804363318","4001.182004848131","no_promo"
"2025-11-04 23:00:00","2","2032.52649875738","1829.2738488816422","2032.52649875738","combo_deal"
"2025-11-05 00:00:00","6","1347.1716331808527","1212.4544698627674","1347.1716331808527","combo_deal"
"2025-11-05 01:00:00","6","2400.0564366133003","2160.0507929519704","2400.0564366133003","discount_10"
"2025-11-05 02:00:00","2","1973.4389006866795","1776.0950106180117","1973.4389006866795","discount_20"
"2025-11-05 03:00:00","3","525.78806885067","473.20926196560305","525.78806885067","no_promo"
"2025-11-05 04:00:00","7","2844.383847389867","2559.94546265088","2844.383847389867","discount_10"
"2025-11-05 05:00:00","3","2708.7280860989276","2437.855277489035","2708.7280860989276","combo_deal"
"2025-11-05 06:00:00","1","1230.0258756351636","1107.0232880716474","1230.0258756351636","discount_10"
"2025-11-05 07:00:00","4","1331.2613061499692","1198.1351755349724","1331.2613061499692","free_delivery"
"2025-11-05 08:00:00","23","11220.800202732678","10098.72018245941","11220.800202732678","discount_20"
"2025-11-05 09:00:00","21","8089.1668515791725","7280.250166421255","8089.1668515791725","combo_deal"
"2025-11-05 10:00:00","20","6897.943212055166","6208.14889084965","6897.943212055166","combo_deal"
"2025-11-05 11:00:00","17","6243.780130004041","5619.402117003637","6243.780130004041","no_promo"
"2025-11-05 12:00:00","32","12978.383457071659","11680.545111364494","12978.383457071659","free_delivery"
"2025-11-05 13:00:00","29","12049.352441164752","10844.417197048277","12049.352441164752","free_delivery"
"2025-11-05 14:00:00","40","14242.193204458777","12817.9738840129","14242.193204458777","discount_20"
"2025-11-05 15:00:00","11","5305.745991748392","4775.171392573553","5305.745991748392","discount_10"
"2025-11-05 16:00:00","11","5227.749079456597","4704.974171510938","5227.749079456597","free_delivery"
"2025-11-05 17:00:00","18","6041.055526384476","5436.949973746029","6041.055526384476","no_promo"
"2025-11-05 18:00:00","33","14094.32399452584","12684.891595073255","14094.32399452584","discount_20"
"2025-11-05 19:00:00","25","11272.65124788815","10145.386123099335","11272.65124788815","free_delivery"
"2025-11-05 20:00:00","33","12681.193481231872","11413.074133108685","12681.193481231872","discount_20"
"2025-11-05 21:00:00","30","11988.196631444585","10789.376968300126","11988.196631444585","combo_deal"
"2025-11-05 22:00:00","17","7579.577918131073","6821.6201263179655","7579.577918131073","combo_deal"
"2025-11-05 23:00:00","7","2938.325118460507","2644.4926066144562","2938.325118460507","discount_20"
"2025-11-06 00:00:00","7","3258.156351006203","2932.340715905583","3258.156351006203","discount_20"
"2025-11-06 01:00:00","2","642.2372411167661","578.0135170050895","642.2372411167661","no_promo"
"2025-11-06 02:00:00","7","1564.0297162537104","1407.6267446283393","1564.0297162537104","discount_20"
"2025-11-06 03:00:00","6","1619.3637438977075","1457.4273695079369","1619.3637438977075","combo_deal"
"2025-11-06 04:00:00","2","1585.9751803019283","1427.3776622717355","1585.9751803019283","no_promo"
"2025-11-06 05:00:00","3","2423.4224273882646","2181.0801846494383","2423.4224273882646","combo_deal"
"2025-11-06 06:00:00","2","1646.3526615179178","1481.717395366126","1646.3526615179178","no_promo"
"2025-11-06 07:00:00","3","966.7337474141314","870.0603726727182","966.7337474141314","combo_deal"
"2025-11-06 08:00:00","14","4402.087657633098","3961.8788918697887","4402.087657633098","discount_20"
"2025-11-06 09:00:00","17","6695.861718057271","6026.275546251544","6695.861718057271","discount_20"
"2025-11-06 10:00:00","17","7762.983376292122","6986.685038662909","7762.983376292122","free_delivery"
"2025-11-06 11:00:00","31","13116.767164482764","11805.090448034489","13116.767164482764","combo_deal"
"2025-11-06 12:00:00","24","9696.244202790818","8726.619782511736","9696.244202790818","free_delivery"
"2025-11-06 13:00:00","33","17216.2333301257","15494.60999711313","17216.2333301257","combo_deal"
"2025-11-06 14:00:00","39","15353.495256355032","13818.145730719529","15353.495256355032","discount_10"
"2025-11-06 15:00:00","20","8242.749025570289","7418.47412301326","8242.749025570289","combo_deal"
"2025-11-06 16:00:00","13","4725.2399653453285","4252.715968810796","4725.2399653453285","discount_20"
"2025-11-06 17:00:00","21","8571.192189216503","7714.072970294853","8571.192189216503","free_delivery"
"2025-11-06 18:00:00","45","15619.437451929143","14057.49370673623","15619.437451929143","combo_deal"
"2025-11-06 19:00:00","28","12680.508545599994","11412.457691039996","12680.508545599994","discount_20"
"2025-11-06 20:00:00","22","7318.2898248370175","6586.4608423533155","7318.2898248370175","discount_10"
"2025-11-06 21:00:00","24","12324.636034676421","11092.172431208779","12324.636034676421","combo_deal"
"2025-11-06 22:00:00","12","3455.4609060848043","3109.914815476324","3455.4609060848043","no_promo"
"2025-11-06 23:00:00","5","2487.0490244952844","2238.344122045756","2487.0490244952844","discount_10"
"2025-11-07 00:00:00","1","748.0819987062521","673.2737988356268","748.0819987062521","no_promo"
"2025-11-07 01:00:00","3","1763.3413758793104","1587.0072382913793","1763.3413758793104","discount_20"
"2025-11-07 02:00:00","0","444.1763284120256","399.7586955708231","444.1763284120256","discount_10"
"2025-11-07 03:00:00","3","1151.4350692815365","1036.291562353383","1151.4350692815365","discount_10"
"2025-11-07 04:00:00","4","2310.562555182108","2079.506299663897","2310.562555182108","combo_deal"
"2025-11-07 05:00:00","2","669.2860008112052","602.3574007300847","669.2860008112052","discount_20"
"2025-11-07 06:00:00","2","671.363264481887","604.2269380336983","671.363264481887","no_promo"
"2025-11-07 07:00:00","10","4725.265598539964","4252.739038685968","4725.265598539964","discount_20"
"2025-11-07 08:00:00","15","6699.446501102701","6029.501850992431","6699.446501102701","free_delivery"
"2025-11-07 09:00:00","21","8704.735430251323","7834.261887226191","8704.735430251323","combo_deal"
"2025-11-07 10:00:00","19","7947.706393229138","7152.935753906224","7947.706393229138","combo_deal"
"2025-11-07 11:00:00","27","10724.374674706456","9651.937207235811","10724.374674706456","free_delivery"
"2025-11-07 12:00:00","26","11519.204516527281","10367.284064874553","11519.204516527281","discount_10"
"2025-11-07 13:00:00","26","10421.56129103714","9379.405161933426","10421.56129103714","free_delivery"
"2025-11-07 14:00:00","26","9337.984424143735","8404.185981729363","9337.984424143735","discount_10"
"2025-11-07 15:00:00","15","7116.1146272479955","6404.503164523196","7116.1146272479955","no_promo"
"2025-11-07 16:00:00","18","7505.220341284379","6754.698307155942","7505.220341284379","combo_deal"
"2025-11-07 17:00:00","23","11127.86072769463","10015.074654925167","11127.86072769463","discount_20"
"2025-11-07 18:00:00","34","14875.233719091852","13387.710347182667","14875.233719091852","free_delivery"
"2025-11-07 19:00:00","26","9538.360157763596","8584.524141987236","9538.360157763596","discount_20"
"2025-11-07 20:00:00","26","9777.906584949269","8800.115926454342","9777.906584949269","discount_20"
"2025-11-07 21:00:00","22","7627.355128808456","6864.6196159276105","7627.355128808456","no_promo"
"2025-11-07 22:00:00","14","5122.9182052944625","4610.626384765016","5122.9182052944625","discount_10"
"2025-11-07 23:00:00","3","1446.8931902992358","1302.2038712693122","1446.8931902992358","discount_10"
"2025-11-08 00:00:00","9","2633.253037909306","2369.9277341183756","2633.253037909306","combo_deal"
"2025-11-08 01:00:00","6","1429.6675803529276","1286.700822317635","1429.6675803529276","no_promo"
"2025-11-08 02:00:00","6","3098.5534151120632","2788.698073600857","3098.5534151120632","combo_deal"
"2025-11-08 03:00:00","6","1495.2501607020545","1345.7251446318492","1495.2501607020545","no_promo"
"2025-11-08 04:00:00","0","634.9788698945524","571.4809829050972","634.9788698945524","discount_20"
"2025-11-08 05:00:00","9","4059.968212586275","3653.971391327648","4059.968212586275","combo_deal"
"2025-11-08 06:00:00","4","1725.144546987008","1552.6300922883072","1725.144546987008","free_delivery"
"2025-11-08 07:00:00","3","2064.7755234795704","1858.2979711316134","2064.7755234795704","discount_10"
"2025-11-08 08:00:00","14","4427.2418320481","3984.5176488432903","4427.2418320481","no_promo"
"2025-11-08 09:00:00","22","10070.431210165007","9063.388089148506","10070.431210165007","combo_deal"
"2025-11-08 10:00:00","26","10660.277339721","9594.2496057489","10660.277339721","free_delivery"
"2025-11-08 11:00:00","52","24287.753618522343","21858.97825667011","24287.753618522343","discount_20"
"2025-11-08 12:00:00","45","21592.647120044992","19433.382408040492","21592.647120044992","combo_deal"
"2025-11-08 13:00:00","44","17006.72245002146","15306.050205019315","17006.72245002146","discount_20"
"2025-11-08 14:00:00","25","8516.609643209242","7664.948678888318","8516.609643209242","discount_10"
"2025-11-08 15:00:00","19","7737.256809999815","6963.5311289998335","7737.256809999815","discount_10"
"2025-11-08 16:00:00","26","9539.108330041325","8585.197497037192","9539.108330041325","discount_20"
"2025-11-08 17:00:00","25","10217.897393865765","9196.107654479189","10217.897393865765","discount_10"
"2025-11-08 18:00:00","35","16197.930349874867","14578.13731488738","16197.930349874867","combo_deal"
"2025-11-08 19:00:00","46","19826.4751106267","17843.82759956403","19826.4751106267","discount_20"
"2025-11-08 20:00:00","44","21454.900434076342","19309.41039066871","21454.900434076342","combo_deal"
"2025-11-08 21:00:00","32","13707.665623919598","12336.899061527638","13707.665623919598","no_promo"
"2025-11-08 22:00:00","28","10661.616072604193","9595.454465343773","10661.616072604193","discount_10"
"2025-11-08 23:00:00","5","1614.13817696746","1452.7243592707139","1614.13817696746","discount_10"
"2025-11-09 00:00:00","7","3232.5077474148898","2909.256972673401","3232.5077474148898","free_delivery"
"2025-11-09 01:00:00","11","4297.244313561971","3867.5198822057737","4297.244313561971","discount_20"
"2025-11-09 02:00:00","11","4459.425874706823","4013.483287236141","4459.425874706823","discount_20"
"2025-11-09 03:00:00","6","3563.389171165099","3207.050254048589","3563.389171165099","discount_10"
"2025-11-09 04:00:00","2","1147.2885446652654","1032.559690198739","1147.2885446652654","no_promo"
"2025-11-09 05:00:00","12","4594.687644205474","4135.218879784927","4594.687644205474","discount_20"
"2025-11-09 06:00:00","1","1306.5818734710615","1175.9236861239553","1306.5818734710615","no_promo"
"2025-11-09 07:00:00","6","1529.5523397194609","1376.597105747515","1529.5523397194609","combo_deal"
"2025-11-09 08:00:00","8","3745.6479938244897","3371.0831944420406","3745.6479938244897","discount_10"
"2025-11-09 09:00:00","17","5988.842616119473","5389.958354507526","5988.842616119473","no_promo"
"2025-11-09 10:00:00","27","11047.518939788019","9942.767045809216","11047.518939788019","combo_deal"
"2025-11-09 11:00:00","33","10987.226107050217","9888.503496345196","10987.226107050217","free_delivery"
"2025-11-09 12:00:00","28","12662.343218834361","11396.108896950926","12662.343218834361","free_delivery"
"2025-11-09 13:00:00","46","25504.845370870866","22954.36083378378","25504.845370870866","discount_20"
"2025-11-09 14:00:00","48","25015.925702537723","22514.33313228395","25015.925702537723","combo_deal"
"2025-11-09 15:00:00","22","8339.192977669476","7505.273679902529","8339.192977669476","discount_10"
"2025-11-09 16:00:00","21","7757.007054987796","6981.306349489017","7757.007054987796","free_delivery"
"2025-11-09 17:00:00","19","10074.182746646262","9066.764471981636","10074.182746646262","discount_20"
"2025-11-09 18:00:00","36","15850.504081417646","14265.453673275882","15850.504081417646","free_delivery"
"2025-11-09 19:00:00","45","22111.2740715037","19900.14666435333","22111.2740715037","free_delivery"
"2025-11-09 20:00:00","50","17107.314233493966","15396.58281014457","17107.314233493966","free_delivery"
"2025-11-09 21:00:00","39","16371.044520879335","14733.940068791402","16371.044520879335","discount_10"
"2025-11-09 22:00:00","17","8783.112645444973","7904.801380900476","8783.112645444973","free_delivery"
"2025-11-09 23:00:00","6","1725.4709176878218","1552.9238259190397","1725.4709176878218","discount_10"
"2025-11-10 00:00:00","2","755.0699300040342","679.5629370036307","755.0699300040342","no_promo"
"2025-11-10 01:00:00","9","2817.8988969614684","2536.1090072653215","2817.8988969614684","discount_10"
"2025-11-10 02:00:00","3","910.2072749039752","819.1865474135777","910.2072749039752","discount_10"
"2025-11-10 03:00:00","3","1187.3352844202293","1068.6017559782065","1187.3352844202293","discount_10"
"2025-11-10 04:00:00","5","1344.729091298731","1210.256182168858","1344.729091298731","combo_deal"
"2025-11-10 05:00:00","4","1785.2266652913136","1606.7039987621822","1785.2266652913136","discount_20"
"2025-11-10 06:00:00","7","2791.009669476239","2511.9087025286153","2791.009669476239","discount_10"
"2025-11-10 07:00:00","3","1485.0002572427634","1336.500231518487","1485.0002572427634","discount_10"
"2025-11-10 08:00:00","17","8451.263056070844","7606.13675046376","8451.263056070844","discount_20"
"2025-11-10 09:00:00","11","5225.319290370372","4702.787361333335","5225.319290370372","no_promo"
"2025-11-10 10:00:00","18","7871.073896116769","7083.966506505092","7871.073896116769","combo_deal"
"2025-11-10 11:00:00","26","9787.106915538894","8808.396223985004","9787.106915538894","free_delivery"
"2025-11-10 12:00:00","21","10137.985806631508","9124.187225968357","10137.985806631508","free_delivery"
"2025-11-10 13:00:00","28","9861.380872112382","8875.242784901144","9861.380872112382","discount_10"
"2025-11-10 14:00:00","22","10187.691123880915","9168.922011492825","10187.691123880915","free_delivery"
"2025-11-10 15:00:00","13","4842.242896072971","4358.018606465675","4842.242896072971","no_promo"
"2025-11-10 16:00:00","18","6511.547212600694","5860.392491340625","6511.547212600694","no_promo"
"2025-11-10 17:00:00","6","3418.6908323863618","3076.8217491477258","3418.6908323863618","no_promo"
"2025-11-10 18:00:00","22","8276.992193268821","7449.29297394194","8276.992193268821","no_promo"
"2025-11-10 19:00:00","37","14117.982805625006","12706.184525062507","14117.982805625006","combo_deal"
"2025-11-10 20:00:00","16","5578.863436006674","5020.977092406007","5578.863436006674","no_promo"
"2025-11-10 21:00:00","28","10006.700294022286","9006.030264620058","10006.700294022286","discount_10"
"2025-11-10 22:00:00","14","6222.795052239432","5600.515547015489","6222.795052239432","discount_10"
"2025-11-10 23:00:00","2","1248.9979533194096","1124.0981579874688","1248.9979533194096","combo_deal"
"2025-11-11 00:00:00","5","1729.5097109108465","1556.558739819762","1729.5097109108465","discount_10"
"2025-11-11 01:00:00","5","2037.9839254682076","1834.185532921387","2037.9839254682076","discount_20"
"2025-11-11 02:00:00","7","2511.4326641658954","2260.289397749306","2511.4326641658954","combo_deal"
"2025-11-11 03:00:00","1","554.2718429822859","498.8446586840573","554.2718429822859","combo_deal"
"2025-11-11 04:00:00","0","338.1330923729965","304.31978313569687","338.1330923729965","discount_10"
"2025-11-11 05:00:00","8","3366.293692935621","3029.664323642059","3366.293692935621","free_delivery"
"2025-11-11 06:00:00","5","2242.6520792614383","2018.3868713352945","2242.6520792614383","no_promo"
"2025-11-11 07:00:00","4","2087.098523269498","1878.3886709425483","2087.098523269498","no_promo"
"2025-11-11 08:00:00","8","3246.4525604101555","2921.80730436914","3246.4525604101555","no_promo"
"2025-11-11 09:00:00","10","3940.1430300048437","3546.1287270043595","3940.1430300048437","no_promo"
"2025-11-11 10:00:00","21","9772.153327924303","8794.937995131873","9772.153327924303","combo_deal"
"2025-11-11 11:00:00","30","15223.504892301311","13701.15440307118","15223.504892301311","combo_deal"
"2025-11-11 12:00:00","32","12386.662165045902","11147.995948541313","12386.662165045902","discount_20"
"2025-11-11 13:00:00","22","8236.949429576169","7413.254486618552","8236.949429576169","combo_deal"
"2025-11-11 14:00:00","20","7040.66298257842","6336.596684320579","7040.66298257842","free_delivery"
"2025-11-11 15:00:00","16","6075.997450984677","5468.397705886209","6075.997450984677","discount_20"
