"timestamp","orders_per_hour","sales_per_hour","subtotal","total","promotion_type"
"2025-09-30 22:00:00","17","5872.242757107562","5285.018481396806","5872.242757107562","combo_deal"
"2025-09-30 23:00:00","4","1269.1978633803026","1142.2780770422723","1269.1978633803026","no_promo"
"2025-10-01 00:00:00","5","1280.3838938265365","1152.3455044438829","1280.3838938265365","discount_20"
"2025-10-01 01:00:00","3","1704.4347990801318","1533.9913191721187","1704.4347990801318","free_delivery"
"2025-10-01 02:00:00","4","2258.0562362678256","2032.250612641043","2258.0562362678256","discount_20"
"2025-10-01 03:00:00","0","559.5359801348068","503.58238212132613","559.5359801348068","discount_10"
"2025-10-01 04:00:00","5","1742.1853059017053","1567.9667753115348","1742.1853059017053","free_delivery"
"2025-10-01 05:00:00","3","769.1605063584716","692.2444557226245","769.1605063584716","no_promo"
"2025-10-01 06:00:00","1","1809.273748174948","1628.346373357453","1809.273748174948","discount_20"
"2025-10-01 07:00:00","13","4224.473608669285","3802.0262478023565","4224.473608669285","combo_deal"
"2025-10-01 08:00:00","7","2314.6809445723393","2083.2128501151055","2314.6809445723393","no_promo"
"2025-10-01 09:00:00","10","4620.875272428238","4158.787745185414","4620.875272428238","no_promo"
"2025-10-01 10:00:00","17","7275.513093803459","6547.961784423113","7275.513093803459","discount_20"
"2025-10-01 11:00:00","19","7687.327775351353","6918.594997816218","7687.327775351353","discount_10"
"2025-10-01 12:00:00","25","13275.740573855517","11948.166516469966","13275.740573855517","discount_20"
"2025-10-01 13:00:00","21","7495.028421110177","6745.52557899916","7495.028421110177","no_promo"
"2025-10-01 14:00:00","22","8249.376667754666","7424.4390009792","8249.376667754666","free_delivery"
"2025-10-01 15:00:00","21","7839.164221800534","7055.247799620481","7839.164221800534","discount_20"
"2025-10-01 16:00:00","18","6858.866308854069","6172.979677968662","6858.866308854069","discount_10"
"2025-10-01 17:00:00","25","8647.453882944314","7782.708494649883","8647.453882944314","free_delivery"
"2025-10-01 18:00:00","34","11912.159439516478","10720.94349556483","11912.159439516478","combo_deal"
"2025-10-01 19:00:00","31","11870.86645848776","10683.779812638984","11870.86645848776","discount_20"
"2025-10-01 20:00:00","44","18430.271413306316","16587.244271975684","18430.271413306316","combo_deal"
"2025-10-01 21:00:00","35","13828.416472305122","12445.57482507461","13828.416472305122","combo_deal"
"2025-10-01 22:00:00","15","4773.107404111113","4295.796663700002","4773.107404111113","no_promo"
"2025-10-01 23:00:00","4","2534.3400874581207","2280.9060787123085","2534.3400874581207","discount_10"
"2025-10-02 00:00:00","4","1220.13323171396","1098.119908542564","1220.13323171396","free_delivery"
"2025-10-02 01:00:00","0","0.0","0.0","0.0","free_delivery"
"2025-10-02 02:00:00","10","3494.051815773969","3144.646634196572","3494.051815773969","discount_20"
"2025-10-02 03:00:00","6","1396.9527101599742","1257.2574391439769","1396.9527101599742","discount_10"
"2025-10-02 04:00:00","5","1539.9187482556065","1385.9268734300458","1539.9187482556065","free_delivery"
"2025-10-02 05:00:00","5","2614.0558563442987","2352.650270709869","2614.0558563442987","discount_10"
"2025-10-02 06:00:00","8","3622.329168067102","3260.096251260392","3622.329168067102","discount_10"
"2025-10-02 07:00:00","3","1114.4824560977922","1003.0342104880131","1114.4824560977922","discount_20"
"2025-10-02 08:00:00","12","5030.926950520332","4527.834255468299","5030.926950520332","combo_deal"
"2025-10-02 09:00:00","13","5563.649115711084","5007.284204139975","5563.649115711084","free_delivery"
"2025-10-02 10:00:00","10","3271.887648389328","2944.6988835503953","3271.887648389328","combo_deal"
"2025-10-02 11:00:00","29","9969.307652330644","8972.37688709758","9969.307652330644","combo_deal"
"2025-10-02 12:00:00","25","11332.203250686889","10198.9829256182","11332.203250686889","free_delivery"
"2025-10-02 13:00:00","27","16558.33136068482","14902.498224616338","16558.33136068482","discount_20"
"2025-10-02 14:00:00","35","12784.021081702356","11505.61897353212","12784.021081702356","discount_10"
"2025-10-02 15:00:00","16","8122.6581777022","7310.3923599319805","8122.6581777022","free_delivery"
"2025-10-02 16:00:00","18","7599.466228905531","6839.519606014978","7599.466228905531","discount_20"
"2025-10-02 17:00:00","10","4643.4976508333975","4179.147885750058","4643.4976508333975","no_promo"
"2025-10-02 18:00:00","33","14683.889881085315","13215.500892976785","14683.889881085315","no_promo"
"2025-10-02 19:00:00","31","12750.500496987259","11475.450447288533","12750.500496987259","discount_10"
"2025-10-02 20:00:00","22","10500.762118704019","9450.685906833616","10500.762118704019","discount_20"
"2025-10-02 21:00:00","36","16819.824012149646","15137.841610934682","16819.824012149646","combo_deal"
"2025-10-02 22:00:00","16","6293.915481987967","5664.52393378917","6293.915481987967","free_delivery"
"2025-10-02 23:00:00","1","1234.8994076535516","1111.4094668881964","1234.8994076535516","free_delivery"
"2025-10-03 00:00:00","5","2961.1006852750734","2664.990616747566","2961.1006852750734","discount_10"
"2025-10-03 01:00:00","5","1102.5621071270425","992.3058964143382","1102.5621071270425","discount_20"
"2025-10-03 02:00:00","4","2330.131874796833","2097.1186873171496","2330.131874796833","combo_deal"
"2025-10-03 03:00:00","2","998.0047782601481","898.2043004341333","998.0047782601481","free_delivery"
"2025-10-03 04:00:00","7","2232.815594777259","2009.5340352995331","2232.815594777259","discount_10"
"2025-10-03 05:00:00","5","1108.2968448080846","997.4671603272762","1108.2968448080846","combo_deal"
"2025-10-03 06:00:00","3","1109.9034779753501","998.9131301778151","1109.9034779753501","no_promo"
"2025-10-03 07:00:00","5","1560.95764407095","1404.861879663855","1560.95764407095","no_promo"
"2025-10-03 08:00:00","14","5160.106697374656","4644.09602763719","5160.106697374656","no_promo"
"2025-10-03 09:00:00","24","10436.558708650573","9392.902837785516","10436.558708650573","combo_deal"
"2025-10-03 10:00:00","8","4778.351216123292","4300.516094510963","4778.351216123292","discount_10"
"2025-10-03 11:00:00","28","12934.41581045793","11640.974229412137","12934.41581045793","free_delivery"
"2025-10-03 12:00:00","42","17610.259622729445","15849.2336604565","17610.259622729445","free_delivery"
"2025-10-03 13:00:00","28","15215.259392202819","13693.733452982537","15215.259392202819","combo_deal"
"2025-10-03 14:00:00","19","6107.559208093895","5496.803287284506","6107.559208093895","no_promo"
"2025-10-03 15:00:00","16","6340.253600620476","5706.228240558429","6340.253600620476","discount_20"
"2025-10-03 16:00:00","18","6312.429124582831","5681.186212124548","6312.429124582831","discount_20"
"2025-10-03 17:00:00","19","9134.363783984898","8220.927405586408","9134.363783984898","discount_10"
"2025-10-03 18:00:00","20","8644.090824689954","7779.681742220959","8644.090824689954","discount_20"
"2025-10-03 19:00:00","28","7903.590664881018","7113.231598392917","7903.590664881018","discount_20"
"2025-10-03 20:00:00","34","15509.561499582047","13958.605349623842","15509.561499582047","free_delivery"
"2025-10-03 21:00:00","27","13644.1967430089","12279.77706870801","13644.1967430089","free_delivery"
"2025-10-03 22:00:00","24","9818.201714652832","8836.38154318755","9818.201714652832","free_delivery"
"2025-10-03 23:00:00","1","1318.5572048330926","1186.7014843497834","1318.5572048330926","discount_20"
"2025-10-04 00:00:00","3","1338.620931581218","1204.7588384230962","1338.620931581218","combo_deal"
"2025-10-04 01:00:00","5","2001.8427574891123","1801.658481740201","2001.8427574891123","discount_10"
"2025-10-04 02:00:00","1","646.7896739611042","582.1107065649938","646.7896739611042","no_promo"
"2025-10-04 03:00:00","5","1985.219605477013","1786.6976449293118","1985.219605477013","discount_20"
"2025-10-04 04:00:00","10","4443.567014354602","3999.210312919142","4443.567014354602","discount_10"
"2025-10-04 05:00:00","5","1382.8271471873688","1244.544432468632","1382.8271471873688","no_promo"
"2025-10-04 06:00:00","7","1984.6160915669561","1786.1544824102605","1984.6160915669561","free_delivery"
"2025-10-04 07:00:00","1","536.4739600212347","482.82656401911123","536.4739600212347","discount_20"
"2025-10-04 08:00:00","27","12483.268436345626","11234.941592711064","12483.268436345626","combo_deal"
"2025-10-04 09:00:00","26","12244.142113847302","11019.727902462571","12244.142113847302","discount_20"
"2025-10-04 10:00:00","20","8749.086287725111","7874.1776589526","8749.086287725111","discount_20"
"2025-10-04 11:00:00","36","12799.737955318746","11519.764159786871","12799.737955318746","free_delivery"
"2025-10-04 12:00:00","33","14615.588989060929","13154.030090154836","14615.588989060929","discount_10"
"2025-10-04 13:00:00","35","15564.066732083373","14007.660058875035","15564.066732083373","discount_10"
"2025-10-04 14:00:00","36","12946.996600561484","11652.296940505335","12946.996600561484","free_delivery"
"2025-10-04 15:00:00","19","7161.3336348164","6445.20027133476","7161.3336348164","no_promo"
"2025-10-04 16:00:00","23","9773.14184546393","8795.827660917537","9773.14184546393","no_promo"
"2025-10-04 17:00:00","25","9931.306690722646","8938.17602165038","9931.306690722646","discount_20"
"2025-10-04 18:00:00","55","24973.165739759992","22475.849165783995","24973.165739759992","discount_20"
"2025-10-04 19:00:00","32","13193.7536170998","11874.37825538982","13193.7536170998","discount_20"
"2025-10-04 20:00:00","43","15272.427179906364","13745.18446191573","15272.427179906364","combo_deal"
"2025-10-04 21:00:00","33","10306.874993666905","9276.187494300215","10306.874993666905","no_promo"
"2025-10-04 22:00:00","22","10110.606889753715","9099.546200778344","10110.606889753715","combo_deal"
"2025-10-04 23:00:00","3","1879.6474748387811","1691.6827273549031","1879.6474748387811","free_delivery"
"2025-10-05 00:00:00","10","3615.520183508665","3253.9681651577985","3615.520183508665","free_delivery"
"2025-10-05 01:00:00","1","833.2063128082774","749.8856815274497","833.2063128082774","no_promo"
"2025-10-05 02:00:00","7","2793.3185489089938","2513.9866940180946","2793.3185489089938","free_delivery"
"2025-10-05 03:00:00","6","2985.0886594297967","2686.579793486817","2985.0886594297967","discount_20"
"2025-10-05 04:00:00","8","3262.0308149062234","2935.827733415601","3262.0308149062234","discount_20"
"2025-10-05 05:00:00","2","1018.0372659884739","916.2335393896266","1018.0372659884739","discount_10"
"2025-10-05 06:00:00","4","2624.4849397910634","2362.036445811957","2624.4849397910634","free_delivery"
"2025-10-05 07:00:00","10","3328.08657981721","2995.277921835489","3328.08657981721","discount_20"
"2025-10-05 08:00:00","19","8607.204845791173","7746.484361212056","8607.204845791173","discount_10"
"2025-10-05 09:00:00","23","9351.192848387855","8416.07356354907","9351.192848387855","discount_20"
"2025-10-05 10:00:00","27","12993.351512688494","11694.016361419644","12993.351512688494","combo_deal"
"2025-10-05 11:00:00","36","11461.331889409892","10315.198700468904","11461.331889409892","discount_10"
"2025-10-05 12:00:00","41","18271.245698953935","16444.12112905854","18271.245698953935","discount_20"
"2025-10-05 13:00:00","40","19741.60178387029","17767.44160548326","19741.60178387029","discount_20"
"2025-10-05 14:00:00","57","26037.58698866496","23433.828289798465","26037.58698866496","free_delivery"
"2025-10-05 15:00:00","24","11507.510328415736","10356.759295574162","11507.510328415736","free_delivery"
"2025-10-05 16:00:00","20","8935.453923288487","8041.9085309596385","8935.453923288487","discount_20"
"2025-10-05 17:00:00","28","13370.810309669421","12033.72927870248","13370.810309669421","discount_20"
"2025-10-05 18:00:00","35","13749.504071116071","12374.553664004465","13749.504071116071","free_delivery"
"2025-10-05 19:00:00","34","13660.732868429928","12294.659581586935","13660.732868429928","no_promo"
"2025-10-05 20:00:00","37","14219.111708514538","12797.200537663084","14219.111708514538","free_delivery"
"2025-10-05 21:00:00","53","21670.94066380242","19503.846597422176","21670.94066380242","free_delivery"
"2025-10-05 22:00:00","16","8252.250458622379","7427.025412760141","8252.250458622379","free_delivery"
"2025-10-05 23:00:00","11","3979.8770992486984","3581.8893893238287","3979.8770992486984","no_promo"
"2025-10-06 00:00:00","5","1929.1278533104044","1736.215067979364","1929.1278533104044","no_promo"
"2025-10-06 01:00:00","4","2287.7978543300983","2059.0180688970886","2287.7978543300983","discount_20"
"2025-10-06 02:00:00","1","842.3486365798315","758.1137729218483","842.3486365798315","free_delivery"
"2025-10-06 03:00:00","3","2241.642765973994","2017.4784893765946","2241.642765973994","discount_20"
"2025-10-06 04:00:00","6","2380.604010163442","2142.543609147098","2380.604010163442","combo_deal"
"2025-10-06 05:00:00","3","1218.7850275666217","1096.9065248099596","1218.7850275666217","combo_deal"
"2025-10-06 06:00:00","7","2098.5837129278407","1888.7253416350566","2098.5837129278407","combo_deal"
"2025-10-06 07:00:00","5","2772.5620835366753","2495.305875183008","2772.5620835366753","combo_deal"
"2025-10-06 08:00:00","13","4632.504685473861","4169.254216926475","4632.504685473861","free_delivery"
"2025-10-06 09:00:00","21","6967.401979179501","6270.6617812615505","6967.401979179501","discount_10"
"2025-10-06 10:00:00","11","4658.831477681636","4192.948329913473","4658.831477681636","combo_deal"
"2025-10-06 11:00:00","36","11516.249600671777","10364.6246406046","11516.249600671777","combo_deal"
"2025-10-06 12:00:00","15","7640.503794421794","6876.4534149796145","7640.503794421794","discount_10"
"2025-10-06 13:00:00","37","13952.30679403091","12557.07611462782","13952.30679403091","combo_deal"
"2025-10-06 14:00:00","23","10654.76622734405","9589.289604609645","10654.76622734405","free_delivery"
"2025-10-06 15:00:00","12","3232.448626016183","2909.203763414565","3232.448626016183","no_promo"
"2025-10-06 16:00:00","20","7717.341628160036","6945.607465344032","7717.341628160036","free_delivery"
"2025-10-06 17:00:00","10","3032.623844361791","2729.3614599256116","3032.623844361791","no_promo"
"2025-10-06 18:00:00","20","8206.979209614916","7386.281288653425","8206.979209614916","no_promo"
"2025-10-06 19:00:00","25","7730.066258030623","6957.059632227561","7730.066258030623","no_promo"
"2025-10-06 20:00:00","26","8750.895584141568","7875.806025727412","8750.895584141568","no_promo"
"2025-10-06 21:00:00","29","11336.76896093813","10203.092064844317","11336.76896093813","discount_10"
"2025-10-06 22:00:00","20","6307.849326778448","5677.064394100603","6307.849326778448","free_delivery"
"2025-10-06 23:00:00","4","1685.5492414340051","1516.9943172906046","1685.5492414340051","combo_deal"
"2025-10-07 00:00:00","8","3073.276470871294","2765.9488237841647","3073.276470871294","discount_10"
"2025-10-07 01:00:00","2","1139.3869123310262","1025.4482210979236","1139.3869123310262","no_promo"
"2025-10-07 02:00:00","7","3089.327371160727","2780.3946340446546","3089.327371160727","free_delivery"
"2025-10-07 03:00:00","7","2207.365486801505","1986.6289381213546","2207.365486801505","combo_deal"
"2025-10-07 04:00:00","3","935.8752632473561","842.2877369226205","935.8752632473561","discount_20"
"2025-10-07 05:00:00","6","1666.1429523153276","1499.528657083795","1666.1429523153276","no_promo"
"2025-10-07 06:00:00","8","2459.178557571273","2213.2607018141457","2459.178557571273","no_promo"
"2025-10-07 07:00:00","5","2853.56105661161","2568.204950950449","2853.56105661161","discount_20"
"2025-10-07 08:00:00","13","5147.385095782687","4632.646586204419","5147.385095782687","free_delivery"
"2025-10-07 09:00:00","22","8241.245591913652","7417.121032722287","8241.245591913652","free_delivery"
"2025-10-07 10:00:00","24","11594.947161208804","10435.452445087923","11594.947161208804","combo_deal"
"2025-10-07 11:00:00","21","7746.1281893065225","6971.515370375871","7746.1281893065225","discount_20"
"2025-10-07 12:00:00","30","13362.503123342072","12026.252811007866","13362.503123342072","combo_deal"
"2025-10-07 13:00:00","31","12578.416791308626","11320.575112177763","12578.416791308626","discount_10"
"2025-10-07 14:00:00","18","6250.601235773281","5625.541112195952","6250.601235773281","discount_10"
"2025-10-07 15:00:00","10","5306.642065626588","4775.97785906393","5306.642065626588","no_promo"
"2025-10-07 16:00:00","22","9087.85229661664","8179.067066954976","9087.85229661664","combo_deal"
"2025-10-07 17:00:00","20","10008.925154445735","9008.032639001161","10008.925154445735","combo_deal"
"2025-10-07 18:00:00","24","9855.85762408357","8870.271861675214","9855.85762408357","discount_20"
"2025-10-07 19:00:00","32","16591.6884055011","14932.51956495099","16591.6884055011","combo_deal"
"2025-10-07 20:00:00","27","13739.483591861823","12365.53523267564","13739.483591861823","discount_20"
"2025-10-07 21:00:00","24","11945.512611928338","10750.961350735504","11945.512611928338","combo_deal"
"2025-10-07 22:00:00","12","4872.51140435675","4385.260263921075","4872.51140435675","free_delivery"
"2025-10-07 23:00:00","6","2676.875969074023","2409.188372166621","2676.875969074023","discount_20"
"2025-10-08 00:00:00","9","2966.6209425212783","2669.9588482691506","2966.6209425212783","discount_10"
"2025-10-08 01:00:00","5","2045.7990607428192","1841.2191546685374","2045.7990607428192","discount_10"
"2025-10-08 02:00:00","6","1964.2439127828147","1767.8195215045332","1964.2439127828147","free_delivery"
"2025-10-08 03:00:00","3","2699.8275382063603","2429.8447843857243","2699.8275382063603","free_delivery"
"2025-10-08 04:00:00","9","3846.55101364215","3461.895912277935","3846.55101364215","discount_10"
"2025-10-08 05:00:00","4","1529.2394097573244","1376.315468781592","1529.2394097573244","no_promo"
"2025-10-08 06:00:00","4","1360.3115149171206","1224.2803634254085","1360.3115149171206","combo_deal"
"2025-10-08 07:00:00","2","1595.3026974451677","1435.772427700651","1595.3026974451677","free_delivery"
"2025-10-08 08:00:00","23","9469.665668204278","8522.69910138385","9469.665668204278","free_delivery"
"2025-10-08 09:00:00","16","6254.0453893632375","5628.640850426914","6254.0453893632375","free_delivery"
"2025-10-08 10:00:00","15","5653.249669680712","5087.924702712641","5653.249669680712","no_promo"
"2025-10-08 11:00:00","24","10448.464114392855","9403.61770295357","10448.464114392855","free_delivery"
"2025-10-08 12:00:00","22","9506.284986120532","8555.656487508479","9506.284986120532","combo_deal"
"2025-10-08 13:00:00","25","12938.600355336355","11644.74031980272","12938.600355336355","discount_10"
"2025-10-08 14:00:00","25","11107.926988342104","9997.134289507894","11107.926988342104","discount_10"
"2025-10-08 15:00:00","12","3913.0536315593326","3521.7482684033994","3913.0536315593326","discount_20"
"2025-10-08 16:00:00","15","6189.199346521878","5570.279411869691","6189.199346521878","free_delivery"
"2025-10-08 17:00:00","7","1898.340024927774","1708.5060224349966","1898.340024927774","no_promo"
"2025-10-08 18:00:00","24","8908.45243482992","8017.607191346929","8908.45243482992","no_promo"
"2025-10-08 19:00:00","25","11912.998014038794","10721.698212634916","11912.998014038794","discount_20"
"2025-10-08 20:00:00","25","11311.707384630892","10180.536646167804","11311.707384630892","discount_10"
"2025-10-08 21:00:00","29","9588.346530704226","8629.511877633804","9588.346530704226","discount_20"
"2025-10-08 22:00:00","23","11552.161718110114","10396.945546299103","11552.161718110114","discount_10"
"2025-10-08 23:00:00","10","3077.8984269785974","2770.108584280738","3077.8984269785974","free_delivery"
"2025-10-09 00:00:00","8","2968.4702748890363","2671.6232474001326","2968.4702748890363","combo_deal"
"2025-10-09 01:00:00","1","1409.9777768263493","1268.9799991437144","1409.9777768263493","free_delivery"
"2025-10-09 02:00:00","2","1849.2774762781403","1664.3497286503264","1849.2774762781403","discount_10"
"2025-10-09 03:00:00","9","2879.092167752499","2591.182950977249","2879.092167752499","combo_deal"
"2025-10-09 04:00:00","5","1357.447039343529","1221.7023354091762","1357.447039343529","no_promo"
"2025-10-09 05:00:00","4","1161.7863059544402","1045.6076753589962","1161.7863059544402","free_delivery"
"2025-10-09 06:00:00","10","4880.248652871499","4392.223787584349","4880.248652871499","discount_20"
"2025-10-09 07:00:00","6","2181.5423513697388","1963.388116232765","2181.5423513697388","discount_10"
"2025-10-09 08:00:00","17","6755.6578799458985","6080.092091951309","6755.6578799458985","discount_10"
"2025-10-09 09:00:00","20","7816.0550038800275","7034.449503492025","7816.0550038800275","combo_deal"
"2025-10-09 10:00:00","19","7725.973872051757","6953.376484846582","7725.973872051757","discount_20"
"2025-10-09 11:00:00","21","9363.505516862791","8427.154965176513","9363.505516862791","no_promo"
"2025-10-09 12:00:00","30","12405.051243555841","11164.546119200257","12405.051243555841","combo_deal"
"2025-10-09 13:00:00","46","18156.350428610298","16340.715385749269","18156.350428610298","combo_deal"
"2025-10-09 14:00:00","32","13474.681858541875","12127.213672687687","13474.681858541875","discount_10"
"2025-10-09 15:00:00","13","5892.940471335248","5303.646424201723","5892.940471335248","no_promo"
"2025-10-09 16:00:00","17","6725.496127916441","6052.946515124797","6725.496127916441","combo_deal"
"2025-10-09 17:00:00","20","5726.650374238042","5153.985336814238","5726.650374238042","discount_10"
"2025-10-09 18:00:00","31","16909.020786229095","15218.118707606187","16909.020786229095","free_delivery"
"2025-10-09 19:00:00","15","5654.49762274418","5089.047860469763","5654.49762274418","discount_10"
"2025-10-09 20:00:00","29","12376.386680434316","11138.748012390884","12376.386680434316","no_promo"
"2025-10-09 21:00:00","29","13705.016490755881","12334.514841680293","13705.016490755881","discount_10"
"2025-10-09 22:00:00","19","9422.40010936439","8480.16009842795","9422.40010936439","combo_deal"
"2025-10-09 23:00:00","2","1354.6509516235733","1219.185856461216","1354.6509516235733","free_delivery"
"2025-10-10 00:00:00","2","1022.641136936127","920.3770232425144","1022.641136936127","no_promo"
"2025-10-10 01:00:00","4","2939.653018863005","2645.6877169767045","2939.653018863005","discount_10"
"2025-10-10 02:00:00","13","4461.121774652413","4015.0095971871715","4461.121774652413","combo_deal"
"2025-10-10 03:00:00","4","2034.7177902881579","1831.2460112593421","2034.7177902881579","free_delivery"
"2025-10-10 04:00:00","9","2672.7562341461235","2405.480610731511","2672.7562341461235","no_promo"
"2025-10-10 05:00:00","5","1281.5418953015612","1153.387705771405","1281.5418953015612","discount_20"
"2025-10-10 06:00:00","4","995.2441137670552","895.7197023903497","995.2441137670552","discount_20"
"2025-10-10 07:00:00","4","2095.0356998954912","1885.5321299059422","2095.0356998954912","combo_deal"
"2025-10-10 08:00:00","11","2981.5540053262935","2683.398604793664","2981.5540053262935","no_promo"
"2025-10-10 09:00:00","22","9462.501219818527","8516.251097836674","9462.501219818527","free_delivery"
"2025-10-10 10:00:00","12","3176.746526772083","2859.071874094875","3176.746526772083","discount_20"
"2025-10-10 11:00:00","37","15499.927594648343","13949.934835183509","15499.927594648343","discount_10"
"2025-10-10 12:00:00","32","14914.474012320927","13423.026611088835","14914.474012320927","discount_20"
"2025-10-10 13:00:00","26","9944.14520829701","8949.730687467309","9944.14520829701","no_promo"
"2025-10-10 14:00:00","19","8454.74157244679","7609.267415202111","8454.74157244679","no_promo"
"2025-10-10 15:00:00","13","5921.703475139414","5329.533127625473","5921.703475139414","free_delivery"
"2025-10-10 16:00:00","20","9883.21911883928","8894.897206955353","9883.21911883928","discount_10"
"2025-10-10 17:00:00","15","7462.296875736993","6716.067188163293","7462.296875736993","combo_deal"
"2025-10-10 18:00:00","31","13312.732091796848","11981.458882617164","13312.732091796848","discount_20"
"2025-10-10 19:00:00","28","13198.355283304252","11878.519754973828","13198.355283304252","discount_20"
"2025-10-10 20:00:00","43","17832.89728337879","16049.60755504091","17832.89728337879","discount_20"
"2025-10-10 21:00:00","30","12687.01648554894","11418.314836994046","12687.01648554894","combo_deal"
"2025-10-10 22:00:00","15","7640.667638668545","6876.60087480169","7640.667638668545","free_delivery"
"2025-10-10 23:00:00","7","4112.325937843595","3701.0933440592357","4112.325937843595","discount_20"
"2025-10-11 00:00:00","8","3664.577096113058","3298.119386501752","3664.577096113058","combo_deal"
"2025-10-11 01:00:00","1","1446.7388221810684","1302.0649399629615","1446.7388221810684","no_promo"
"2025-10-11 02:00:00","8","4323.294126802554","3890.964714122299","4323.294126802554","combo_deal"
"2025-10-11 03:00:00","8","2362.2346306711343","2126.011167604021","2362.2346306711343","no_promo"
"2025-10-11 04:00:00","6","2503.346670981717","2253.0120038835453","2503.346670981717","free_delivery"
"2025-10-11 05:00:00","5","1128.004917785896","1015.2044260073063","1128.004917785896","no_promo"
"2025-10-11 06:00:00","6","3366.0164027465676","3029.4147624719108","3366.0164027465676","discount_20"
"2025-10-11 07:00:00","3","1490.576484401956","1341.5188359617603","1490.576484401956","free_delivery"
"2025-10-11 08:00:00","22","9506.7482004414","8556.07338039726","9506.7482004414","free_delivery"
"2025-10-11 09:00:00","23","9221.48117583909","8299.33305825518","9221.48117583909","free_delivery"
"2025-10-11 10:00:00","22","9086.669620616158","8178.002658554542","9086.669620616158","discount_20"
"2025-10-11 11:00:00","23","7792.406562305888","7013.165906075299","7792.406562305888","no_promo"
"2025-10-11 12:00:00","55","23925.371309794744","21532.83417881527","23925.371309794744","combo_deal"
"2025-10-11 13:00:00","39","16233.31612214757","14609.984509932812","16233.31612214757","discount_10"
"2025-10-11 14:00:00","37","15481.470161042596","13933.323144938337","15481.470161042596","free_delivery"
"2025-10-11 15:00:00","22","8965.090061405506","8068.5810552649555","8965.090061405506","combo_deal"
"2025-10-11 16:00:00","20","7253.230666361929","6527.907599725737","7253.230666361929","no_promo"
"2025-10-11 17:00:00","25","11908.719367730064","10717.847430957057","11908.719367730064","discount_10"
"2025-10-11 18:00:00","20","6607.124646487052","5946.412181838346","6607.124646487052","no_promo"
"2025-10-11 19:00:00","41","16575.81656170898","14918.234905538082","16575.81656170898","discount_20"
"2025-10-11 20:00:00","31","12440.35127180242","11196.316144622178","12440.35127180242","discount_10"
"2025-10-11 21:00:00","37","15428.714200976287","13885.842780878658","15428.714200976287","free_delivery"
"2025-10-11 22:00:00","25","7863.945788626082","7077.551209763474","7863.945788626082","discount_20"
"2025-10-11 23:00:00","7","1853.4985223955252","1668.1486701559727","1853.4985223955252","free_delivery"
"2025-10-12 00:00:00","4","1797.1525858623097","1617.4373272760788","1797.1525858623097","no_promo"
"2025-10-12 01:00:00","6","3212.0444643471874","2890.8400179124687","3212.0444643471874","no_promo"
"2025-10-12 02:00:00","8","2985.5548509846108","2686.99936588615","2985.5548509846108","no_promo"
"2025-10-12 03:00:00","7","2557.529658302969","2301.776692472672","2557.529658302969","combo_deal"
"2025-10-12 04:00:00","9","3187.733774476071","2868.9603970284643","3187.733774476071","no_promo"
"2025-10-12 05:00:00","2","1991.6761764902685","1792.5085588412417","1991.6761764902685","free_delivery"
"2025-10-12 06:00:00","5","2287.1764802824614","2058.4588322542154","2287.1764802824614","discount_10"
"2025-10-12 07:00:00","7","2522.7025042736673","2270.4322538463007","2522.7025042736673","no_promo"
"2025-10-12 08:00:00","20","7388.622354200136","6649.760118780123","7388.622354200136","discount_20"
"2025-10-12 09:00:00","21","9605.596334076768","8645.036700669092","9605.596334076768","combo_deal"
"2025-10-12 10:00:00","12","6500.774788694047","5850.697309824643","6500.774788694047","free_delivery"
"2025-10-12 11:00:00","32","11763.613272330515","10587.251945097463","11763.613272330515","no_promo"
"2025-10-12 12:00:00","42","16932.399632864846","15239.159669578363","16932.399632864846","discount_20"
"2025-10-12 13:00:00","43","18988.428897219317","17089.586007497386","18988.428897219317","free_delivery"
"2025-10-12 14:00:00","46","16847.313617372536","15162.582255635283","16847.313617372536","combo_deal"
"2025-10-12 15:00:00","19","5808.8942613074105","5228.00483517667","5808.8942613074105","discount_20"
"2025-10-12 16:00:00","22","7805.974950421213","7025.377455379092","7805.974950421213","no_promo"
"2025-10-12 17:00:00","17","7052.741641132375","6347.467477019138","7052.741641132375","combo_deal"
"2025-10-12 18:00:00","38","18416.306289944252","16574.675660949826","18416.306289944252","discount_10"
"2025-10-12 19:00:00","50","26966.223554773307","24269.601199295976","26966.223554773307","free_delivery"
"2025-10-12 20:00:00","41","15933.423176276492","14340.080858648844","15933.423176276492","free_delivery"
"2025-10-12 21:00:00","41","16122.63455098088","14510.371095882792","16122.63455098088","combo_deal"
"2025-10-12 22:00:00","18","8017.510058516461","7215.759052664815","8017.510058516461","no_promo"
"2025-10-12 23:00:00","6","2028.0984077522307","1825.2885669770078","2028.0984077522307","free_delivery"
"2025-10-13 00:00:00","4","2008.9351936242606","1808.0416742618345","2008.9351936242606","discount_10"
"2025-10-13 01:00:00","1","997.1756052856323","897.458044757069","997.1756052856323","no_promo"
"2025-10-13 02:00:00","7","2343.6471348460273","2109.2824213614244","2343.6471348460273","free_delivery"
"2025-10-13 03:00:00","3","913.9523885186692","822.5571496668023","913.9523885186692","combo_deal"
"2025-10-13 04:00:00","0","712.7303433220557","641.4573089898502","712.7303433220557","discount_10"
"2025-10-13 05:00:00","10","2697.0389372519685","2427.3350435267716","2697.0389372519685","combo_deal"
"2025-10-13 06:00:00","4","1356.2110284626256","1220.589925616363","1356.2110284626256","no_promo"
"2025-10-13 07:00:00","5","2131.989199313794","1918.7902793824146","2131.989199313794","combo_deal"
"2025-10-13 08:00:00","13","6180.861456888909","5562.775311200018","6180.861456888909","no_promo"
"2025-10-13 09:00:00","13","5703.442871332874","5133.098584199587","5703.442871332874","combo_deal"
"2025-10-13 10:00:00","7","3607.865710372289","3247.07913933506","3607.865710372289","discount_10"
"2025-10-13 11:00:00","28","12439.560489124864","11195.604440212377","12439.560489124864","free_delivery"
"2025-10-13 12:00:00","24","9241.267875574513","8317.141088017062","9241.267875574513","discount_10"
"2025-10-13 13:00:00","20","7086.217505372858","6377.595754835572","7086.217505372858","discount_10"
"2025-10-13 14:00:00","26","11096.098131766488","9986.48831858984","11096.098131766488","free_delivery"
"2025-10-13 15:00:00","18","7005.187953450585","6304.669158105527","7005.187953450585","combo_deal"
"2025-10-13 16:00:00","4","2281.8131833090006","2053.6318649781006","2281.8131833090006","discount_10"
"2025-10-13 17:00:00","18","7938.297200508676","7144.467480457808","7938.297200508676","combo_deal"
"2025-10-13 18:00:00","29","15123.950930010758","13611.555837009682","15123.950930010758","free_delivery"
"2025-10-13 19:00:00","32","12993.186657531694","11693.867991778525","12993.186657531694","discount_20"
"2025-10-13 20:00:00","26","12525.63587944724","11273.072291502516","12525.63587944724","discount_20"
"2025-10-13 21:00:00","10","3771.666405709973","3394.499765138976","3771.666405709973","no_promo"
"2025-10-13 22:00:00","6","3461.761587153977","3115.585428438579","3461.761587153977","discount_10"
"2025-10-13 23:00:00","4","908.2146857306841","817.3932171576157","908.2146857306841","discount_10"
"2025-10-14 00:00:00","2","1994.3603360547554","1794.9243024492798","1994.3603360547554","discount_10"
"2025-10-14 01:00:00","2","35.152990025698614","31.637691023128752","35.152990025698614","discount_10"
"2025-10-14 02:00:00","4","2186.6616860756567","1967.995517468091","2186.6616860756567","discount_10"
"2025-10-14 03:00:00","4","1433.1399980244878","1289.825998222039","1433.1399980244878","free_delivery"
"2025-10-14 04:00:00","2","749.0702802228719","674.1632522005848","749.0702802228719","discount_10"
"2025-10-14 05:00:00","5","1604.9717788760934","1444.474600988484","1604.9717788760934","discount_20"
"2025-10-14 06:00:00","4","2467.1139720344063","2220.402574830966","2467.1139720344063","combo_deal"
"2025-10-14 07:00:00","8","2366.7060511860877","2130.035446067479","2366.7060511860877","free_delivery"
"2025-10-14 08:00:00","12","4283.004998215161","3854.7044983936453","4283.004998215161","no_promo"
"2025-10-14 09:00:00","12","3746.6118318157783","3371.9506486342007","3746.6118318157783","no_promo"
"2025-10-14 10:00:00","10","3943.8430360264833","3549.458732423835","3943.8430360264833","free_delivery"
"2025-10-14 11:00:00","23","8286.031145941868","7457.428031347681","8286.031145941868","no_promo"
"2025-10-14 12:00:00","12","5430.3155510588485","4887.283995952964","5430.3155510588485","no_promo"
"2025-10-14 13:00:00","25","10345.049601538303","9310.544641384473","10345.049601538303","combo_deal"
"2025-10-14 14:00:00","33","14886.33034979588","13397.697314816292","14886.33034979588","combo_deal"
"2025-10-14 15:00:00","14","7186.857568127872","6468.171811315085","7186.857568127872","discount_20"
"2025-10-14 16:00:00","20","8130.484024291802","7317.435621862622","8130.484024291802","free_delivery"
"2025-10-14 17:00:00","12","6836.026330731543","6152.423697658389","6836.026330731543","discount_20"
"2025-10-14 18:00:00","20","7550.608734631506","6795.547861168356","7550.608734631506","no_promo"
"2025-10-14 19:00:00","28","8474.123579822244","7626.71122184002","8474.123579822244","combo_deal"
"2025-10-14 20:00:00","16","8187.70571742436","7368.935145681924","8187.70571742436","discount_10"
"2025-10-14 21:00:00","34","14555.793630333672","13100.214267300305","14555.793630333672","free_delivery"
"2025-10-14 22:00:00","12","4574.697370268833","4117.22763324195","4574.697370268833","discount_20"
"2025-10-14 23:00:00","3","1192.527194894196","1073.2744754047765","1192.527194894196","free_delivery"
"2025-10-15 00:00:00","8","4318.440173046697","3886.5961557420273","4318.440173046697","discount_20"
"2025-10-15 01:00:00","1","1087.7680478542816","978.9912430688535","1087.7680478542816","discount_10"
"2025-10-15 02:00:00","9","2431.420859370436","2188.2787734333924","2431.420859370436","no_promo"
"2025-10-15 03:00:00","9","2926.097327675827","2633.4875949082443","2926.097327675827","discount_10"
"2025-10-15 04:00:00","9","3340.6673015896968","3006.600571430727","3340.6673015896968","combo_deal"
"2025-10-15 05:00:00","2","1417.9001648442397","1276.1101483598159","1417.9001648442397","discount_10"
"2025-10-15 06:00:00","11","4310.596423837608","3879.5367814538477","4310.596423837608","discount_10"
"2025-10-15 07:00:00","6","1885.2593959053636","1696.7334563148272","1885.2593959053636","free_delivery"
"2025-10-15 08:00:00","16","7303.394757474972","6573.055281727475","7303.394757474972","discount_20"
"2025-10-15 09:00:00","13","5932.512221477931","5339.2609993301385","5932.512221477931","free_delivery"
"2025-10-15 10:00:00","7","3080.6877585157513","2772.618982664176","3080.6877585157513","no_promo"
"2025-10-15 11:00:00","27","12729.740761634597","11456.766685471137","12729.740761634597","combo_deal"
"2025-10-15 12:00:00","33","16520.12333029255","14868.110997263295","16520.12333029255","combo_deal"
"2025-10-15 13:00:00","18","9083.569513708191","8175.212562337372","9083.569513708191","no_promo"
"2025-10-15 14:00:00","14","6372.846230693417","5735.561607624076","6372.846230693417","free_delivery"
"2025-10-15 15:00:00","14","6224.386158842923","5601.947542958631","6224.386158842923","free_delivery"
"2025-10-15 16:00:00","10","3293.5336235073864","2964.1802611566477","3293.5336235073864","no_promo"
"2025-10-15 17:00:00","21","9292.65539947731","8363.38985952958","9292.65539947731","combo_deal"
"2025-10-15 18:00:00","21","7927.5871467112065","7134.828432040086","7927.5871467112065","discount_10"
"2025-10-15 19:00:00","24","7741.19902565483","6967.0791230893465","7741.19902565483","no_promo"
"2025-10-15 20:00:00","28","12321.53369954398","11089.380329589581","12321.53369954398","discount_10"
"2025-10-15 21:00:00","34","15002.837012114373","13502.553310902935","15002.837012114373","discount_20"
"2025-10-15 22:00:00","20","8834.468144170445","7951.021329753401","8834.468144170445","discount_20"
"2025-10-15 23:00:00","7","2028.5928471776174","1825.7335624598556","2028.5928471776174","combo_deal"
"2025-10-16 00:00:00","4","2002.706344498159","1802.4357100483433","2002.706344498159","combo_deal"
"2025-10-16 01:00:00","9","3393.3748804758857","3054.037392428297","3393.3748804758857","combo_deal"
"2025-10-16 02:00:00","4","2279.3768996365557","2051.4392096729002","2279.3768996365557","free_delivery"
"2025-10-16 03:00:00","7","2355.083890174186","2119.575501156767","2355.083890174186","free_delivery"
"2025-10-16 04:00:00","5","1736.8611947545535","1563.175075279098","1736.8611947545535","discount_10"
"2025-10-16 05:00:00","5","873.470622045689","786.1235598411201","873.470622045689","discount_20"
"2025-10-16 06:00:00","4","942.1498163929716","847.9348347536745","942.1498163929716","discount_10"
"2025-10-16 07:00:00","8","2414.7227027157537","2173.2504324441784","2414.7227027157537","discount_20"
"2025-10-16 08:00:00","18","7646.002824521143","6881.40254206903","7646.002824521143","combo_deal"
"2025-10-16 09:00:00","18","8516.765567312745","7665.089010581471","8516.765567312745","combo_deal"
"2025-10-16 10:00:00","17","6090.8022589402535","5481.722033046229","6090.8022589402535","free_delivery"
"2025-10-16 11:00:00","29","13480.801228464263","12132.721105617837","13480.801228464263","discount_20"
"2025-10-16 12:00:00","31","13532.103784116422","12178.893405704779","13532.103784116422","discount_20"
"2025-10-16 13:00:00","28","11025.881060818343","9923.29295473651","11025.881060818343","discount_10"
"2025-10-16 14:00:00","35","13458.901384817493","12113.011246335744","13458.901384817493","combo_deal"
"2025-10-16 15:00:00","15","6291.0600511111725","5661.954046000055","6291.0600511111725","combo_deal"
"2025-10-16 16:00:00","11","6523.336465087925","5871.0028185791325","6523.336465087925","discount_20"
"2025-10-16 17:00:00","18","8069.944015379707","7262.949613841736","8069.944015379707","free_delivery"
"2025-10-16 18:00:00","35","14942.84851542073","13448.563663878658","14942.84851542073","combo_deal"
"2025-10-16 19:00:00","48","19426.898738407264","17484.20886456654","19426.898738407264","combo_deal"
"2025-10-16 20:00:00","38","18919.413447498995","17027.472102749096","18919.413447498995","discount_20"
"2025-10-16 21:00:00","32","12384.752227470572","11146.277004723515","12384.752227470572","free_delivery"
"2025-10-16 22:00:00","16","5301.950730849441","4771.755657764497","5301.950730849441","free_delivery"
"2025-10-16 23:00:00","9","3651.6718442221927","3286.5046597999735","3651.6718442221927","combo_deal"
"2025-10-17 00:00:00","5","2089.275891045349","1880.348301940814","2089.275891045349","combo_deal"
"2025-10-17 01:00:00","4","1452.8872448623417","1307.5985203761077","1452.8872448623417","discount_10"
"2025-10-17 02:00:00","4","1174.120750325068","1056.7086752925613","1174.120750325068","no_promo"
"2025-10-17 03:00:00","2","659.651476734065","593.6863290606585","659.651476734065","no_promo"
"2025-10-17 04:00:00","4","317.7763008845799","285.9986707961219","317.7763008845799","discount_20"
"2025-10-17 05:00:00","4","2353.8347346873516","2118.4512612186163","2353.8347346873516","no_promo"
"2025-10-17 06:00:00","7","2217.806125959391","1996.0255133634519","2217.806125959391","discount_20"
"2025-10-17 07:00:00","7","2497.4764376653616","2247.7287938988256","2497.4764376653616","free_delivery"
"2025-10-17 08:00:00","15","6639.38878991026","5975.449910919234","6639.38878991026","discount_10"
"2025-10-17 09:00:00","12","5325.5212687619705","4792.969141885774","5325.5212687619705","discount_10"
"2025-10-17 10:00:00","19","8788.839344606979","7909.955410146281","8788.839344606979","free_delivery"
"2025-10-17 11:00:00","24","10101.413051293623","9091.27174616426","10101.413051293623","discount_10"
"2025-10-17 12:00:00","34","12419.20045100515","11177.280405904636","12419.20045100515","discount_20"
"2025-10-17 13:00:00","31","13683.70020062833","12315.330180565497","13683.70020062833","free_delivery"
"2025-10-17 14:00:00","28","10988.786312940392","9889.907681646353","10988.786312940392","no_promo"
"2025-10-17 15:00:00","11","5877.678777330751","5289.910899597676","5877.678777330751","free_delivery"
"2025-10-17 16:00:00","14","5937.814047456557","5344.032642710901","5937.814047456557","discount_20"
"2025-10-17 17:00:00","15","4650.60499935078","4185.544499415702","4650.60499935078","discount_10"
"2025-10-17 18:00:00","25","10346.488001568696","9311.839201411827","10346.488001568696","no_promo"
"2025-10-17 19:00:00","32","12535.961637039642","11282.365473335678","12535.961637039642","combo_deal"
"2025-10-17 20:00:00","36","14401.496550815851","12961.346895734267","14401.496550815851","discount_10"
"2025-10-17 21:00:00","26","12842.023125503307","11557.820812952976","12842.023125503307","discount_20"
"2025-10-17 22:00:00","19","6077.949415760156","5470.15447418414","6077.949415760156","free_delivery"
"2025-10-17 23:00:00","3","1000.7418439567266","900.6676595610539","1000.7418439567266","free_delivery"
"2025-10-18 00:00:00","6","2405.311479059762","2164.780331153786","2405.311479059762","no_promo"
"2025-10-18 01:00:00","8","2873.213986217412","2585.892587595671","2873.213986217412","free_delivery"
"2025-10-18 02:00:00","9","3464.751896757426","3118.2767070816835","3464.751896757426","combo_deal"
"2025-10-18 03:00:00","8","2616.556023969403","2354.900421572463","2616.556023969403","free_delivery"
"2025-10-18 04:00:00","5","2589.711941529907","2330.7407473769163","2589.711941529907","discount_20"
"2025-10-18 05:00:00","3","2138.951178934635","1925.0560610411717","2138.951178934635","free_delivery"
"2025-10-18 06:00:00","6","1989.78092629514","1790.8028336656262","1989.78092629514","discount_20"
"2025-10-18 07:00:00","4","1842.5577985858704","1658.3020187272834","1842.5577985858704","free_delivery"
"2025-10-18 08:00:00","27","14183.500274362998","12765.150246926698","14183.500274362998","discount_20"
"2025-10-18 09:00:00","20","8346.416672095269","7511.775004885742","8346.416672095269","discount_10"
"2025-10-18 10:00:00","16","6858.30355899032","6172.473203091288","6858.30355899032","free_delivery"
"2025-10-18 11:00:00","43","15667.695859372685","14100.926273435416","15667.695859372685","discount_20"
"2025-10-18 12:00:00","43","12906.301607658279","11615.671446892451","12906.301607658279","discount_20"
"2025-10-18 13:00:00","48","17321.233348240006","15589.110013416006","17321.233348240006","discount_10"
"2025-10-18 14:00:00","26","12900.533868361576","11610.480481525417","12900.533868361576","discount_10"
"2025-10-18 15:00:00","30","15914.95976831407","14323.463791482662","15914.95976831407","combo_deal"
"2025-10-18 16:00:00","23","8800.639634434734","7920.575670991261","8800.639634434734","free_delivery"
"2025-10-18 17:00:00","16","7237.550263669707","6513.7952373027365","7237.550263669707","discount_20"
"2025-10-18 18:00:00","40","16742.212215424483","15067.990993882035","16742.212215424483","combo_deal"
"2025-10-18 19:00:00","40","14650.781416503609","13185.703274853247","14650.781416503609","combo_deal"
"2025-10-18 20:00:00","31","12586.604808637485","11327.944327773737","12586.604808637485","discount_10"
"2025-10-18 21:00:00","31","10708.286476586643","9637.45782892798","10708.286476586643","no_promo"
"2025-10-18 22:00:00","14","5531.917488223263","4978.725739400937","5531.917488223263","no_promo"
"2025-10-18 23:00:00","10","3642.2013859498593","3277.9812473548736","3642.2013859498593","free_delivery"
"2025-10-19 00:00:00","6","3413.8519537665384","3072.4667583898845","3413.8519537665384","combo_deal"
"2025-10-19 01:00:00","11","3317.832960860409","2986.049664774368","3317.832960860409","discount_10"
"2025-10-19 02:00:00","10","3114.4936516453845","2803.044286480846","3114.4936516453845","combo_deal"
"2025-10-19 03:00:00","5","3526.562815421245","3173.9065338791206","3526.562815421245","discount_10"
"2025-10-19 04:00:00","8","3719.3872392658436","3347.4485153392593","3719.3872392658436","discount_10"
"2025-10-19 05:00:00","3","1599.0348568717434","1439.1313711845692","1599.0348568717434","discount_20"
"2025-10-19 06:00:00","3","2345.6596610935376","2111.093694984184","2345.6596610935376","discount_10"
"2025-10-19 07:00:00","13","4541.241935615126","4087.1177420536133","4541.241935615126","combo_deal"
"2025-10-19 08:00:00","17","7581.830379225117","6823.647341302606","7581.830379225117","free_delivery"
"2025-10-19 09:00:00","24","10647.002159861646","9582.301943875482","10647.002159861646","discount_10"
"2025-10-19 10:00:00","33","12323.488044644542","11091.139240180088","12323.488044644542","free_delivery"
"2025-10-19 11:00:00","31","13122.080892733553","11809.872803460197","13122.080892733553","discount_10"
"2025-10-19 12:00:00","32","9208.067861887614","8287.261075698852","9208.067861887614","no_promo"
"2025-10-19 13:00:00","35","16490.217964783733","14841.19616830536","16490.217964783733","free_delivery"
"2025-10-19 14:00:00","30","12754.906506576473","11479.415855918827","12754.906506576473","no_promo"
"2025-10-19 15:00:00","18","6029.148543694045","5426.23368932464","6029.148543694045","free_delivery"
"2025-10-19 16:00:00","20","7869.8761286301815","7082.888515767164","7869.8761286301815","discount_20"
"2025-10-19 17:00:00","20","9830.398558896426","8847.358703006783","9830.398558896426","discount_10"
"2025-10-19 18:00:00","29","11630.633414383541","10467.570072945187","11630.633414383541","discount_10"
"2025-10-19 19:00:00","36","11433.349603291645","10290.01464296248","11433.349603291645","no_promo"
"2025-10-19 20:00:00","47","19579.148150293004","17621.233335263703","19579.148150293004","discount_20"
"2025-10-19 21:00:00","30","8538.29395496854","7684.464559471686","8538.29395496854","no_promo"
"2025-10-19 22:00:00","15","6606.833034529334","5946.149731076401","6606.833034529334","discount_10"
"2025-10-19 23:00:00","20","7955.349185153666","7159.8142666383","7955.349185153666","combo_deal"
"2025-10-20 00:00:00","1","1698.179940086793","1528.3619460781138","1698.179940086793","combo_deal"
"2025-10-20 01:00:00","5","1426.6174545055887","1283.95570905503","1426.6174545055887","discount_20"
"2025-10-20 02:00:00","4","2303.937629534295","2073.5438665808656","2303.937629534295","no_promo"
"2025-10-20 03:00:00","8","3207.7096998773145","2886.938729889583","3207.7096998773145","free_delivery"
"2025-10-20 04:00:00","3","2373.342450744463","2136.0082056700167","2373.342450744463","free_delivery"
"2025-10-20 05:00:00","6","2075.0375615440266","1867.533805389624","2075.0375615440266","free_delivery"
"2025-10-20 06:00:00","9","2375.01948483545","2137.517536351905","2375.01948483545","free_delivery"
"2025-10-20 07:00:00","2","374.5627251776078","337.106452659847","374.5627251776078","combo_deal"
"2025-10-20 08:00:00","15","5765.841860968268","5189.257674871441","5765.841860968268","no_promo"
"2025-10-20 09:00:00","8","4675.445508869007","4207.900957982107","4675.445508869007","discount_10"
"2025-10-20 10:00:00","12","4877.154287784651","4389.438859006186","4877.154287784651","no_promo"
"2025-10-20 11:00:00","32","12336.201241430059","11102.581117287053","12336.201241430059","combo_deal"
"2025-10-20 12:00:00","21","8238.313112442414","7414.481801198173","8238.313112442414","discount_10"
"2025-10-20 13:00:00","24","12295.391313531993","11065.852182178794","12295.391313531993","free_delivery"
"2025-10-20 14:00:00","21","10730.79177730818","9657.712599577362","10730.79177730818","discount_10"
"2025-10-20 15:00:00","18","7329.205149992105","6596.284634992895","7329.205149992105","combo_deal"
"2025-10-20 16:00:00","15","7551.509347668891","6796.358412902002","7551.509347668891","discount_10"
"2025-10-20 17:00:00","16","5275.117613225279","4747.605851902751","5275.117613225279","combo_deal"
"2025-10-20 18:00:00","19","7776.112970314481","6998.501673283033","7776.112970314481","no_promo"
"2025-10-20 19:00:00","35","12523.23727943099","11270.91355148789","12523.23727943099","combo_deal"
"2025-10-20 20:00:00","25","10899.836208974119","9809.852588076707","10899.836208974119","no_promo"
"2025-10-20 21:00:00","34","14496.468239090478","13046.82141518143","14496.468239090478","combo_deal"
"2025-10-20 22:00:00","14","5148.36509145777","4633.528582311993","5148.36509145777","discount_20"
"2025-10-20 23:00:00","1","753.3140330031414","677.9826297028272","753.3140330031414","no_promo"
"2025-10-21 00:00:00","3","674.8457468812989","607.361172193169","674.8457468812989","discount_10"
"2025-10-21 01:00:00","6","1924.7606041018548","1732.2845436916693","1924.7606041018548","free_delivery"
"2025-10-21 02:00:00","3","725.9990835165701","653.3991751649131","725.9990835165701","discount_20"
"2025-10-21 03:00:00","5","966.0589281578012","869.4530353420212","966.0589281578012","no_promo"
"2025-10-21 04:00:00","1","1232.8449561475365","1109.5604605327828","1232.8449561475365","no_promo"
"2025-10-21 05:00:00","7","2818.469223540767","2536.6223011866905","2818.469223540767","discount_10"
"2025-10-21 06:00:00","3","483.9440887534034","435.54967987806305","483.9440887534034","no_promo"
"2025-10-21 07:00:00","4","2432.199423699954","2188.9794813299586","2432.199423699954","combo_deal"
"2025-10-21 08:00:00","10","3208.416571044121","2887.574913939709","3208.416571044121","no_promo"
"2025-10-21 09:00:00","20","7221.663911513406","6499.497520362065","7221.663911513406","discount_20"
"2025-10-21 10:00:00","22","9053.705737395525","8148.335163655973","9053.705737395525","combo_deal"
"2025-10-21 11:00:00","18","7484.048008743312","6735.64320786898","7484.048008743312","no_promo"
"2025-10-21 12:00:00","19","6115.896725502386","5504.307052952147","6115.896725502386","free_delivery"
"2025-10-21 13:00:00","27","11730.018367511751","10557.016530760577","11730.018367511751","free_delivery"
"2025-10-21 14:00:00","21","7347.267547628721","6612.54079286585","7347.267547628721","discount_10"
"2025-10-21 15:00:00","13","4747.9077259284295","4273.116953335587","4747.9077259284295","discount_10"
"2025-10-21 16:00:00","19","7020.9318025442635","6318.838622289837","7020.9318025442635","combo_deal"
"2025-10-21 17:00:00","13","4564.972305943495","4108.475075349145","4564.972305943495","free_delivery"
"2025-10-21 18:00:00","22","9374.109933285295","8436.698939956766","9374.109933285295","discount_10"
"2025-10-21 19:00:00","19","7441.890908741237","6697.701817867113","7441.890908741237","discount_10"
"2025-10-21 20:00:00","32","11654.075972780991","10488.668375502892","11654.075972780991","discount_10"
"2025-10-21 21:00:00","20","8119.604728185859","7307.644255367273","8119.604728185859","no_promo"
"2025-10-21 22:00:00","11","5973.7959438348935","5376.416349451404","5973.7959438348935","combo_deal"
"2025-10-21 23:00:00","6","1428.8208771523598","1285.938789437124","1428.8208771523598","discount_10"
"2025-10-22 00:00:00","6","1971.2507451832312","1774.125670664908","1971.2507451832312","free_delivery"
"2025-10-22 01:00:00","7","2403.69946581266","2163.329519231394","2403.69946581266","combo_deal"
"2025-10-22 02:00:00","7","2040.0876762377902","1836.0789086140112","2040.0876762377902","discount_20"
"2025-10-22 03:00:00","6","2569.907201924968","2312.9164817324713","2569.907201924968","discount_10"
"2025-10-22 04:00:00","2","623.9446931366952","561.5502238230257","623.9446931366952","no_promo"
"2025-10-22 05:00:00","2","1079.444452937037","971.5000076433334","1079.444452937037","discount_20"
"2025-10-22 06:00:00","3","634.7116325618466","571.2404693056619","634.7116325618466","discount_10"
"2025-10-22 07:00:00","6","2911.6062504331685","2620.4456253898516","2911.6062504331685","combo_deal"
"2025-10-22 08:00:00","21","7643.919810282046","6879.527829253841","7643.919810282046","no_promo"
"2025-10-22 09:00:00","18","6071.227462614636","5464.104716353173","6071.227462614636","combo_deal"
"2025-10-22 10:00:00","12","5920.751847230971","5328.676662507874","5920.751847230971","discount_20"
"2025-10-22 11:00:00","33","13987.926489089154","12589.133840180239","13987.926489089154","combo_deal"
"2025-10-22 12:00:00","27","8004.346561114718","7203.911905003246","8004.346561114718","no_promo"
"2025-10-22 13:00:00","17","7084.3717879990545","6375.934609199149","7084.3717879990545","discount_10"
"2025-10-22 14:00:00","35","15887.64877714679","14298.88389943211","15887.64877714679","free_delivery"
"2025-10-22 15:00:00","27","9022.349178150753","8120.1142603356775","9022.349178150753","combo_deal"
"2025-10-22 16:00:00","17","6394.197753448243","5754.777978103419","6394.197753448243","combo_deal"
"2025-10-22 17:00:00","14","4545.902372097428","4091.3121348876857","4545.902372097428","free_delivery"
"2025-10-22 18:00:00","21","7807.295573711276","7026.566016340149","7807.295573711276","no_promo"
"2025-10-22 19:00:00","29","11509.225657650162","10358.303091885145","11509.225657650162","discount_10"
"2025-10-22 20:00:00","18","8646.466894743538","7781.820205269185","8646.466894743538","discount_10"
"2025-10-22 21:00:00","25","9184.691869665457","8266.222682698912","9184.691869665457","discount_10"
"2025-10-22 22:00:00","16","7772.366631314242","6995.129968182818","7772.366631314242","free_delivery"
"2025-10-22 23:00:00","3","2280.8059568400804","2052.7253611560723","2280.8059568400804","discount_10"
"2025-10-23 00:00:00","11","3473.78045988296","3126.402413894664","3473.78045988296","discount_20"
"2025-10-23 01:00:00","8","3135.871759865008","2822.284583878507","3135.871759865008","discount_20"
"2025-10-23 02:00:00","8","2412.3010315026013","2171.070928352341","2412.3010315026013","discount_10"
"2025-10-23 03:00:00","1","948.3250152592008","853.4925137332807","948.3250152592008","combo_deal"
"2025-10-23 04:00:00","2","1419.8508842086428","1277.8657957877786","1419.8508842086428","combo_deal"
"2025-10-23 05:00:00","10","4078.25172304012","3670.426550736108","4078.25172304012","combo_deal"
"2025-10-23 06:00:00","4","3067.8929786025196","2761.103680742268","3067.8929786025196","free_delivery"
"2025-10-23 07:00:00","2","1712.8566650468124","1541.5709985421313","1712.8566650468124","free_delivery"
"2025-10-23 08:00:00","15","7686.957121640577","6918.2614094765195","7686.957121640577","free_delivery"
"2025-10-23 09:00:00","27","11898.937777908392","10709.044000117552","11898.937777908392","discount_20"
"2025-10-23 10:00:00","19","7859.888407509609","7073.899566758649","7859.888407509609","combo_deal"
"2025-10-23 11:00:00","30","12301.818487230148","11071.636638507134","12301.818487230148","combo_deal"
"2025-10-23 12:00:00","31","14122.410954799037","12710.169859319134","14122.410954799037","free_delivery"
"2025-10-23 13:00:00","18","8053.308072777332","7247.9772654995995","8053.308072777332","no_promo"
"2025-10-23 14:00:00","32","12028.099702162182","10825.289731945964","12028.099702162182","discount_10"
"2025-10-23 15:00:00","20","6842.700141799479","6158.430127619531","6842.700141799479","combo_deal"
"2025-10-23 16:00:00","15","5024.844806974034","4522.360326276631","5024.844806974034","no_promo"
"2025-10-23 17:00:00","11","4538.179330658525","4084.361397592673","4538.179330658525","discount_20"
"2025-10-23 18:00:00","21","6851.535052450242","6166.381547205217","6851.535052450242","discount_10"
"2025-10-23 19:00:00","21","9583.873651993406","8625.486286794066","9583.873651993406","no_promo"
"2025-10-23 20:00:00","21","8918.338179668053","8026.504361701248","8918.338179668053","discount_10"
"2025-10-23 21:00:00","36","14642.20546345873","13177.984917112857","14642.20546345873","combo_deal"
"2025-10-23 22:00:00","14","4927.296502842151","4434.566852557937","4927.296502842151","no_promo"
"2025-10-23 23:00:00","11","3219.2876634267595","2897.3588970840838","3219.2876634267595","discount_10"
"2025-10-24 00:00:00","7","2793.976071011136","2514.5784639100225","2793.976071011136","discount_10"
"2025-10-24 01:00:00","9","3017.123239621323","2715.410915659191","3017.123239621323","discount_10"
"2025-10-24 02:00:00","0","40.575580407966505","36.518022367169856","40.575580407966505","no_promo"
"2025-10-24 03:00:00","10","4609.5117871313805","4148.560608418243","4609.5117871313805","discount_20"
"2025-10-24 04:00:00","9","3816.7015006245415","3435.0313505620875","3816.7015006245415","combo_deal"
"2025-10-24 05:00:00","2","1277.2994519550361","1149.5695067595325","1277.2994519550361","no_promo"
"2025-10-24 06:00:00","6","1651.2133466732278","1486.092012005905","1651.2133466732278","discount_20"
"2025-10-24 07:00:00","5","2725.322754288756","2452.7904788598807","2725.322754288756","combo_deal"
"2025-10-24 08:00:00","13","6316.087440759523","5684.478696683571","6316.087440759523","free_delivery"
"2025-10-24 09:00:00","16","6681.165513168756","6013.04896185188","6681.165513168756","free_delivery"
"2025-10-24 10:00:00","8","3607.6278510529014","3246.865065947611","3607.6278510529014","no_promo"
"2025-10-24 11:00:00","27","9708.791091977986","8737.911982780188","9708.791091977986","free_delivery"
"2025-10-24 12:00:00","16","6021.142557431448","5419.028301688303","6021.142557431448","no_promo"
"2025-10-24 13:00:00","25","13739.208923663798","12365.28803129742","13739.208923663798","discount_10"
"2025-10-24 14:00:00","35","13870.254483417311","12483.229035075581","13870.254483417311","free_delivery"
"2025-10-24 15:00:00","18","6538.565311139498","5884.708780025548","6538.565311139498","no_promo"
"2025-10-24 16:00:00","10","6031.633944484857","5428.470550036372","6031.633944484857","free_delivery"
"2025-10-24 17:00:00","22","8474.615729766518","7627.154156789866","8474.615729766518","no_promo"
"2025-10-24 18:00:00","39","17123.151127711593","15410.836014940434","17123.151127711593","combo_deal"
"2025-10-24 19:00:00","25","11360.800676028031","10224.720608425228","11360.800676028031","discount_20"
"2025-10-24 20:00:00","28","12551.158204041996","11296.042383637798","12551.158204041996","discount_10"
"2025-10-24 21:00:00","36","15051.21886352933","13546.096977176398","15051.21886352933","discount_20"
"2025-10-24 22:00:00","14","6212.582424449702","5591.3241820047315","6212.582424449702","no_promo"
"2025-10-24 23:00:00","6","1321.5799444752047","1189.4219500276843","1321.5799444752047","no_promo"
"2025-10-25 00:00:00","2","830.1709925977773","747.1538933379995","830.1709925977773","no_promo"
"2025-10-25 01:00:00","5","2614.5344549774914","2353.081009479742","2614.5344549774914","no_promo"
"2025-10-25 02:00:00","3","1565.4785978756715","1408.9307380881044","1565.4785978756715","discount_10"
"2025-10-25 03:00:00","5","1153.3240177010437","1037.9916159309394","1153.3240177010437","no_promo"
"2025-10-25 04:00:00","6","2702.759960561383","2432.483964505245","2702.759960561383","discount_20"
"2025-10-25 05:00:00","6","1405.2741852900037","1264.7467667610033","1405.2741852900037","free_delivery"
"2025-10-25 06:00:00","4","1603.4584908497518","1443.1126417647768","1603.4584908497518","no_promo"
"2025-10-25 07:00:00","1","1079.298807045557","971.3689263410013","1079.298807045557","discount_10"
"2025-10-25 08:00:00","21","9999.087855816972","8999.179070235276","9999.087855816972","discount_20"
"2025-10-25 09:00:00","24","10595.907149393553","9536.316434454198","10595.907149393553","discount_10"
"2025-10-25 10:00:00","23","11341.46399830936","10207.317598478425","11341.46399830936","discount_10"
"2025-10-25 11:00:00","36","15268.239023199769","13741.415120879792","15268.239023199769","discount_10"
"2025-10-25 12:00:00","50","16374.670373883784","14737.203336495406","16374.670373883784","combo_deal"
"2025-10-25 13:00:00","44","16734.555302208788","15061.099771987909","16734.555302208788","free_delivery"
"2025-10-25 14:00:00","28","12107.126715571952","10896.414044014757","12107.126715571952","discount_10"
"2025-10-25 15:00:00","29","10612.845529034828","9551.560976131346","10612.845529034828","combo_deal"
"2025-10-25 16:00:00","35","16556.634947505434","14900.971452754891","16556.634947505434","combo_deal"
"2025-10-25 17:00:00","13","4917.075850208781","4425.3682651879035","4917.075850208781","discount_10"
"2025-10-25 18:00:00","30","10690.416389693492","9621.374750724142","10690.416389693492","no_promo"
"2025-10-25 19:00:00","35","12651.981965998364","11386.783769398528","12651.981965998364","combo_deal"
"2025-10-25 20:00:00","34","13072.140504062847","11764.926453656562","13072.140504062847","discount_10"
"2025-10-25 21:00:00","36","17659.33047540539","15893.397427864851","17659.33047540539","discount_20"
"2025-10-25 22:00:00","29","10749.130976887309","9674.217879198579","10749.130976887309","combo_deal"
"2025-10-25 23:00:00","8","2460.0828643705436","2214.0745779334893","2460.0828643705436","discount_20"
"2025-10-26 00:00:00","9","3837.0836338802947","3453.3752704922654","3837.0836338802947","free_delivery"
"2025-10-26 01:00:00","5","2033.0115991990733","1829.710439279166","2033.0115991990733","combo_deal"
"2025-10-26 02:00:00","6","2191.9328216126332","1972.7395394513699","2191.9328216126332","discount_20"
"2025-10-26 03:00:00","7","2671.7828064828254","2404.604525834543","2671.7828064828254","discount_10"
"2025-10-26 04:00:00","4","1494.6524596253219","1345.1872136627896","1494.6524596253219","no_promo"
"2025-10-26 05:00:00","7","2601.2330108896117","2341.1097098006508","2601.2330108896117","discount_10"
"2025-10-26 06:00:00","2","1833.1326046624836","1649.8193441962353","1833.1326046624836","no_promo"
"2025-10-26 07:00:00","11","3180.3015315043467","2862.271378353912","3180.3015315043467","free_delivery"
"2025-10-26 08:00:00","25","9195.127294541473","8275.614565087326","9195.127294541473","combo_deal"
"2025-10-26 09:00:00","30","11385.759610633151","10247.183649569837","11385.759610633151","combo_deal"
"2025-10-26 10:00:00","26","11054.005082294716","9948.604574065244","11054.005082294716","combo_deal"
"2025-10-26 11:00:00","39","14963.168964861406","13466.852068375267","14963.168964861406","discount_10"
"2025-10-26 12:00:00","37","14085.191300167342","12676.672170150609","14085.191300167342","discount_20"
"2025-10-26 13:00:00","39","16392.096699716058","14752.887029744452","16392.096699716058","combo_deal"
"2025-10-26 14:00:00","46","18759.99292900341","16883.993636103067","18759.99292900341","free_delivery"
"2025-10-26 15:00:00","26","9289.850871453438","8360.865784308095","9289.850871453438","discount_20"
"2025-10-26 16:00:00","14","5954.777702364906","5359.299932128415","5954.777702364906","no_promo"
"2025-10-26 17:00:00","34","12394.632791647393","11155.169512482655","12394.632791647393","discount_20"
"2025-10-26 18:00:00","46","14870.086326867871","13383.077694181084","14870.086326867871","discount_20"
"2025-10-26 19:00:00","36","15486.789080352151","13938.110172316936","15486.789080352151","discount_10"
"2025-10-26 20:00:00","40","18759.29278013094","16883.36350211785","18759.29278013094","discount_10"
"2025-10-26 21:00:00","33","13156.984442914656","11841.28599862319","13156.984442914656","discount_20"
"2025-10-26 22:00:00","14","5163.191559102144","4646.87240319193","5163.191559102144","no_promo"
"2025-10-26 23:00:00","7","2132.5325182471993","1919.2792664224794","2132.5325182471993","discount_20"
"2025-10-27 00:00:00","5","983.7781202112485","885.4003081901237","983.7781202112485","discount_10"
"2025-10-27 01:00:00","7","3074.150970712259","2766.7358736410333","3074.150970712259","free_delivery"
"2025-10-27 02:00:00","2","742.3927452253563","668.1534707028206","742.3927452253563","discount_10"
"2025-10-27 03:00:00","6","2726.9500727983823","2454.255065518544","2726.9500727983823","no_promo"
"2025-10-27 04:00:00","5","1943.7467388874695","1749.3720649987226","1943.7467388874695","discount_10"
"2025-10-27 05:00:00","2","1639.49402576619","1475.544623189571","1639.49402576619","discount_20"
"2025-10-27 06:00:00","6","2338.5627000091126","2104.7064300082016","2338.5627000091126","no_promo"
"2025-10-27 07:00:00","2","1602.359259726571","1442.123333753914","1602.359259726571","combo_deal"
"2025-10-27 08:00:00","14","5405.497271579862","4864.947544421876","5405.497271579862","discount_10"
"2025-10-27 09:00:00","9","4631.333427689763","4168.200084920787","4631.333427689763","discount_10"
"2025-10-27 10:00:00","16","5764.6225597298135","5188.160303756832","5764.6225597298135","discount_10"
"2025-10-27 11:00:00","31","11539.25234832457","10385.327113492112","11539.25234832457","discount_20"
"2025-10-27 12:00:00","35","13477.14954441745","12129.434589975706","13477.14954441745","discount_20"
"2025-10-27 13:00:00","39","17658.753742779125","15892.878368501213","17658.753742779125","combo_deal"
"2025-10-27 14:00:00","22","11215.57385959779","10094.01647363801","11215.57385959779","free_delivery"
"2025-10-27 15:00:00","18","7180.953192464208","6462.8578732177875","7180.953192464208","discount_20"
"2025-10-27 16:00:00","11","5024.679220696084","4522.211298626476","5024.679220696084","free_delivery"
"2025-10-27 17:00:00","11","4603.422471262811","4143.08022413653","4603.422471262811","discount_20"
"2025-10-27 18:00:00","23","9371.494099024832","8434.34468912235","9371.494099024832","discount_20"
"2025-10-27 19:00:00","27","10110.693018871965","9099.623716984768","10110.693018871965","combo_deal"
"2025-10-27 20:00:00","21","8542.51740621835","7688.265665596516","8542.51740621835","no_promo"
"2025-10-27 21:00:00","27","13945.364968808164","12550.828471927349","13945.364968808164","free_delivery"
"2025-10-27 22:00:00","21","9577.061515355877","8619.35536382029","9577.061515355877","discount_20"
"2025-10-27 23:00:00","7","2747.713784133887","2472.9424057204988","2747.713784133887","free_delivery"
"2025-10-28 00:00:00","6","2478.887041179633","2230.9983370616696","2478.887041179633","free_delivery"
"2025-10-28 01:00:00","6","1457.2774777680847","1311.5497299912763","1457.2774777680847","discount_10"
"2025-10-28 02:00:00","5","1321.6630783598398","1189.496770523856","1321.6630783598398","free_delivery"
"2025-10-28 03:00:00","2","676.6362777545243","608.9726499790719","676.6362777545243","no_promo"
"2025-10-28 04:00:00","7","2752.5242242481136","2477.271801823302","2752.5242242481136","discount_20"
"2025-10-28 05:00:00","2","1934.4830118699147","1741.0347106829233","1934.4830118699147","discount_20"
"2025-10-28 06:00:00","1","265.0445818912969","238.54012370216722","265.0445818912969","no_promo"
"2025-10-28 07:00:00","3","851.1842897551047","766.0658607795942","851.1842897551047","free_delivery"
"2025-10-28 08:00:00","25","10740.280307189654","9666.252276470688","10740.280307189654","combo_deal"
"2025-10-28 09:00:00","15","5619.515594349868","5057.564034914881","5619.515594349868","no_promo"
"2025-10-28 10:00:00","19","8656.818344008267","7791.1365096074405","8656.818344008267","discount_20"
"2025-10-28 11:00:00","34","15656.032955441488","14090.42965989734","15656.032955441488","discount_20"
"2025-10-28 12:00:00","19","7893.8128348838945","7104.431551395505","7893.8128348838945","no_promo"
"2025-10-28 13:00:00","39","14910.303260022893","13419.272934020604","14910.303260022893","combo_deal"
"2025-10-28 14:00:00","25","13056.799046132073","11751.119141518866","13056.799046132073","combo_deal"
"2025-10-28 15:00:00","15","5335.371251726424","4801.834126553782","5335.371251726424","free_delivery"
"2025-10-28 16:00:00","14","5982.617600476519","5384.355840428868","5982.617600476519","discount_20"
"2025-10-28 17:00:00","22","9611.852924732826","8650.667632259543","9611.852924732826","combo_deal"
"2025-10-28 18:00:00","32","13108.588366621845","11797.72952995966","13108.588366621845","discount_20"
"2025-10-28 19:00:00","30","11664.214642793013","10497.793178513712","11664.214642793013","free_delivery"
"2025-10-28 20:00:00","34","10653.537008101763","9588.183307291587","10653.537008101763","combo_deal"
"2025-10-28 21:00:00","31","10356.869963682751","9321.182967314477","10356.869963682751","free_delivery"
"2025-10-28 22:00:00","19","9339.706706119394","8405.736035507454","9339.706706119394","discount_20"
"2025-10-28 23:00:00","9","3419.6484992324426","3077.6836493091982","3419.6484992324426","combo_deal"
"2025-10-29 00:00:00","1","1433.9688803392448","1290.5719923053205","1433.9688803392448","discount_10"
"2025-10-29 01:00:00","1","717.8285453396039","646.0456908056435","717.8285453396039","discount_10"
"2025-10-29 02:00:00","4","1048.4079341883494","943.5671407695145","1048.4079341883494","discount_10"
"2025-10-29 03:00:00","5","1134.891068297094","1021.4019614673847","1134.891068297094","discount_10"
"2025-10-29 04:00:00","2","1764.6738983537948","1588.2065085184154","1764.6738983537948","combo_deal"
"2025-10-29 05:00:00","7","3019.4002538812674","2717.4602284931407","3019.4002538812674","discount_10"
"2025-10-29 06:00:00","4","1513.4408610346652","1362.0967749311988","1513.4408610346652","no_promo"
"2025-10-29 07:00:00","5","2945.5742464696987","2651.016821822729","2945.5742464696987","free_delivery"
"2025-10-29 08:00:00","13","5792.454247026844","5213.20882232416","5792.454247026844","combo_deal"
"2025-10-29 09:00:00","24","6866.078047543089","6179.4702427887805","6866.078047543089","discount_20"
"2025-10-29 10:00:00","18","8431.679421615827","7588.511479454244","8431.679421615827","combo_deal"
"2025-10-29 11:00:00","29","11564.588548040925","10408.129693236833","11564.588548040925","combo_deal"
"2025-10-29 12:00:00","36","15110.95226901928","13599.857042117354","15110.95226901928","discount_10"
"2025-10-29 13:00:00","23","7101.977728305715","6391.779955475144","7101.977728305715","combo_deal"
"2025-10-29 14:00:00","31","11548.258931644072","10393.433038479665","11548.258931644072","discount_20"
"2025-10-29 15:00:00","18","5925.5924768615105","5333.033229175359","5925.5924768615105","free_delivery"
"2025-10-29 16:00:00","17","8341.200905626656","7507.0808150639905","8341.200905626656","discount_20"
"2025-10-29 17:00:00","11","2839.7827639968896","2555.8044875972005","2839.7827639968896","no_promo"
"2025-10-29 18:00:00","31","10742.664867802858","9668.398381022573","10742.664867802858","no_promo"
"2025-10-29 19:00:00","17","7366.090166722795","6629.481150050516","7366.090166722795","discount_10"
"2025-10-29 20:00:00","31","13115.932477721057","11804.339229948951","13115.932477721057","discount_10"
"2025-10-29 21:00:00","16","7705.84793123056","6935.263138107504","7705.84793123056","no_promo"
"2025-10-29 22:00:00","12","3817.512088159579","3435.760879343621","3817.512088159579","discount_10"
"2025-10-29 23:00:00","7","1712.9207948072465","1541.6287153265218","1712.9207948072465","combo_deal"
"2025-10-30 00:00:00","4","1216.0351734582496","1094.4316561124247","1216.0351734582496","free_delivery"
"2025-10-30 01:00:00","4","2092.870990269893","1883.5838912429037","2092.870990269893","free_delivery"
"2025-10-30 02:00:00","2","1657.9539813791023","1492.158583241192","1657.9539813791023","free_delivery"
"2025-10-30 03:00:00","4","1808.4981604802424","1627.6483444322182","1808.4981604802424","free_delivery"
"2025-10-30 04:00:00","6","3379.7579358699923","3041.782142282993","3379.7579358699923","combo_deal"
"2025-10-30 05:00:00","3","2351.8705039977967","2116.683453598017","2351.8705039977967","discount_10"
"2025-10-30 06:00:00","3","655.5049436477364","589.9544492829627","655.5049436477364","discount_20"
"2025-10-30 07:00:00","3","2701.37955333177","2431.241597998593","2701.37955333177","discount_20"
"2025-10-30 08:00:00","12","5021.086783960446","4518.978105564402","5021.086783960446","free_delivery"
"2025-10-30 09:00:00","16","4684.084296756127","4215.675867080514","4684.084296756127","no_promo"
"2025-10-30 10:00:00","21","7418.900352531753","6677.0103172785775","7418.900352531753","combo_deal"
"2025-10-30 11:00:00","26","12232.433902541417","11009.190512287276","12232.433902541417","free_delivery"
"2025-10-30 12:00:00","40","16975.190274606073","15277.671247145467","16975.190274606073","combo_deal"
"2025-10-30 13:00:00","35","16700.7860013361","15030.70740120249","16700.7860013361","free_delivery"
"2025-10-30 14:00:00","24","9785.867286125154","8807.280557512639","9785.867286125154","discount_10"
"2025-10-30 15:00:00","25","8851.59894780683","7966.439053026147","8851.59894780683","combo_deal"
"2025-10-30 16:00:00","22","7331.400386394833","6598.260347755349","7331.400386394833","free_delivery"
"2025-10-30 17:00:00","10","5335.347759216118","4801.812983294506","5335.347759216118","discount_10"
"2025-10-30 18:00:00","31","11037.252780469604","9933.527502422643","11037.252780469604","free_delivery"
"2025-10-30 19:00:00","28","11148.987117062497","10034.088405356248","11148.987117062497","no_promo"
"2025-10-30 20:00:00","17","6703.130416961965","6032.8173752657685","6703.130416961965","no_promo"
"2025-10-30 21:00:00","33","15741.371985793938","14167.234787214544","15741.371985793938","discount_20"
"2025-10-30 22:00:00","19","6801.8727221462095","6121.685449931589","6801.8727221462095","free_delivery"
"2025-10-30 23:00:00","8","4216.0829671486545","3794.474670433789","4216.0829671486545","free_delivery"
"2025-10-31 00:00:00","2","1029.1366565536964","926.2229908983268","1029.1366565536964","combo_deal"
"2025-10-31 01:00:00","1","219.21209652014434","197.29088686812992","219.21209652014434","no_promo"
"2025-10-31 02:00:00","6","3174.907493827462","2857.4167444447157","3174.907493827462","discount_10"
"2025-10-31 03:00:00","3","1416.6866043094037","1275.0179438784635","1416.6866043094037","discount_10"
"2025-10-31 04:00:00","3","740.6983180673525","666.6284862606173","740.6983180673525","free_delivery"
"2025-10-31 05:00:00","6","2353.8228345045577","2118.440551054102","2353.8228345045577","free_delivery"
"2025-10-31 06:00:00","9","2030.9446104835692","1827.8501494352124","2030.9446104835692","discount_10"
"2025-10-31 07:00:00","6","2373.7424976744696","2136.3682479070226","2373.7424976744696","combo_deal"
"2025-10-31 08:00:00","12","6723.033059808338","6050.729753827504","6723.033059808338","free_delivery"
"2025-10-31 09:00:00","17","8726.460130762418","7853.814117686176","8726.460130762418","discount_20"
"2025-10-31 10:00:00","18","8218.654023890194","7396.788621501175","8218.654023890194","discount_20"
"2025-10-31 11:00:00","35","14889.333731943681","13400.400358749313","14889.333731943681","discount_20"
"2025-10-31 12:00:00","29","11483.95375725519","10335.558381529672","11483.95375725519","combo_deal"
"2025-10-31 13:00:00","31","12290.473962044352","11061.426565839918","12290.473962044352","no_promo"
"2025-10-31 14:00:00","21","8218.32760917115","7396.494848254036","8218.32760917115","no_promo"
"2025-10-31 15:00:00","14","7828.5969417068545","7045.737247536169","7828.5969417068545","discount_20"
"2025-10-31 16:00:00","20","7207.003673288976","6486.303305960078","7207.003673288976","discount_20"
"2025-10-31 17:00:00","16","6877.839051509319","6190.055146358387","6877.839051509319","free_delivery"
"2025-10-31 18:00:00","26","8641.112570627572","7777.001313564815","8641.112570627572","discount_10"
"2025-10-31 19:00:00","27","11323.994947461442","10191.595452715299","11323.994947461442","free_delivery"
"2025-10-31 20:00:00","25","11778.42968791139","10600.58671912025","11778.42968791139","free_delivery"
"2025-10-31 21:00:00","30","13939.506910839274","12545.556219755348","13939.506910839274","combo_deal"
"2025-10-31 22:00:00","24","9402.573961060096","8462.316564954086","9402.573961060096","combo_deal"
"2025-10-31 23:00:00","4","1595.9692216026378","1436.372299442374","1595.9692216026378","combo_deal"
"2025-11-01 00:00:00","9","2668.5550006846925","2401.6995006162233","2668.5550006846925","discount_10"
"2025-11-01 01:00:00","4","2276.8867865209877","2049.198107868889","2276.8867865209877","discount_10"
"2025-11-01 02:00:00","10","3409.2847781101195","3068.3563002991077","3409.2847781101195","combo_deal"
"2025-11-01 03:00:00","7","2298.8136917754982","2068.9323225979483","2298.8136917754982","combo_deal"
"2025-11-01 04:00:00","8","3457.705835900027","3111.935252310024","3457.705835900027","discount_10"
"2025-11-01 05:00:00","6","1940.8311858667573","1746.7480672800816","1940.8311858667573","free_delivery"
"2025-11-01 06:00:00","6","1734.716487771838","1561.2448389946542","1734.716487771838","no_promo"
"2025-11-01 07:00:00","6","1292.6462085528624","1163.3815876975762","1292.6462085528624","discount_10"
"2025-11-01 08:00:00","16","6038.808625617286","5434.927763055558","6038.808625617286","no_promo"
"2025-11-01 09:00:00","31","12453.048560835517","11207.743704751965","12453.048560835517","combo_deal"
"2025-11-01 10:00:00","17","7851.08262200066","7065.974359800594","7851.08262200066","free_delivery"
"2025-11-01 11:00:00","40","17109.635655292466","15398.67208976322","17109.635655292466","no_promo"
"2025-11-01 12:00:00","39","16553.524577453463","14898.172119708117","16553.524577453463","combo_deal"
"2025-11-01 13:00:00","43","13221.590371725368","11899.431334552832","13221.590371725368","free_delivery"
"2025-11-01 14:00:00","31","9691.94561582984","8722.751054246855","9691.94561582984","free_delivery"
"2025-11-01 15:00:00","21","8139.900833568576","7325.910750211719","8139.900833568576","no_promo"
"2025-11-01 16:00:00","32","11716.02072492266","10544.418652430395","11716.02072492266","combo_deal"
"2025-11-01 17:00:00","17","5893.366484709166","5304.029836238249","5893.366484709166","discount_10"
"2025-11-01 18:00:00","37","15674.468086781988","14107.02127810379","15674.468086781988","free_delivery"
"2025-11-01 19:00:00","53","20738.775245061","18664.897720554898","20738.775245061","combo_deal"
"2025-11-01 20:00:00","33","11916.956312511673","10725.260681260506","11916.956312511673","no_promo"
"2025-11-01 21:00:00","30","13478.461455482662","12130.615309934396","13478.461455482662","combo_deal"
"2025-11-01 22:00:00","19","7593.964279082021","6834.567851173819","7593.964279082021","discount_10"
"2025-11-01 23:00:00","11","3308.7202276410244","2977.848204876922","3308.7202276410244","free_delivery"
"2025-11-02 00:00:00","7","1991.4181740813447","1792.2763566732103","1991.4181740813447","no_promo"
"2025-11-02 01:00:00","6","1738.1589235227957","1564.3430311705163","1738.1589235227957","free_delivery"
"2025-11-02 02:00:00","8","2511.701957877192","2260.531762089473","2511.701957877192","discount_20"
"2025-11-02 03:00:00","5","1833.7448162924236","1650.3703346631812","1833.7448162924236","no_promo"
"2025-11-02 04:00:00","6","1678.8162379341582","1510.9346141407423","1678.8162379341582","no_promo"
"2025-11-02 05:00:00","4","2223.354163011863","2001.0187467106766","2223.354163011863","free_delivery"
"2025-11-02 06:00:00","10","5387.786706613529","4849.008035952176","5387.786706613529","discount_20"
"2025-11-02 07:00:00","8","2685.065126984164","2416.558614285748","2685.065126984164","no_promo"
"2025-11-02 08:00:00","30","9378.306887249204","8440.476198524284","9378.306887249204","discount_20"
"2025-11-02 09:00:00","25","7872.178379180232","7084.960541262209","7872.178379180232","no_promo"
"2025-11-02 10:00:00","17","6939.411635763223","6245.470472186901","6939.411635763223","free_delivery"
"2025-11-02 11:00:00","29","15164.833098149275","13648.349788334348","15164.833098149275","discount_10"
"2025-11-02 12:00:00","38","16354.646550646934","14719.18189558224","16354.646550646934","discount_20"
"2025-11-02 13:00:00","53","25615.802255459614","23054.222029913653","25615.802255459614","combo_deal"
"2025-11-02 14:00:00","29","11428.392613458758","10285.553352112882","11428.392613458758","discount_20"
"2025-11-02 15:00:00","22","10265.968067609485","9239.371260848537","10265.968067609485","combo_deal"
"2025-11-02 16:00:00","16","5827.499550609754","5244.749595548778","5827.499550609754","free_delivery"
"2025-11-02 17:00:00","23","8608.9837588112","7748.08538293008","8608.9837588112","free_delivery"
"2025-11-02 18:00:00","37","16576.004705807693","14918.404235226924","16576.004705807693","free_delivery"
"2025-11-02 19:00:00","29","11526.260907497093","10373.634816747384","11526.260907497093","no_promo"
"2025-11-02 20:00:00","30","8618.936789530597","7757.043110577537","8618.936789530597","discount_10"
"2025-11-02 21:00:00","42","20418.69560987652","18376.826048888866","20418.69560987652","discount_10"
"2025-11-02 22:00:00","17","7527.553399917579","6774.798059925821","7527.553399917579","no_promo"
"2025-11-02 23:00:00","6","1517.6012901818315","1365.8411611636484","1517.6012901818315","discount_10"
"2025-11-03 00:00:00","3","1929.392720347625","1736.4534483128625","1929.392720347625","combo_deal"
"2025-11-03 01:00:00","6","2465.588697661943","2219.029827895749","2465.588697661943","discount_10"
"2025-11-03 02:00:00","4","1509.056271843504","1358.1506446591536","1509.056271843504","discount_20"
"2025-11-03 03:00:00","8","2769.762816799438","2492.786535119494","2769.762816799438","no_promo"
"2025-11-03 04:00:00","7","1827.998928443245","1645.1990355989205","1827.998928443245","free_delivery"
"2025-11-03 05:00:00","4","1160.9908199136974","1044.8917379223276","1160.9908199136974","no_promo"
"2025-11-03 06:00:00","2","1805.0118588097785","1624.5106729288007","1805.0118588097785","free_delivery"
"2025-11-03 07:00:00","2","2029.5740210684507","1826.6166189616058","2029.5740210684507","combo_deal"
"2025-11-03 08:00:00","15","6944.259708323287","6249.833737490958","6944.259708323287","combo_deal"
"2025-11-03 09:00:00","13","4620.174507220132","4158.157056498119","4620.174507220132","no_promo"
"2025-11-03 10:00:00","17","8042.971296627767","7238.67416696499","8042.971296627767","discount_20"
"2025-11-03 11:00:00","34","10425.249943496994","9382.724949147296","10425.249943496994","combo_deal"
"2025-11-03 12:00:00","31","13192.62531860259","11873.362786742331","13192.62531860259","no_promo"
"2025-11-03 13:00:00","23","11341.647204911475","10207.482484420327","11341.647204911475","discount_20"
"2025-11-03 14:00:00","27","12571.117367656294","11314.005630890664","12571.117367656294","no_promo"
"2025-11-03 15:00:00","11","4928.003636293697","4435.203272664327","4928.003636293697","discount_20"
"2025-11-03 16:00:00","21","7977.4320353937355","7179.688831854362","7977.4320353937355","discount_20"
"2025-11-03 17:00:00","11","5706.972884904458","5136.275596414012","5706.972884904458","no_promo"
"2025-11-03 18:00:00","13","4124.120665499392","3711.708598949453","4124.120665499392","no_promo"
"2025-11-03 19:00:00","22","9731.834958226495","8758.651462403845","9731.834958226495","discount_20"
"2025-11-03 20:00:00","31","14245.252717349164","12820.727445614248","14245.252717349164","free_delivery"
"2025-11-03 21:00:00","35","15937.152036719232","14343.436833047308","15937.152036719232","discount_20"
"2025-11-03 22:00:00","19","6813.890800627033","6132.50172056433","6813.890800627033","free_delivery"
"2025-11-03 23:00:00","7","3186.016236167857","2867.4146125510715","3186.016236167857","free_delivery"
"2025-11-04 00:00:00","4","2112.582235955799","1901.3240123602193","2112.582235955799","free_delivery"
"2025-11-04 01:00:00","5","2282.3126093675196","2054.081348430768","2282.3126093675196","free_delivery"
"2025-11-04 02:00:00","2","1451.00432719952","1305.9038944795682","1451.00432719952","discount_20"
"2025-11-04 03:00:00","4","2200.1534276435464","1980.1380848791919","2200.1534276435464","discount_10"
"2025-11-04 04:00:00","5","1596.2326807472691","1436.6094126725422","1596.2326807472691","no_promo"
"2025-11-04 05:00:00","3","2418.318260959476","2176.4864348635283","2418.318260959476","discount_20"
"2025-11-04 06:00:00","6","3007.9906531248434","2707.191587812359","3007.9906531248434","combo_deal"
"2025-11-04 07:00:00","7","4106.165667726234","3695.5491009536104","4106.165667726234","discount_20"
"2025-11-04 08:00:00","17","6046.161178677349","5441.545060809614","6046.161178677349","no_promo"
"2025-11-04 09:00:00","6","2123.1891109732746","1910.8701998759473","2123.1891109732746","no_promo"
"2025-11-04 10:00:00","14","5801.452234758312","5221.307011282482","5801.452234758312","discount_10"
"2025-11-04 11:00:00","34","11103.454587316388","9993.109128584749","11103.454587316388","discount_10"
"2025-11-04 12:00:00","18","7238.878805246386","6514.990924721747","7238.878805246386","no_promo"
"2025-11-04 13:00:00","25","11564.339871919112","10407.9058847272","11564.339871919112","no_promo"
"2025-11-04 14:00:00","38","14956.100927389465","13460.490834650518","14956.100927389465","free_delivery"
"2025-11-04 15:00:00","21","11044.870662961132","9940.383596665019","11044.870662961132","discount_20"
"2025-11-04 16:00:00","19","6953.45709165418","6258.111382488762","6953.45709165418","discount_10"
"2025-11-04 17:00:00","12","6472.910931478886","5825.6198383309975","6472.910931478886","free_delivery"
"2025-11-04 18:00:00","32","14732.011181296695","13258.810063167026","14732.011181296695","discount_20"
"2025-11-04 19:00:00","28","12245.121284752593","11020.609156277334","12245.121284752593","free_delivery"
"2025-11-04 20:00:00","21","9396.123201873117","8456.510881685806","9396.123201873117","no_promo"
"2025-11-04 21:00:00","32","13737.979533442996","12364.181580098697","13737.979533442996","free_delivery"
"2025-11-04 22:00:00","8","4115.1096765042885","3703.5987088538595","4115.1096765042885","no_promo"
"2025-11-04 23:00:00","6","1688.6735558300381","1519.8062002470344","1688.6735558300381","free_delivery"
"2025-11-05 00:00:00","6","1464.9697477847694","1318.4727730062925","1464.9697477847694","discount_20"
"2025-11-05 01:00:00","4","2182.8448167394768","1964.5603350655292","2182.8448167394768","combo_deal"
"2025-11-05 02:00:00","7","3082.5300529172537","2774.277047625528","3082.5300529172537","discount_20"
"2025-11-05 03:00:00","3","672.6195722185591","605.3576149967032","672.6195722185591","free_delivery"
"2025-11-05 04:00:00","12","4513.364278690583","4062.0278508215247","4513.364278690583","free_delivery"
"2025-11-05 05:00:00","4","651.8663170721132","586.679685364902","651.8663170721132","discount_20"
"2025-11-05 06:00:00","12","4179.370798809272","3761.4337189283447","4179.370798809272","free_delivery"
"2025-11-05 07:00:00","3","534.901452172455","481.41130695520957","534.901452172455","discount_10"
"2025-11-05 08:00:00","13","7124.227991363026","6411.805192226724","7124.227991363026","free_delivery"
"2025-11-05 09:00:00","17","6499.762873094658","5849.786585785192","6499.762873094658","no_promo"
"2025-11-05 10:00:00","19","8561.822677214392","7705.640409492953","8561.822677214392","no_promo"
"2025-11-05 11:00:00","11","4064.8634543087796","3658.3771088779017","4064.8634543087796","no_promo"
"2025-11-05 12:00:00","35","14265.060316179202","12838.554284561282","14265.060316179202","free_delivery"
"2025-11-05 13:00:00","17","6258.730683502308","5632.857615152077","6258.730683502308","no_promo"
"2025-11-05 14:00:00","31","12526.352692508208","11273.717423257387","12526.352692508208","discount_10"
"2025-11-05 15:00:00","20","6361.764630623752","5725.588167561377","6361.764630623752","no_promo"
"2025-11-05 16:00:00","15","6091.13947471748","5482.0255272457325","6091.13947471748","free_delivery"
"2025-11-05 17:00:00","19","8105.751441064247","7295.176296957822","8105.751441064247","discount_10"
"2025-11-05 18:00:00","22","9443.965158045783","8499.568642241205","9443.965158045783","discount_10"
"2025-11-05 19:00:00","29","13487.64532375458","12138.880791379122","13487.64532375458","combo_deal"
"2025-11-05 20:00:00","25","10188.710644136147","9169.839579722533","10188.710644136147","free_delivery"
"2025-11-05 21:00:00","42","18789.390028350223","16910.4510255152","18789.390028350223","combo_deal"
"2025-11-05 22:00:00","8","4269.03461599313","3842.131154393817","4269.03461599313","no_promo"
"2025-11-05 23:00:00","5","3135.0288542653134","2821.5259688387823","3135.0288542653134","discount_20"
"2025-11-06 00:00:00","2","1017.945642184638","916.1510779661743","1017.945642184638","no_promo"
"2025-11-06 01:00:00","6","2671.91966709309","2404.727700383781","2671.91966709309","discount_20"
"2025-11-06 02:00:00","4","1161.9947793537033","1045.7953014183329","1161.9947793537033","free_delivery"
"2025-11-06 03:00:00","8","2685.0105069512265","2416.509456256104","2685.0105069512265","no_promo"
"2025-11-06 04:00:00","4","1092.1315144239513","982.9183629815562","1092.1315144239513","no_promo"
"2025-11-06 05:00:00","3","599.2670936661511","539.340384299536","599.2670936661511","no_promo"
"2025-11-06 06:00:00","3","1803.6016708092936","1623.2415037283643","1803.6016708092936","free_delivery"
"2025-11-06 07:00:00","8","2665.100124253573","2398.590111828216","2665.100124253573","no_promo"
"2025-11-06 08:00:00","18","8500.128928274733","7650.1160354472595","8500.128928274733","free_delivery"
"2025-11-06 09:00:00","14","4996.486594679158","4496.837935211242","4996.486594679158","no_promo"
"2025-11-06 10:00:00","11","4352.009749737258","3916.8087747635323","4352.009749737258","no_promo"
"2025-11-06 11:00:00","40","14717.103982367702","13245.393584130932","14717.103982367702","combo_deal"
"2025-11-06 12:00:00","29","11029.035139820877","9926.131625838789","11029.035139820877","discount_20"
"2025-11-06 13:00:00","40","16649.43101368349","14984.487912315142","16649.43101368349","discount_20"
"2025-11-06 14:00:00","21","9801.743251625121","8821.568926462609","9801.743251625121","discount_10"
"2025-11-06 15:00:00","8","4445.491192065927","4000.9420728593345","4445.491192065927","no_promo"
"2025-11-06 16:00:00","13","5293.104017849105","4763.793616064195","5293.104017849105","combo_deal"
"2025-11-06 17:00:00","15","4346.900674409304","3912.2106069683737","4346.900674409304","no_promo"
"2025-11-06 18:00:00","29","11386.979375986992","10248.281438388292","11386.979375986992","combo_deal"
"2025-11-06 19:00:00","27","10745.305302941157","9670.77477264704","10745.305302941157","combo_deal"
"2025-11-06 20:00:00","34","15399.717868369004","13859.746081532103","15399.717868369004","discount_20"
"2025-11-06 21:00:00","28","15251.577938281094","13726.420144452984","15251.577938281094","combo_deal"
"2025-11-06 22:00:00","14","6165.327903518016","5548.795113166214","6165.327903518016","free_delivery"
"2025-11-06 23:00:00","5","2746.951164729797","2472.2560482568174","2746.951164729797","combo_deal"
"2025-11-07 00:00:00","4","1417.969776729983","1276.1727990569848","1417.969776729983","no_promo"
"2025-11-07 01:00:00","2","806.7648440832678","726.088359674941","806.7648440832678","no_promo"
"2025-11-07 02:00:00","2","1292.8652412969043","1163.5787171672139","1292.8652412969043","discount_10"
"2025-11-07 03:00:00","7","2419.5658388415413","2177.6092549573873","2419.5658388415413","combo_deal"
"2025-11-07 04:00:00","5","1317.619937255676","1185.8579435301083","1317.619937255676","discount_10"
"2025-11-07 05:00:00","7","2434.863080903205","2191.3767728128846","2434.863080903205","combo_deal"
"2025-11-07 06:00:00","10","3495.878810202563","3146.2909291823066","3495.878810202563","discount_20"
"2025-11-07 07:00:00","4","2189.4276035828934","1970.4848432246042","2189.4276035828934","no_promo"
"2025-11-07 08:00:00","15","8798.18168746487","7918.363518718384","8798.18168746487","combo_deal"
"2025-11-07 09:00:00","16","8160.89369265537","7344.8043233898325","8160.89369265537","combo_deal"
"2025-11-07 10:00:00","13","7310.16458875918","6579.148129883262","7310.16458875918","discount_10"
"2025-11-07 11:00:00","31","10659.69884262904","9593.728958366137","10659.69884262904","no_promo"
"2025-11-07 12:00:00","35","12240.375216627634","11016.33769496487","12240.375216627634","discount_20"
"2025-11-07 13:00:00","25","12022.658882275426","10820.392994047883","12022.658882275426","discount_10"
"2025-11-07 14:00:00","38","16796.24944404805","15116.624499643247","16796.24944404805","combo_deal"
"2025-11-07 15:00:00","28","13649.292109564578","12284.36289860812","13649.292109564578","discount_20"
"2025-11-07 16:00:00","12","4733.013773370385","4259.7123960333465","4733.013773370385","combo_deal"
"2025-11-07 17:00:00","20","7830.501682479065","7047.451514231158","7830.501682479065","discount_20"
"2025-11-07 18:00:00","33","13863.6133847215","12477.25204624935","13863.6133847215","free_delivery"
"2025-11-07 19:00:00","31","12845.661842198324","11561.095657978492","12845.661842198324","discount_20"
"2025-11-07 20:00:00","31","14359.548249267049","12923.593424340344","14359.548249267049","combo_deal"
"2025-11-07 21:00:00","36","13399.693918460016","12059.724526614014","13399.693918460016","free_delivery"
"2025-11-07 22:00:00","15","6617.388337554257","5955.649503798832","6617.388337554257","discount_20"
"2025-11-07 23:00:00","2","1415.5492306258077","1273.994307563227","1415.5492306258077","discount_10"
"2025-11-08 00:00:00","6","2275.968542535327","2048.3716882817944","2275.968542535327","discount_20"
"2025-11-08 01:00:00","7","2486.7621916773","2238.08597250957","2486.7621916773","free_delivery"
"2025-11-08 02:00:00","7","2924.2878398480643","2631.859055863258","2924.2878398480643","discount_10"
"2025-11-08 03:00:00","5","2308.752115721028","2077.8769041489254","2308.752115721028","free_delivery"
"2025-11-08 04:00:00","11","3232.942105613435","2909.647895052092","3232.942105613435","combo_deal"
"2025-11-08 05:00:00","10","3661.376197205788","3295.238577485209","3661.376197205788","combo_deal"
"2025-11-08 06:00:00","5","1765.2292987969483","1588.7063689172535","1765.2292987969483","discount_10"
"2025-11-08 07:00:00","10","2688.557842268759","2419.702058041883","2688.557842268759","combo_deal"
"2025-11-08 08:00:00","18","9724.082545761295","8751.674291185167","9724.082545761295","free_delivery"
"2025-11-08 09:00:00","32","11998.730363973656","10798.857327576292","11998.730363973656","free_delivery"
"2025-11-08 10:00:00","14","5414.3870761901535","4872.948368571138","5414.3870761901535","free_delivery"
"2025-11-08 11:00:00","37","17586.349132713538","15827.714219442185","17586.349132713538","free_delivery"
"2025-11-08 12:00:00","39","15656.487021087833","14090.83831897905","15656.487021087833","combo_deal"
"2025-11-08 13:00:00","51","22852.257865404204","20567.032078863784","22852.257865404204","discount_20"
"2025-11-08 14:00:00","30","12678.395550256735","11410.555995231061","12678.395550256735","no_promo"
"2025-11-08 15:00:00","19","8249.09256682954","7424.183310146586","8249.09256682954","discount_10"
"2025-11-08 16:00:00","21","8538.074164047497","7684.266747642748","8538.074164047497","no_promo"
"2025-11-08 17:00:00","17","8853.711297268139","7968.340167541325","8853.711297268139","discount_20"
"2025-11-08 18:00:00","25","8773.142775014594","7895.828497513135","8773.142775014594","no_promo"
"2025-11-08 19:00:00","43","14044.641320726621","12640.17718865396","14044.641320726621","combo_deal"
"2025-11-08 20:00:00","33","13498.515339343166","12148.66380540885","13498.515339343166","no_promo"
"2025-11-08 21:00:00","47","16481.09500644921","14832.985505804289","16481.09500644921","no_promo"
"2025-11-08 22:00:00","20","7695.845531592949","6926.260978433654","7695.845531592949","no_promo"
"2025-11-08 23:00:00","7","3972.349844697182","3575.114860227464","3972.349844697182","discount_10"
"2025-11-09 00:00:00","5","1844.8148413896915","1660.3333572507224","1844.8148413896915","discount_10"
"2025-11-09 01:00:00","12","4120.4387009779475","3708.3948308801528","4120.4387009779475","combo_deal"
"2025-11-09 02:00:00","2","1308.3198385774103","1177.4878547196693","1308.3198385774103","combo_deal"
"2025-11-09 03:00:00","7","3683.288334169948","3314.9595007529533","3683.288334169948","combo_deal"
"2025-11-09 04:00:00","11","3686.901258244289","3318.21113241986","3686.901258244289","no_promo"
"2025-11-09 05:00:00","3","1088.2739363028334","979.4465426725501","1088.2739363028334","no_promo"
"2025-11-09 06:00:00","7","2977.7964435620215","2680.0167992058196","2977.7964435620215","free_delivery"
"2025-11-09 07:00:00","1","903.8985972210145","813.5087374989131","903.8985972210145","no_promo"
"2025-11-09 08:00:00","26","11102.155458449737","9991.939912604763","11102.155458449737","combo_deal"
"2025-11-09 09:00:00","24","12306.693049108972","11076.023744198075","12306.693049108972","free_delivery"
"2025-11-09 10:00:00","18","7975.409667079354","7177.8687003714185","7975.409667079354","combo_deal"
"2025-11-09 11:00:00","35","14240.954188861999","12816.858769975799","14240.954188861999","free_delivery"
"2025-11-09 12:00:00","35","13619.190705653768","12257.271635088391","13619.190705653768","discount_20"
"2025-11-09 13:00:00","38","17321.609058868475","15589.448152981628","17321.609058868475","free_delivery"
"2025-11-09 14:00:00","33","12741.151416628714","11467.036274965843","12741.151416628714","no_promo"
"2025-11-09 15:00:00","21","9582.178446447138","8623.960601802424","9582.178446447138","combo_deal"
"2025-11-09 16:00:00","34","12453.412611969208","11208.071350772288","12453.412611969208","combo_deal"
"2025-11-09 17:00:00","26","12911.656803600728","11620.491123240656","12911.656803600728","discount_20"
"2025-11-09 18:00:00","44","18406.623456904832","16565.96111121435","18406.623456904832","combo_deal"
"2025-11-09 19:00:00","33","10211.671660451946","9190.504494406752","10211.671660451946","free_delivery"
"2025-11-09 20:00:00","35","11376.408823276539","10238.767940948885","11376.408823276539","discount_10"
"2025-11-09 21:00:00","44","20545.389431242424","18490.850488118183","20545.389431242424","discount_10"
"2025-11-09 22:00:00","13","5406.283994817892","4865.655595336103","5406.283994817892","no_promo"
"2025-11-09 23:00:00","9","2011.7061754008473","1810.5355578607625","2011.7061754008473","no_promo"
"2025-11-10 00:00:00","4","1182.1035936170895","1063.8932342553805","1182.1035936170895","no_promo"
"2025-11-10 01:00:00","6","1354.2682689950489","1218.841442095544","1354.2682689950489","free_delivery"
"2025-11-10 02:00:00","4","1616.4020453057872","1454.7618407752084","1616.4020453057872","discount_20"
"2025-11-10 03:00:00","6","1301.3495952395606","1171.2146357156046","1301.3495952395606","free_delivery"
"2025-11-10 04:00:00","4","1315.1538412731102","1183.6384571457993","1315.1538412731102","combo_deal"
"2025-11-10 05:00:00","2","1598.8297264401187","1438.9467537961068","1598.8297264401187","combo_deal"
"2025-11-10 06:00:00","2","595.2123375939041","535.6911038345137","595.2123375939041","no_promo"
"2025-11-10 07:00:00","4","2082.160409099152","1873.9443681892367","2082.160409099152","combo_deal"
"2025-11-10 08:00:00","23","10296.925748283396","9267.233173455057","10296.925748283396","combo_deal"
"2025-11-10 09:00:00","18","6868.472497881718","6181.625248093546","6868.472497881718","free_delivery"
"2025-11-10 10:00:00","17","6950.972545863235","6255.875291276911","6950.972545863235","combo_deal"
"2025-11-10 11:00:00","38","12906.868153299605","11616.181337969645","12906.868153299605","discount_20"
"2025-11-10 12:00:00","31","11876.730008677407","10689.057007809666","11876.730008677407","discount_20"
"2025-11-10 13:00:00","40","14300.82738058949","12870.74464253054","14300.82738058949","combo_deal"
"2025-11-10 14:00:00","39","15918.786327688944","14326.90769492005","15918.786327688944","combo_deal"
"2025-11-10 15:00:00","21","7338.741056912695","6604.866951221426","7338.741056912695","discount_20"
"2025-11-10 16:00:00","11","5557.436819763771","5001.693137787394","5557.436819763771","discount_10"
"2025-11-10 17:00:00","22","10162.70657446718","9146.435917020463","10162.70657446718","discount_20"
"2025-11-10 18:00:00","31","12004.221482032093","10803.799333828883","12004.221482032093","free_delivery"
"2025-11-10 19:00:00","45","15999.231098999066","14399.30798909916","15999.231098999066","combo_deal"
"2025-11-10 20:00:00","25","10091.01583855661","9081.914254700949","10091.01583855661","combo_deal"
"2025-11-10 21:00:00","27","12570.293254093605","11313.263928684246","12570.293254093605","free_delivery"
"2025-11-10 22:00:00","22","7612.310459147735","6851.079413232962","7612.310459147735","discount_20"
"2025-11-10 23:00:00","2","1720.9736082301897","1548.8762474071707","1720.9736082301897","discount_20"
"2025-11-11 00:00:00","7","2625.872933689108","2363.285640320197","2625.872933689108","no_promo"
"2025-11-11 01:00:00","4","1904.3325165962663","1713.8992649366396","1904.3325165962663","no_promo"
"2025-11-11 02:00:00","5","1625.017123794984","1462.5154114154857","1625.017123794984","free_delivery"
"2025-11-11 03:00:00","10","2706.760273781315","2436.0842464031834","2706.760273781315","free_delivery"
"2025-11-11 04:00:00","2","1232.7153582399462","1109.4438224159517","1232.7153582399462","free_delivery"
"2025-11-11 05:00:00","4","2169.5525451357007","1952.5972906221307","2169.5525451357007","discount_20"
"2025-11-11 06:00:00","5","3383.2531462439883","3044.9278316195896","3383.2531462439883","discount_10"
"2025-11-11 07:00:00","2","2002.8417092221853","1802.5575382999668","2002.8417092221853","discount_10"
"2025-11-11 08:00:00","9","3663.1568792513326","3296.8411913261994","3663.1568792513326","no_promo"
"2025-11-11 09:00:00","17","9040.057130147141","8136.051417132427","9040.057130147141","discount_10"
"2025-11-11 10:00:00","16","7061.449345879792","6355.304411291813","7061.449345879792","discount_10"
"2025-11-11 11:00:00","24","8709.513378704198","7838.562040833778","8709.513378704198","no_promo"
"2025-11-11 12:00:00","31","14656.5275245324","13190.87477207916","14656.5275245324","combo_deal"
"2025-11-11 13:00:00","32","13275.841633688502","11948.257470319651","13275.841633688502","free_delivery"
"2025-11-11 14:00:00","21","8728.801526717169","7855.921374045452","8728.801526717169","discount_10"
"2025-11-11 15:00:00","10","3927.7887283146306","3535.0098554831675","3927.7887283146306","no_promo"
"2025-11-11 16:00:00","11","4946.521676481529","4451.869508833376","4946.521676481529","discount_10"
"2025-11-11 17:00:00","12","5963.284972167764","5366.956474950987","5963.284972167764","combo_deal"
"2025-11-11 18:00:00","27","11047.693706105854","9942.924335495269","11047.693706105854","discount_10"
"2025-11-11 19:00:00","35","10699.708586479199","9629.73772783128","10699.708586479199","discount_20"
"2025-11-11 20:00:00","28","11945.096691955809","10750.587022760228","11945.096691955809","discount_10"
"2025-11-11 21:00:00","30","13965.54830142843","12568.993471285587","13965.54830142843","free_delivery"
