"timestamp","orders_per_hour","sales_per_hour","subtotal","total","promotion_type"
"2025-09-30 16:00:00","16","5534.64232202528","4981.178089822753","5534.64232202528","discount_10"
"2025-09-30 17:00:00","11","3920.3954426693463","3528.3558984024116","3920.3954426693463","no_promo"
"2025-09-30 18:00:00","32","14044.560266541352","12640.104239887216","14044.560266541352","combo_deal"
"2025-09-30 19:00:00","28","13502.297350575593","12152.067615518034","13502.297350575593","discount_10"
"2025-09-30 20:00:00","33","13665.700823861405","12299.130741475265","13665.700823861405","combo_deal"
"2025-09-30 21:00:00","35","11867.755064042183","10680.979557637966","11867.755064042183","combo_deal"
"2025-09-30 22:00:00","17","7842.610658164607","7058.349592348147","7842.610658164607","free_delivery"
"2025-09-30 23:00:00","3","502.7908641367584","452.51177772308256","502.7908641367584","no_promo"
"2025-10-01 00:00:00","0","585.4370914964617","526.8933823468155","585.4370914964617","free_delivery"
"2025-10-01 01:00:00","3","630.69647314649","567.6268258318411","630.69647314649","free_delivery"
"2025-10-01 02:00:00","7","2633.3498892433445","2370.01490031901","2633.3498892433445","no_promo"
"2025-10-01 03:00:00","3","302.6900612747786","272.42105514730076","302.6900612747786","free_delivery"
"2025-10-01 04:00:00","1","644.4494426599541","580.0044983939587","644.4494426599541","free_delivery"
"2025-10-01 05:00:00","3","962.1441469642731","865.9297322678458","962.1441469642731","discount_20"
"2025-10-01 06:00:00","1","865.2429192424014","778.7186273181612","865.2429192424014","no_promo"
"2025-10-01 07:00:00","2","1101.2548694692655","991.1293825223389","1101.2548694692655","discount_10"
"2025-10-01 08:00:00","14","6174.718951565825","5557.247056409243","6174.718951565825","combo_deal"
"2025-10-01 09:00:00","8","3876.3640196209294","3488.7276176588366","3876.3640196209294","no_promo"
"2025-10-01 10:00:00","27","11230.55981774051","10107.50383596646","11230.55981774051","combo_deal"
"2025-10-01 11:00:00","33","11334.229841451192","10200.806857306072","11334.229841451192","discount_20"
"2025-10-01 12:00:00","34","13972.579661395246","12575.321695255721","13972.579661395246","combo_deal"
"2025-10-01 13:00:00","35","12083.834893306494","10875.451403975845","12083.834893306494","discount_20"
"2025-10-01 14:00:00","18","6385.164448343723","5746.648003509351","6385.164448343723","no_promo"
"2025-10-01 15:00:00","15","4363.026607881587","3926.7239470934283","4363.026607881587","free_delivery"
"2025-10-01 16:00:00","26","9460.08514497854","8514.076630480688","9460.08514497854","free_delivery"
"2025-10-01 17:00:00","10","4077.324560123736","3669.5921041113625","4077.324560123736","discount_20"
"2025-10-01 18:00:00","19","10619.664725430503","9557.698252887452","10619.664725430503","free_delivery"
"2025-10-01 19:00:00","35","14901.262121509013","13411.135909358112","14901.262121509013","discount_20"
"2025-10-01 20:00:00","29","13143.204841736015","11828.884357562414","13143.204841736015","combo_deal"
"2025-10-01 21:00:00","41","18154.39944484803","16338.959500363228","18154.39944484803","discount_10"
"2025-10-01 22:00:00","11","5283.600647974626","4755.240583177163","5283.600647974626","free_delivery"
"2025-10-01 23:00:00","4","2420.944137232391","2178.8497235091518","2420.944137232391","combo_deal"
"2025-10-02 00:00:00","2","1365.1427769629859","1228.6284992666874","1365.1427769629859","no_promo"
"2025-10-02 01:00:00","3","1819.7846845615243","1637.806216105372","1819.7846845615243","no_promo"
"2025-10-02 02:00:00","5","2492.433106642376","2243.1897959781386","2492.433106642376","discount_20"
"2025-10-02 03:00:00","4","1718.8280932194557","1546.94528389751","1718.8280932194557","discount_10"
"2025-10-02 04:00:00","7","2770.984359842501","2493.885923858251","2770.984359842501","free_delivery"
"2025-10-02 05:00:00","4","2382.900538420197","2144.6104845781774","2382.900538420197","combo_deal"
"2025-10-02 06:00:00","2","1177.3835870183539","1059.6452283165186","1177.3835870183539","discount_20"
"2025-10-02 07:00:00","5","1473.5513597016748","1326.1962237315074","1473.5513597016748","no_promo"
"2025-10-02 08:00:00","8","2571.732089294586","2314.558880365127","2571.732089294586","no_promo"
"2025-10-02 09:00:00","11","4350.0094482099685","3915.008503388972","4350.0094482099685","discount_10"
"2025-10-02 10:00:00","19","9551.754197016102","8596.578777314491","9551.754197016102","combo_deal"
"2025-10-02 11:00:00","34","13190.358494294564","11871.322644865108","13190.358494294564","discount_20"
"2025-10-02 12:00:00","19","7699.6531254817855","6929.687812933607","7699.6531254817855","discount_10"
"2025-10-02 13:00:00","36","11013.194444459232","9911.87500001331","11013.194444459232","discount_10"
"2025-10-02 14:00:00","27","13173.19691022644","11855.877219203796","13173.19691022644","discount_20"
"2025-10-02 15:00:00","18","6731.3422904247955","6058.208061382316","6731.3422904247955","free_delivery"
"2025-10-02 16:00:00","13","5883.116662862849","5294.804996576564","5883.116662862849","discount_20"
"2025-10-02 17:00:00","16","6213.13330401275","5591.819973611476","6213.13330401275","no_promo"
"2025-10-02 18:00:00","24","11233.262120690302","10109.935908621272","11233.262120690302","discount_10"
"2025-10-02 19:00:00","18","6724.420588302649","6051.978529472384","6724.420588302649","no_promo"
"2025-10-02 20:00:00","10","4025.2773308490773","3622.7495977641697","4025.2773308490773","no_promo"
"2025-10-02 21:00:00","24","9441.076965935114","8496.969269341602","9441.076965935114","free_delivery"
"2025-10-02 22:00:00","17","6832.423566273951","6149.181209646556","6832.423566273951","free_delivery"
"2025-10-02 23:00:00","3","495.8812958300132","446.29316624701187","495.8812958300132","discount_10"
"2025-10-03 00:00:00","6","2209.3879215453258","1988.4491293907931","2209.3879215453258","discount_10"
"2025-10-03 01:00:00","9","3253.8804548010544","2928.492409320949","3253.8804548010544","combo_deal"
"2025-10-03 02:00:00","2","434.141424598348","390.7272821385132","434.141424598348","no_promo"
"2025-10-03 03:00:00","1","1110.760627558363","999.6845648025268","1110.760627558363","free_delivery"
"2025-10-03 04:00:00","4","1236.243042425982","1112.6187381833838","1236.243042425982","free_delivery"
"2025-10-03 05:00:00","5","1256.6465965571106","1130.9819369013996","1256.6465965571106","discount_20"
"2025-10-03 06:00:00","4","1650.2980130027918","1485.2682117025126","1650.2980130027918","no_promo"
"2025-10-03 07:00:00","7","2190.0206895094498","1971.0186205585048","2190.0206895094498","discount_20"
"2025-10-03 08:00:00","7","3783.3034102443903","3404.9730692199514","3783.3034102443903","free_delivery"
"2025-10-03 09:00:00","16","6995.410655776773","6295.869590199096","6995.410655776773","no_promo"
"2025-10-03 10:00:00","19","7493.548888796805","6744.1939999171245","7493.548888796805","free_delivery"
"2025-10-03 11:00:00","27","10308.736695132016","9277.863025618815","10308.736695132016","free_delivery"
"2025-10-03 12:00:00","21","8488.055794364418","7639.250214927976","8488.055794364418","free_delivery"
"2025-10-03 13:00:00","25","12239.702317502075","11015.732085751868","12239.702317502075","discount_20"
"2025-10-03 14:00:00","32","15806.515311678751","14225.863780510877","15806.515311678751","combo_deal"
"2025-10-03 15:00:00","13","5771.791957070724","5194.612761363652","5771.791957070724","combo_deal"
"2025-10-03 16:00:00","16","7219.565579920273","6497.609021928246","7219.565579920273","discount_20"
"2025-10-03 17:00:00","12","6039.417760518675","5435.475984466808","6039.417760518675","combo_deal"
"2025-10-03 18:00:00","39","19862.360814943182","17876.124733448865","19862.360814943182","combo_deal"
"2025-10-03 19:00:00","32","14154.330344129257","12738.897309716333","14154.330344129257","discount_10"
"2025-10-03 20:00:00","23","10727.744380360164","9654.969942324147","10727.744380360164","discount_10"
"2025-10-03 21:00:00","27","10681.197110527923","9613.07739947513","10681.197110527923","combo_deal"
"2025-10-03 22:00:00","17","6777.650955412067","6099.88585987086","6777.650955412067","discount_10"
"2025-10-03 23:00:00","1","557.0816280188814","501.3734652169932","557.0816280188814","no_promo"
"2025-10-04 00:00:00","5","2060.820811547034","1854.7387303923306","2060.820811547034","combo_deal"
"2025-10-04 01:00:00","7","3143.3958165954264","2829.056234935884","3143.3958165954264","free_delivery"
"2025-10-04 02:00:00","8","4193.524299723684","3774.1718697513156","4193.524299723684","discount_10"
"2025-10-04 03:00:00","3","2205.003980067381","1984.5035820606427","2205.003980067381","no_promo"
"2025-10-04 04:00:00","5","2300.280721176227","2070.252649058604","2300.280721176227","free_delivery"
"2025-10-04 05:00:00","4","956.6821739447569","861.0139565502813","956.6821739447569","no_promo"
"2025-10-04 06:00:00","6","4049.6584511164933","3644.692606004844","4049.6584511164933","discount_10"
"2025-10-04 07:00:00","2","1556.3974135434746","1400.757672189127","1556.3974135434746","discount_20"
"2025-10-04 08:00:00","22","8055.388024413596","7249.849221972237","8055.388024413596","discount_10"
"2025-10-04 09:00:00","28","10802.138058943287","9721.924253048957","10802.138058943287","combo_deal"
"2025-10-04 10:00:00","29","11997.944081136367","10798.149673022732","11997.944081136367","discount_20"
"2025-10-04 11:00:00","42","15498.721517345497","13948.849365610948","15498.721517345497","discount_10"
"2025-10-04 12:00:00","40","13705.214394202987","12334.69295478269","13705.214394202987","discount_10"
"2025-10-04 13:00:00","35","13593.16377085993","12233.847393773938","13593.16377085993","discount_20"
"2025-10-04 14:00:00","45","21676.477013398824","19508.82931205894","21676.477013398824","free_delivery"
"2025-10-04 15:00:00","20","9335.38847549405","8401.849627944644","9335.38847549405","discount_20"
"2025-10-04 16:00:00","25","9827.433352692835","8844.690017423552","9827.433352692835","combo_deal"
"2025-10-04 17:00:00","15","7012.803934716173","6311.523541244555","7012.803934716173","discount_10"
"2025-10-04 18:00:00","37","13858.316438442287","12472.484794598058","13858.316438442287","free_delivery"
"2025-10-04 19:00:00","40","14647.30832377762","13182.57749139986","14647.30832377762","discount_20"
"2025-10-04 20:00:00","30","12124.258554733386","10911.832699260047","12124.258554733386","no_promo"
"2025-10-04 21:00:00","42","13627.556882048753","12264.801193843878","13627.556882048753","combo_deal"
"2025-10-04 22:00:00","19","7962.164311442258","7165.947880298032","7962.164311442258","free_delivery"
"2025-10-04 23:00:00","12","4148.1795457314265","3733.3615911582838","4148.1795457314265","discount_10"
"2025-10-05 00:00:00","14","3030.3487498725663","2727.31387488531","3030.3487498725663","combo_deal"
"2025-10-05 01:00:00","6","2350.419897103205","2115.3779073928845","2350.419897103205","free_delivery"
"2025-10-05 02:00:00","6","2311.929947732524","2080.7369529592715","2311.929947732524","discount_10"
"2025-10-05 03:00:00","13","4164.392054420134","3747.9528489781205","4164.392054420134","free_delivery"
"2025-10-05 04:00:00","13","6182.168509067874","5563.951658161087","6182.168509067874","discount_10"
"2025-10-05 05:00:00","6","2853.6619571606993","2568.2957614446295","2853.6619571606993","combo_deal"
"2025-10-05 06:00:00","12","5092.1792715137435","4582.961344362369","5092.1792715137435","discount_10"
"2025-10-05 07:00:00","6","1912.1649112006996","1720.9484200806296","1912.1649112006996","no_promo"
"2025-10-05 08:00:00","25","8858.49606167906","7972.646455511153","8858.49606167906","combo_deal"
"2025-10-05 09:00:00","13","4751.750962628816","4276.575866365934","4751.750962628816","no_promo"
"2025-10-05 10:00:00","30","12937.497217597791","11643.747495838012","12937.497217597791","discount_20"
"2025-10-05 11:00:00","58","23270.777578070018","20943.699820263017","23270.777578070018","combo_deal"
"2025-10-05 12:00:00","44","20077.674133906396","18069.906720515755","20077.674133906396","combo_deal"
"2025-10-05 13:00:00","33","12421.505985956845","11179.35538736116","12421.505985956845","discount_10"
"2025-10-05 14:00:00","29","10068.389332239076","9061.550399015168","10068.389332239076","no_promo"
"2025-10-05 15:00:00","30","10138.687485875438","9124.818737287895","10138.687485875438","combo_deal"
"2025-10-05 16:00:00","14","4375.496695723456","3937.94702615111","4375.496695723456","no_promo"
"2025-10-05 17:00:00","31","14587.586281397129","13128.827653257416","14587.586281397129","discount_20"
"2025-10-05 18:00:00","37","12499.215912295707","11249.294321066136","12499.215912295707","discount_20"
"2025-10-05 19:00:00","32","15260.21151793879","13734.19036614491","15260.21151793879","discount_10"
"2025-10-05 20:00:00","51","24522.90215383184","22070.61193844866","24522.90215383184","combo_deal"
"2025-10-05 21:00:00","23","8730.437950738642","7857.394155664778","8730.437950738642","no_promo"
"2025-10-05 22:00:00","25","10235.347783383797","9211.813005045418","10235.347783383797","no_promo"
"2025-10-05 23:00:00","3","615.9042706309081","554.3138435678172","615.9042706309081","no_promo"
"2025-10-06 00:00:00","1","1053.8414324363262","948.4572891926936","1053.8414324363262","no_promo"
"2025-10-06 01:00:00","2","1746.4553633048067","1571.8098269743261","1746.4553633048067","combo_deal"
"2025-10-06 02:00:00","2","279.87140097431285","251.88426087688157","279.87140097431285","discount_10"
"2025-10-06 03:00:00","1","865.6673722593014","779.1006350333713","865.6673722593014","free_delivery"
"2025-10-06 04:00:00","2","237.89763017799265","214.1078671601934","237.89763017799265","no_promo"
"2025-10-06 05:00:00","1","1288.1026425161197","1159.2923782645078","1288.1026425161197","discount_20"
"2025-10-06 06:00:00","3","1632.2507219972306","1469.0256497975076","1632.2507219972306","discount_10"
"2025-10-06 07:00:00","0","954.2030221874211","858.782719968679","954.2030221874211","no_promo"
"2025-10-06 08:00:00","22","7770.134682952574","6993.121214657316","7770.134682952574","combo_deal"
"2025-10-06 09:00:00","21","8782.908229065888","7904.617406159299","8782.908229065888","discount_20"
"2025-10-06 10:00:00","18","8000.700618992634","7200.630557093371","8000.700618992634","free_delivery"
"2025-10-06 11:00:00","32","13507.73234493765","12156.959110443886","13507.73234493765","discount_20"
"2025-10-06 12:00:00","22","9351.678779303724","8416.51090137335","9351.678779303724","combo_deal"
"2025-10-06 13:00:00","20","7270.7727737476425","6543.695496372879","7270.7727737476425","no_promo"
"2025-10-06 14:00:00","26","13552.767091362646","12197.490382226382","13552.767091362646","discount_10"
"2025-10-06 15:00:00","17","5500.495048963257","4950.445544066932","5500.495048963257","discount_20"
"2025-10-06 16:00:00","12","5766.615050278876","5189.953545250988","5766.615050278876","free_delivery"
"2025-10-06 17:00:00","14","5788.0612785558305","5209.255150700247","5788.0612785558305","no_promo"
"2025-10-06 18:00:00","22","8465.317562805345","7618.785806524811","8465.317562805345","no_promo"
"2025-10-06 19:00:00","24","11598.510812261242","10438.659731035117","11598.510812261242","discount_10"
"2025-10-06 20:00:00","33","11037.11693379203","9933.405240412827","11037.11693379203","discount_10"
"2025-10-06 21:00:00","21","8325.22320581204","7492.700885230837","8325.22320581204","no_promo"
"2025-10-06 22:00:00","20","8626.738095922765","7764.064286330488","8626.738095922765","combo_deal"
"2025-10-06 23:00:00","2","1498.75337695111","1348.878039255999","1498.75337695111","free_delivery"
"2025-10-07 00:00:00","5","2835.28676639052","2551.758089751468","2835.28676639052","combo_deal"
"2025-10-07 01:00:00","3","701.2917231123016","631.1625508010715","701.2917231123016","no_promo"
"2025-10-07 02:00:00","0","70.59059964387878","63.5315396794909","70.59059964387878","no_promo"
"2025-10-07 03:00:00","7","2222.3155989669553","2000.08403907026","2222.3155989669553","discount_20"
"2025-10-07 04:00:00","6","1974.312709180767","1776.8814382626902","1974.312709180767","combo_deal"
"2025-10-07 05:00:00","3","856.3565745112221","770.7209170601","856.3565745112221","discount_10"
"2025-10-07 06:00:00","4","913.5781549049509","822.2203394144558","913.5781549049509","combo_deal"
"2025-10-07 07:00:00","5","2891.2559450880694","2602.1303505792625","2891.2559450880694","combo_deal"
"2025-10-07 08:00:00","10","4174.542287046922","3757.08805834223","4174.542287046922","free_delivery"
"2025-10-07 09:00:00","10","5295.0593439066515","4765.5534095159865","5295.0593439066515","no_promo"
"2025-10-07 10:00:00","17","5902.504948819549","5312.254453937594","5902.504948819549","combo_deal"
"2025-10-07 11:00:00","29","11715.623438640776","10544.061094776698","11715.623438640776","combo_deal"
"2025-10-07 12:00:00","32","14575.961366063637","13118.365229457273","14575.961366063637","combo_deal"
"2025-10-07 13:00:00","28","11607.97927913155","10447.181351218396","11607.97927913155","discount_10"
"2025-10-07 14:00:00","29","15547.335977603096","13992.602379842787","15547.335977603096","free_delivery"
"2025-10-07 15:00:00","9","4724.033281412314","4251.629953271083","4724.033281412314","no_promo"
"2025-10-07 16:00:00","12","4615.791136772413","4154.212023095171","4615.791136772413","no_promo"
"2025-10-07 17:00:00","16","5675.862034854865","5108.2758313693785","5675.862034854865","discount_20"
"2025-10-07 18:00:00","39","14882.637879932006","13394.374091938806","14882.637879932006","combo_deal"
"2025-10-07 19:00:00","27","13890.925587738062","12501.833028964256","13890.925587738062","combo_deal"
"2025-10-07 20:00:00","28","11177.806956242766","10060.02626061849","11177.806956242766","discount_10"
"2025-10-07 21:00:00","22","8892.991050042978","8003.69194503868","8892.991050042978","discount_10"
"2025-10-07 22:00:00","14","5330.707547592541","4797.6367928332875","5330.707547592541","discount_20"
"2025-10-07 23:00:00","5","2162.810544242325","1946.5294898180923","2162.810544242325","discount_10"
"2025-10-08 00:00:00","5","2926.0126384998275","2633.4113746498447","2926.0126384998275","discount_10"
"2025-10-08 01:00:00","5","3486.8017128812985","3138.121541593169","3486.8017128812985","discount_10"
"2025-10-08 02:00:00","4","1716.6651906167885","1544.9986715551097","1716.6651906167885","discount_10"
"2025-10-08 03:00:00","2","812.4022075427775","731.1619867884998","812.4022075427775","no_promo"
"2025-10-08 04:00:00","3","1057.23434457296","951.510910115664","1057.23434457296","no_promo"
"2025-10-08 05:00:00","5","2894.042980576688","2604.6386825190193","2894.042980576688","discount_20"
"2025-10-08 06:00:00","6","2354.9425149145404","2119.4482634230862","2354.9425149145404","free_delivery"
"2025-10-08 07:00:00","7","1995.1891026035457","1795.6701923431913","1995.1891026035457","no_promo"
"2025-10-08 08:00:00","23","10106.54531048524","9095.890779436717","10106.54531048524","combo_deal"
"2025-10-08 09:00:00","21","8067.808603436789","7261.02774309311","8067.808603436789","discount_10"
"2025-10-08 10:00:00","7","4015.8257228878547","3614.2431505990694","4015.8257228878547","free_delivery"
"2025-10-08 11:00:00","32","12852.769549531105","11567.492594577996","12852.769549531105","discount_20"
"2025-10-08 12:00:00","28","10643.377614304685","9579.039852874217","10643.377614304685","discount_20"
"2025-10-08 13:00:00","22","6316.880362472813","5685.192326225532","6316.880362472813","no_promo"
"2025-10-08 14:00:00","38","11840.354413466282","10656.318972119654","11840.354413466282","free_delivery"
"2025-10-08 15:00:00","17","5936.498106391103","5342.848295751993","5936.498106391103","discount_20"
"2025-10-08 16:00:00","13","4592.9305607587185","4133.637504682847","4592.9305607587185","discount_10"
"2025-10-08 17:00:00","20","7522.667854061507","6770.4010686553565","7522.667854061507","combo_deal"
"2025-10-08 18:00:00","21","9664.051737711918","8697.646563940727","9664.051737711918","no_promo"
"2025-10-08 19:00:00","24","10768.366098729979","9691.52948885698","10768.366098729979","no_promo"
"2025-10-08 20:00:00","33","12012.877817800905","10811.590036020814","12012.877817800905","combo_deal"
"2025-10-08 21:00:00","35","16384.97710523073","14746.479394707658","16384.97710523073","discount_20"
"2025-10-08 22:00:00","19","10095.54299365476","9085.988694289284","10095.54299365476","discount_20"
"2025-10-08 23:00:00","5","1336.1080160452716","1202.4972144407445","1336.1080160452716","free_delivery"
"2025-10-09 00:00:00","6","1734.664399579559","1561.197959621603","1734.664399579559","free_delivery"
"2025-10-09 01:00:00","4","1496.6375308173474","1346.9737777356127","1496.6375308173474","discount_20"
"2025-10-09 02:00:00","2","1413.6593699624761","1272.2934329662285","1413.6593699624761","discount_10"
"2025-10-09 03:00:00","4","3435.6855766434787","3092.117018979131","3435.6855766434787","free_delivery"
"2025-10-09 04:00:00","2","800.7081757428086","720.6373581685278","800.7081757428086","discount_20"
"2025-10-09 05:00:00","7","2986.2933550459416","2687.6640195413474","2986.2933550459416","combo_deal"
"2025-10-09 06:00:00","4","790.6913271230362","711.6221944107326","790.6913271230362","combo_deal"
"2025-10-09 07:00:00","8","3873.0335024768146","3485.730152229133","3873.0335024768146","free_delivery"
"2025-10-09 08:00:00","20","8180.360414397623","7362.324372957861","8180.360414397623","combo_deal"
"2025-10-09 09:00:00","16","6679.937948462904","6011.944153616614","6679.937948462904","free_delivery"
"2025-10-09 10:00:00","6","2673.5653495478296","2406.2088145930466","2673.5653495478296","discount_10"
"2025-10-09 11:00:00","20","9551.04061148321","8595.936550334889","9551.04061148321","free_delivery"
"2025-10-09 12:00:00","32","12471.031006990055","11223.92790629105","12471.031006990055","combo_deal"
"2025-10-09 13:00:00","28","12122.649180809882","10910.384262728894","12122.649180809882","discount_20"
"2025-10-09 14:00:00","26","9309.19900748756","8378.279106738804","9309.19900748756","free_delivery"
"2025-10-09 15:00:00","19","6881.513578833161","6193.362220949845","6881.513578833161","discount_10"
"2025-10-09 16:00:00","14","5373.0540872354995","4835.74867851195","5373.0540872354995","discount_10"
"2025-10-09 17:00:00","16","7343.190859311896","6608.871773380706","7343.190859311896","free_delivery"
"2025-10-09 18:00:00","24","9440.709142051848","8496.638227846664","9440.709142051848","combo_deal"
"2025-10-09 19:00:00","29","10295.346717920422","9265.81204612838","10295.346717920422","no_promo"
"2025-10-09 20:00:00","23","8768.439377818724","7891.595440036852","8768.439377818724","discount_10"
"2025-10-09 21:00:00","26","9309.957817162362","8378.962035446126","9309.957817162362","no_promo"
"2025-10-09 22:00:00","11","4892.729863684851","4403.4568773163655","4892.729863684851","discount_10"
"2025-10-09 23:00:00","7","3535.5743705315986","3182.0169334784387","3535.5743705315986","discount_20"
"2025-10-10 00:00:00","1","825.4885205764147","742.9396685187733","825.4885205764147","discount_10"
"2025-10-10 01:00:00","5","3278.5824067941344","2950.724166114721","3278.5824067941344","discount_20"
"2025-10-10 02:00:00","5","1455.2259744934836","1309.7033770441353","1455.2259744934836","free_delivery"
"2025-10-10 03:00:00","8","2798.183788144282","2518.3654093298537","2798.183788144282","discount_10"
"2025-10-10 04:00:00","6","2945.90541814246","2651.314876328214","2945.90541814246","discount_10"
"2025-10-10 05:00:00","2","1234.6701422812212","1111.2031280530991","1234.6701422812212","discount_20"
"2025-10-10 06:00:00","4","2028.875173395499","1825.987656055949","2028.875173395499","no_promo"
"2025-10-10 07:00:00","2","2076.5291208739695","1868.8762087865725","2076.5291208739695","free_delivery"
"2025-10-10 08:00:00","19","7722.443033359861","6950.198730023875","7722.443033359861","free_delivery"
"2025-10-10 09:00:00","19","9279.86761239188","8351.880851152691","9279.86761239188","discount_20"
"2025-10-10 10:00:00","24","9989.239704394817","8990.315733955335","9989.239704394817","combo_deal"
"2025-10-10 11:00:00","36","16821.894519042908","15139.705067138617","16821.894519042908","combo_deal"
"2025-10-10 12:00:00","23","9091.66447756301","8182.498029806709","9091.66447756301","no_promo"
"2025-10-10 13:00:00","28","13404.813680122026","12064.332312109824","13404.813680122026","free_delivery"
"2025-10-10 14:00:00","30","10400.835501461384","9360.751951315246","10400.835501461384","no_promo"
"2025-10-10 15:00:00","12","4638.217197137789","4174.39547742401","4638.217197137789","no_promo"
"2025-10-10 16:00:00","11","5045.535815598717","4540.9822340388455","5045.535815598717","discount_20"
"2025-10-10 17:00:00","13","6392.866332913092","5753.579699621783","6392.866332913092","combo_deal"
"2025-10-10 18:00:00","32","13671.565475418605","12304.408927876744","13671.565475418605","discount_20"
"2025-10-10 19:00:00","26","7991.939698652533","7192.745728787279","7991.939698652533","no_promo"
"2025-10-10 20:00:00","22","7681.188882917772","6913.069994625996","7681.188882917772","discount_10"
"2025-10-10 21:00:00","24","10986.270339543647","9887.643305589283","10986.270339543647","discount_10"
"2025-10-10 22:00:00","20","8299.432720851722","7469.489448766551","8299.432720851722","no_promo"
"2025-10-10 23:00:00","6","1650.2951183700952","1485.2656065330857","1650.2951183700952","no_promo"
"2025-10-11 00:00:00","3","1660.5526722641005","1494.4974050376904","1660.5526722641005","free_delivery"
"2025-10-11 01:00:00","3","1663.522018624545","1497.1698167620905","1663.522018624545","discount_10"
"2025-10-11 02:00:00","4","1181.8581122893238","1063.6723010603914","1181.8581122893238","discount_10"
"2025-10-11 03:00:00","8","3850.5165403679466","3465.4648863311522","3850.5165403679466","discount_20"
"2025-10-11 04:00:00","7","2047.211442534635","1842.4902982811714","2047.211442534635","combo_deal"
"2025-10-11 05:00:00","5","1462.180044947449","1315.962040452704","1462.180044947449","free_delivery"
"2025-10-11 06:00:00","1","1127.4545595550119","1014.7091035995107","1127.4545595550119","no_promo"
"2025-10-11 07:00:00","5","2378.8407319664616","2140.9566587698155","2378.8407319664616","discount_20"
"2025-10-11 08:00:00","31","13578.132436490463","12220.319192841416","13578.132436490463","combo_deal"
"2025-10-11 09:00:00","23","8522.508964171435","7670.258067754292","8522.508964171435","no_promo"
"2025-10-11 10:00:00","30","10464.531574662584","9418.078417196326","10464.531574662584","combo_deal"
"2025-10-11 11:00:00","40","18076.986880349927","16269.288192314934","18076.986880349927","free_delivery"
"2025-10-11 12:00:00","36","16361.611236178598","14725.450112560738","16361.611236178598","discount_10"
"2025-10-11 13:00:00","32","14168.584695911586","12751.726226320428","14168.584695911586","no_promo"
"2025-10-11 14:00:00","35","16233.995108684829","14610.595597816346","16233.995108684829","discount_20"
"2025-10-11 15:00:00","17","5526.808447121053","4974.127602408948","5526.808447121053","no_promo"
"2025-10-11 16:00:00","29","11667.319800685294","10500.587820616765","11667.319800685294","combo_deal"
"2025-10-11 17:00:00","19","7495.4740882714","6745.92667944426","7495.4740882714","no_promo"
"2025-10-11 18:00:00","42","15695.347510467262","14125.812759420536","15695.347510467262","no_promo"
"2025-10-11 19:00:00","42","17046.07423318622","15341.4668098676","17046.07423318622","discount_20"
"2025-10-11 20:00:00","36","17039.901678316717","15335.911510485046","17039.901678316717","free_delivery"
"2025-10-11 21:00:00","52","22889.81409387569","20600.832684488123","22889.81409387569","combo_deal"
"2025-10-11 22:00:00","27","12045.921899917555","10841.3297099258","12045.921899917555","free_delivery"
"2025-10-11 23:00:00","8","2530.0073133962496","2277.0065820566247","2530.0073133962496","discount_20"
"2025-10-12 00:00:00","4","2543.2834903820053","2288.955141343805","2543.2834903820053","discount_10"
"2025-10-12 01:00:00","9","3023.7118109060175","2721.340629815416","3023.7118109060175","discount_10"
"2025-10-12 02:00:00","2","1462.7435052903404","1316.4691547613063","1462.7435052903404","discount_10"
"2025-10-12 03:00:00","1","1414.1635355081166","1272.747181957305","1414.1635355081166","no_promo"
"2025-10-12 04:00:00","6","3253.656269956487","2928.2906429608383","3253.656269956487","discount_20"
"2025-10-12 05:00:00","5","2600.5761414392587","2340.5185272953327","2600.5761414392587","free_delivery"
"2025-10-12 06:00:00","3","1716.3717625429738","1544.7345862886764","1716.3717625429738","free_delivery"
"2025-10-12 07:00:00","12","4514.2793477575815","4062.8514129818236","4514.2793477575815","free_delivery"
"2025-10-12 08:00:00","13","7951.93626124103","7156.742635116927","7951.93626124103","free_delivery"
"2025-10-12 09:00:00","21","8650.467238921645","7785.42051502948","8650.467238921645","discount_10"
"2025-10-12 10:00:00","22","10362.965936301345","9326.669342671212","10362.965936301345","free_delivery"
"2025-10-12 11:00:00","31","13244.692632943306","11920.223369648977","13244.692632943306","free_delivery"
"2025-10-12 12:00:00","34","16047.682704470775","14442.914434023698","16047.682704470775","no_promo"
"2025-10-12 13:00:00","53","25363.818866325717","22827.436979693146","25363.818866325717","discount_20"
"2025-10-12 14:00:00","38","15928.616870782273","14335.755183704046","15928.616870782273","discount_10"
"2025-10-12 15:00:00","17","6125.0309267090615","5512.527834038156","6125.0309267090615","no_promo"
"2025-10-12 16:00:00","28","10352.808757619416","9317.527881857475","10352.808757619416","free_delivery"
"2025-10-12 17:00:00","20","6745.387112451698","6070.848401206528","6745.387112451698","discount_20"
"2025-10-12 18:00:00","37","16179.765649452718","14561.789084507447","16179.765649452718","discount_10"
"2025-10-12 19:00:00","37","16504.81305945781","14854.33175351203","16504.81305945781","free_delivery"
"2025-10-12 20:00:00","38","18733.932804180622","16860.53952376256","18733.932804180622","free_delivery"
"2025-10-12 21:00:00","48","17259.99293563206","15533.993642068855","17259.99293563206","discount_10"
"2025-10-12 22:00:00","29","14353.103271515518","12917.792944363966","14353.103271515518","combo_deal"
"2025-10-12 23:00:00","8","3335.321650573503","3001.789485516153","3335.321650573503","no_promo"
"2025-10-13 00:00:00","2","1383.7633259065233","1245.386993315871","1383.7633259065233","discount_10"
"2025-10-13 01:00:00","5","1766.7262222639763","1590.0536000375787","1766.7262222639763","discount_20"
"2025-10-13 02:00:00","2","1081.7634037748298","973.5870633973469","1081.7634037748298","discount_20"
"2025-10-13 03:00:00","9","3608.180938831612","3247.362844948451","3608.180938831612","discount_20"
"2025-10-13 04:00:00","8","4305.293278886759","3874.7639509980836","4305.293278886759","discount_10"
"2025-10-13 05:00:00","6","2755.652675040449","2480.0874075364045","2755.652675040449","discount_10"
"2025-10-13 06:00:00","6","2772.2166965516417","2494.9950268964776","2772.2166965516417","discount_10"
"2025-10-13 07:00:00","11","3290.9366234317013","2961.8429610885314","3290.9366234317013","combo_deal"
"2025-10-13 08:00:00","9","3923.200427231186","3530.8803845080674","3923.200427231186","free_delivery"
"2025-10-13 09:00:00","13","6003.309984179475","5402.978985761527","6003.309984179475","discount_20"
"2025-10-13 10:00:00","16","6092.520430176834","5483.268387159151","6092.520430176834","free_delivery"
"2025-10-13 11:00:00","26","10626.939681267397","9564.245713140657","10626.939681267397","discount_10"
"2025-10-13 12:00:00","24","9288.942218548744","8360.04799669387","9288.942218548744","discount_20"
"2025-10-13 13:00:00","32","13371.055385187161","12033.949846668445","13371.055385187161","combo_deal"
"2025-10-13 14:00:00","22","10465.70948690491","9419.13853821442","10465.70948690491","no_promo"
"2025-10-13 15:00:00","14","5887.247686441219","5298.522917797098","5887.247686441219","free_delivery"
"2025-10-13 16:00:00","24","9730.55172404438","8757.496551639942","9730.55172404438","free_delivery"
"2025-10-13 17:00:00","12","6367.1906316535915","5730.471568488232","6367.1906316535915","discount_20"
"2025-10-13 18:00:00","35","12475.455044776705","11227.909540299035","12475.455044776705","free_delivery"
"2025-10-13 19:00:00","41","16131.288280886194","14518.159452797576","16131.288280886194","discount_20"
"2025-10-13 20:00:00","31","11446.810228532684","10302.129205679415","11446.810228532684","discount_20"
"2025-10-13 21:00:00","31","10357.054257996633","9321.34883219697","10357.054257996633","no_promo"
"2025-10-13 22:00:00","11","5322.1151401741545","4789.903626156739","5322.1151401741545","combo_deal"
"2025-10-13 23:00:00","6","2224.6441396264795","2002.1797256638315","2224.6441396264795","free_delivery"
"2025-10-14 00:00:00","5","2372.8532826372216","2135.5679543734996","2372.8532826372216","free_delivery"
"2025-10-14 01:00:00","5","1405.8430835898444","1265.25877523086","1405.8430835898444","discount_20"
"2025-10-14 02:00:00","3","2676.097791876111","2408.4880126885","2676.097791876111","free_delivery"
"2025-10-14 03:00:00","5","1208.3230926757958","1087.4907834082162","1208.3230926757958","discount_10"
"2025-10-14 04:00:00","5","911.9666758456775","820.7700082611098","911.9666758456775","no_promo"
"2025-10-14 05:00:00","7","2477.2452695978823","2229.520742638094","2477.2452695978823","discount_10"
"2025-10-14 06:00:00","1","617.0593238471868","555.3533914624682","617.0593238471868","discount_20"
"2025-10-14 07:00:00","3","2079.3789243667006","1871.4410319300307","2079.3789243667006","discount_10"
"2025-10-14 08:00:00","17","8825.3965679802","7942.856911182181","8825.3965679802","discount_10"
"2025-10-14 09:00:00","15","5683.917255689873","5115.525530120885","5683.917255689873","discount_10"
"2025-10-14 10:00:00","9","3938.4574394431675","3544.6116954988506","3938.4574394431675","no_promo"
"2025-10-14 11:00:00","28","11304.414809981188","10173.97332898307","11304.414809981188","no_promo"
"2025-10-14 12:00:00","17","7293.059070795931","6563.753163716338","7293.059070795931","no_promo"
"2025-10-14 13:00:00","22","7821.380751694374","7039.242676524937","7821.380751694374","free_delivery"
"2025-10-14 14:00:00","24","9420.352560266103","8478.317304239494","9420.352560266103","discount_20"
"2025-10-14 15:00:00","14","6961.743739935032","6265.569365941529","6961.743739935032","discount_10"
"2025-10-14 16:00:00","9","3197.4707543368295","2877.7236789031467","3197.4707543368295","discount_10"
"2025-10-14 17:00:00","11","4122.0752914597815","3709.8677623138033","4122.0752914597815","no_promo"
"2025-10-14 18:00:00","27","8837.765212927747","7953.988691634972","8837.765212927747","discount_20"
"2025-10-14 19:00:00","31","10076.391757157795","9068.752581442015","10076.391757157795","free_delivery"
"2025-10-14 20:00:00","25","9657.75311633746","8691.977804703714","9657.75311633746","no_promo"
"2025-10-14 21:00:00","31","12117.27091378235","10905.543822404115","12117.27091378235","discount_10"
"2025-10-14 22:00:00","16","5830.09873188247","5247.088858694223","5830.09873188247","free_delivery"
"2025-10-14 23:00:00","3","1107.6749758650128","996.9074782785116","1107.6749758650128","free_delivery"
"2025-10-15 00:00:00","9","2984.870565558181","2686.383509002363","2984.870565558181","no_promo"
"2025-10-15 01:00:00","6","3100.6366776804575","2790.5730099124116","3100.6366776804575","discount_10"
"2025-10-15 02:00:00","5","1631.9080063286615","1468.7172056957954","1631.9080063286615","discount_10"
"2025-10-15 03:00:00","4","1885.1433555195279","1696.629019967575","1885.1433555195279","free_delivery"
"2025-10-15 04:00:00","8","2963.7056836022416","2667.3351152420173","2963.7056836022416","discount_20"
"2025-10-15 05:00:00","10","4124.562632877914","3712.106369590123","4124.562632877914","discount_20"
"2025-10-15 06:00:00","2","1323.763230300192","1191.3869072701727","1323.763230300192","no_promo"
"2025-10-15 07:00:00","4","2268.277632264315","2041.4498690378834","2268.277632264315","discount_10"
"2025-10-15 08:00:00","14","6286.173789006113","5657.5564101055015","6286.173789006113","discount_20"
"2025-10-15 09:00:00","15","8128.798053687884","7315.918248319096","8128.798053687884","discount_20"
"2025-10-15 10:00:00","13","6777.940152274717","6100.146137047245","6777.940152274717","discount_20"
"2025-10-15 11:00:00","23","9436.135303376555","8492.5217730389","9436.135303376555","free_delivery"
"2025-10-15 12:00:00","19","7709.482691054605","6938.534421949145","7709.482691054605","discount_10"
"2025-10-15 13:00:00","35","10100.115180505543","9090.103662454989","10100.115180505543","combo_deal"
"2025-10-15 14:00:00","28","14123.213193589843","12710.89187423086","14123.213193589843","discount_20"
"2025-10-15 15:00:00","8","3481.7349822093147","3133.5614839883833","3481.7349822093147","no_promo"
"2025-10-15 16:00:00","17","6874.431908221101","6186.988717398991","6874.431908221101","discount_10"
"2025-10-15 17:00:00","10","3332.459625635665","2999.2136630720984","3332.459625635665","no_promo"
"2025-10-15 18:00:00","28","11455.86460637964","10310.278145741677","11455.86460637964","no_promo"
"2025-10-15 19:00:00","30","15424.347741881202","13881.912967693082","15424.347741881202","free_delivery"
"2025-10-15 20:00:00","25","8957.324024674377","8061.59162220694","8957.324024674377","no_promo"
"2025-10-15 21:00:00","26","9103.074155062039","8192.766739555835","9103.074155062039","no_promo"
"2025-10-15 22:00:00","17","6681.181682933217","6013.063514639895","6681.181682933217","free_delivery"
"2025-10-15 23:00:00","5","2245.132879187126","2020.6195912684134","2245.132879187126","combo_deal"
"2025-10-16 00:00:00","4","1572.0435854376647","1414.8392268938983","1572.0435854376647","free_delivery"
"2025-10-16 01:00:00","3","2317.0552899456693","2085.3497609511023","2317.0552899456693","free_delivery"
"2025-10-16 02:00:00","7","2769.052752979935","2492.147477681942","2769.052752979935","free_delivery"
"2025-10-16 03:00:00","8","4182.113474939101","3763.902127445191","4182.113474939101","discount_10"
"2025-10-16 04:00:00","3","2314.0344696688244","2082.631022701942","2314.0344696688244","discount_10"
"2025-10-16 05:00:00","4","1584.3827365820837","1425.9444629238753","1584.3827365820837","discount_10"
"2025-10-16 06:00:00","1","1344.9940951300482","1210.4946856170434","1344.9940951300482","free_delivery"
"2025-10-16 07:00:00","2","1465.567177401107","1319.0104596609965","1465.567177401107","discount_20"
"2025-10-16 08:00:00","11","4323.941858249966","3891.5476724249693","4323.941858249966","no_promo"
"2025-10-16 09:00:00","14","6070.644552176484","5463.580096958835","6070.644552176484","free_delivery"
"2025-10-16 10:00:00","17","6997.998706738413","6298.198836064572","6997.998706738413","free_delivery"
"2025-10-16 11:00:00","33","12074.156657012218","10866.740991310997","12074.156657012218","combo_deal"
"2025-10-16 12:00:00","22","8126.963074159877","7314.266766743889","8126.963074159877","discount_10"
"2025-10-16 13:00:00","24","10283.918086309155","9255.52627767824","10283.918086309155","combo_deal"
"2025-10-16 14:00:00","40","16021.939444960237","14419.745500464214","16021.939444960237","discount_20"
"2025-10-16 15:00:00","19","7339.85961528083","6605.8736537527475","7339.85961528083","combo_deal"
"2025-10-16 16:00:00","17","4969.42647312416","4472.483825811744","4969.42647312416","combo_deal"
"2025-10-16 17:00:00","12","5787.397253310845","5208.657527979761","5787.397253310845","discount_10"
"2025-10-16 18:00:00","31","12170.64750613449","10953.582755521042","12170.64750613449","combo_deal"
"2025-10-16 19:00:00","29","14191.088208088438","12771.979387279594","14191.088208088438","free_delivery"
"2025-10-16 20:00:00","18","5457.995386741642","4912.1958480674775","5457.995386741642","no_promo"
"2025-10-16 21:00:00","28","11278.47617589313","10150.628558303819","11278.47617589313","free_delivery"
"2025-10-16 22:00:00","7","2787.553620006227","2508.7982580056046","2787.553620006227","no_promo"
"2025-10-16 23:00:00","7","2334.827264571519","2101.3445381143674","2334.827264571519","combo_deal"
"2025-10-17 00:00:00","6","2494.8349706921767","2245.351473622959","2494.8349706921767","no_promo"
"2025-10-17 01:00:00","1","812.9148962289261","731.6234066060334","812.9148962289261","no_promo"
"2025-10-17 02:00:00","3","556.7139471981737","501.04255247835636","556.7139471981737","no_promo"
"2025-10-17 03:00:00","0","214.51932468471625","193.06739221624463","214.51932468471625","no_promo"
"2025-10-17 04:00:00","4","1456.559298056099","1310.903368250489","1456.559298056099","free_delivery"
"2025-10-17 05:00:00","8","3333.457454740582","3000.1117092665236","3333.457454740582","discount_20"
"2025-10-17 06:00:00","6","2418.7687861177787","2176.8919075060007","2418.7687861177787","discount_10"
"2025-10-17 07:00:00","7","3768.554164382368","3391.6987479441314","3768.554164382368","combo_deal"
"2025-10-17 08:00:00","14","5573.351411901049","5016.016270710944","5573.351411901049","discount_10"
"2025-10-17 09:00:00","13","5167.324426175958","4650.591983558363","5167.324426175958","discount_10"
"2025-10-17 10:00:00","15","6216.884485256529","5595.196036730877","6216.884485256529","discount_20"
"2025-10-17 11:00:00","29","9385.638262196802","8447.074435977122","9385.638262196802","discount_20"
"2025-10-17 12:00:00","33","13354.387125694646","12018.948413125181","13354.387125694646","discount_20"
"2025-10-17 13:00:00","19","6878.786316964664","6190.907685268198","6878.786316964664","no_promo"
"2025-10-17 14:00:00","39","19212.06455042913","17290.85809538622","19212.06455042913","discount_20"
"2025-10-17 15:00:00","11","4316.813065689137","3885.1317591202237","4316.813065689137","free_delivery"
"2025-10-17 16:00:00","16","6526.936350776419","5874.242715698778","6526.936350776419","discount_10"
"2025-10-17 17:00:00","21","8922.201186062726","8029.981067456454","8922.201186062726","free_delivery"
"2025-10-17 18:00:00","20","9960.60924554776","8964.548320992984","9960.60924554776","combo_deal"
"2025-10-17 19:00:00","19","6176.363265736198","5558.726939162578","6176.363265736198","no_promo"
"2025-10-17 20:00:00","35","11981.00682127025","10782.906139143226","11981.00682127025","discount_20"
"2025-10-17 21:00:00","16","6197.8173045803815","5578.035574122344","6197.8173045803815","no_promo"
"2025-10-17 22:00:00","17","6498.494452592846","5848.645007333562","6498.494452592846","free_delivery"
"2025-10-17 23:00:00","9","2812.791161117107","2531.5120450053964","2812.791161117107","discount_20"
"2025-10-18 00:00:00","5","2348.947009794631","2114.052308815168","2348.947009794631","free_delivery"
"2025-10-18 01:00:00","6","1909.64351632604","1718.6791646934362","1909.64351632604","free_delivery"
"2025-10-18 02:00:00","8","3636.19103451142","3272.571931060278","3636.19103451142","discount_20"
"2025-10-18 03:00:00","0","195.192270791813","175.6730437126317","195.192270791813","no_promo"
"2025-10-18 04:00:00","9","3719.1400317174844","3347.226028545736","3719.1400317174844","free_delivery"
"2025-10-18 05:00:00","9","3599.497847243577","3239.5480625192195","3599.497847243577","combo_deal"
"2025-10-18 06:00:00","4","2632.803497992605","2369.5231481933447","2632.803497992605","combo_deal"
"2025-10-18 07:00:00","5","2564.224360799806","2307.801924719826","2564.224360799806","combo_deal"
"2025-10-18 08:00:00","28","14478.44403915989","13030.5996352439","14478.44403915989","combo_deal"
"2025-10-18 09:00:00","17","6493.607806839217","5844.247026155295","6493.607806839217","discount_10"
"2025-10-18 10:00:00","32","12574.587118422358","11317.128406580123","12574.587118422358","free_delivery"
"2025-10-18 11:00:00","48","18992.526000613634","17093.273400552273","18992.526000613634","combo_deal"
"2025-10-18 12:00:00","23","8624.686175431703","7762.2175578885335","8624.686175431703","no_promo"
"2025-10-18 13:00:00","32","11195.147413129547","10075.632671816593","11195.147413129547","no_promo"
"2025-10-18 14:00:00","28","9961.915283326654","8965.72375499399","9961.915283326654","no_promo"
"2025-10-18 15:00:00","22","10066.703206205604","9060.032885585044","10066.703206205604","discount_20"
"2025-10-18 16:00:00","24","8904.895729086531","8014.406156177878","8904.895729086531","discount_10"
"2025-10-18 17:00:00","23","9783.855958718483","8805.470362846634","9783.855958718483","free_delivery"
"2025-10-18 18:00:00","52","21244.509403945824","19120.058463551242","21244.509403945824","combo_deal"
"2025-10-18 19:00:00","39","14616.915107947976","13155.223597153179","14616.915107947976","discount_10"
"2025-10-18 20:00:00","32","12671.590811769638","11404.431730592674","12671.590811769638","no_promo"
"2025-10-18 21:00:00","41","17229.40895232687","15506.468057094184","17229.40895232687","discount_20"
"2025-10-18 22:00:00","17","6013.957474386007","5412.561726947406","6013.957474386007","free_delivery"
"2025-10-18 23:00:00","13","4943.083556228528","4448.775200605675","4943.083556228528","discount_20"
"2025-10-19 00:00:00","8","3596.0995743690028","3236.4896169321028","3596.0995743690028","discount_20"
"2025-10-19 01:00:00","8","4047.971603196941","3643.174442877247","4047.971603196941","discount_10"
"2025-10-19 02:00:00","7","3034.6898999897876","2731.220909990809","3034.6898999897876","combo_deal"
"2025-10-19 03:00:00","6","1965.288805810352","1768.7599252293169","1965.288805810352","discount_20"
"2025-10-19 04:00:00","9","4444.010747464295","3999.609672717865","4444.010747464295","combo_deal"
"2025-10-19 05:00:00","4","1615.7619694601772","1454.1857725141595","1615.7619694601772","no_promo"
"2025-10-19 06:00:00","7","2935.6928408706594","2642.1235567835934","2935.6928408706594","combo_deal"
"2025-10-19 07:00:00","9","3163.6406121786285","2847.2765509607657","3163.6406121786285","no_promo"
"2025-10-19 08:00:00","14","6605.718763906095","5945.146887515485","6605.718763906095","no_promo"
"2025-10-19 09:00:00","21","8065.099555902052","7258.589600311847","8065.099555902052","free_delivery"
"2025-10-19 10:00:00","25","8454.949392770364","7609.454453493328","8454.949392770364","free_delivery"
"2025-10-19 11:00:00","43","19348.379863487437","17413.541877138694","19348.379863487437","discount_10"
"2025-10-19 12:00:00","41","13747.885463222172","12373.096916899955","13747.885463222172","discount_20"
"2025-10-19 13:00:00","33","13578.478900549062","12220.631010494157","13578.478900549062","discount_10"
"2025-10-19 14:00:00","33","11003.36273494496","9903.026461450465","11003.36273494496","no_promo"
"2025-10-19 15:00:00","10","3910.8132737632477","3519.731946386923","3910.8132737632477","no_promo"
"2025-10-19 16:00:00","12","5147.4873119542635","4632.738580758837","5147.4873119542635","discount_10"
"2025-10-19 17:00:00","19","8068.962130523109","7262.065917470799","8068.962130523109","combo_deal"
"2025-10-19 18:00:00","36","12774.164343693099","11496.747909323789","12774.164343693099","no_promo"
"2025-10-19 19:00:00","31","11071.264991392263","9964.138492253038","11071.264991392263","no_promo"
"2025-10-19 20:00:00","43","14717.934932002307","13246.141438802077","14717.934932002307","no_promo"
"2025-10-19 21:00:00","37","15462.924006486754","13916.631605838078","15462.924006486754","discount_10"
"2025-10-19 22:00:00","17","5620.966738831188","5058.87006494807","5620.966738831188","no_promo"
"2025-10-19 23:00:00","7","2753.570636187885","2478.213572569097","2753.570636187885","discount_20"
"2025-10-20 00:00:00","3","1163.3685975850933","1047.031737826584","1163.3685975850933","no_promo"
"2025-10-20 01:00:00","3","1156.4766882670287","1040.829019440326","1156.4766882670287","combo_deal"
"2025-10-20 02:00:00","8","2267.2797070721144","2040.551736364903","2267.2797070721144","discount_20"
"2025-10-20 03:00:00","8","2662.0234367564653","2395.821093080819","2662.0234367564653","free_delivery"
"2025-10-20 04:00:00","2","1187.6434384741078","1068.879094626697","1187.6434384741078","no_promo"
"2025-10-20 05:00:00","6","1958.175930287814","1762.3583372590326","1958.175930287814","discount_20"
"2025-10-20 06:00:00","3","1833.7385219926737","1650.3646697934064","1833.7385219926737","free_delivery"
"2025-10-20 07:00:00","2","1457.6598322430807","1311.8938490187727","1457.6598322430807","free_delivery"
"2025-10-20 08:00:00","23","10259.48769679837","9233.538927118532","10259.48769679837","discount_10"
"2025-10-20 09:00:00","13","5448.506560703587","4903.655904633229","5448.506560703587","no_promo"
"2025-10-20 10:00:00","15","6485.9518721062595","5837.356684895633","6485.9518721062595","free_delivery"
"2025-10-20 11:00:00","27","13219.257265485572","11897.331538937015","13219.257265485572","discount_20"
"2025-10-20 12:00:00","21","9616.990860634985","8655.291774571488","9616.990860634985","free_delivery"
"2025-10-20 13:00:00","26","7673.84842175596","6906.463579580364","7673.84842175596","no_promo"
"2025-10-20 14:00:00","20","10096.013449470782","9086.412104523704","10096.013449470782","discount_20"
"2025-10-20 15:00:00","14","4654.134688752489","4188.72121987724","4654.134688752489","free_delivery"
"2025-10-20 16:00:00","13","4705.704582582135","4235.134124323922","4705.704582582135","free_delivery"
"2025-10-20 17:00:00","12","3263.3460234935624","2937.011421144206","3263.3460234935624","discount_10"
"2025-10-20 18:00:00","34","13045.173516975648","11740.656165278084","13045.173516975648","discount_10"
"2025-10-20 19:00:00","35","16317.033847428183","14685.330462685366","16317.033847428183","discount_20"
"2025-10-20 20:00:00","31","12887.335702541408","11598.602132287268","12887.335702541408","no_promo"
"2025-10-20 21:00:00","29","11292.34767670387","10163.112909033483","11292.34767670387","combo_deal"
"2025-10-20 22:00:00","20","8036.509997369436","7232.858997632493","8036.509997369436","discount_20"
"2025-10-20 23:00:00","2","1261.5021650938997","1135.3519485845097","1261.5021650938997","no_promo"
"2025-10-21 00:00:00","2","903.951692599666","813.5565233396994","903.951692599666","no_promo"
"2025-10-21 01:00:00","5","1964.6096425772755","1768.148678319548","1964.6096425772755","free_delivery"
"2025-10-21 02:00:00","8","1915.24470599933","1723.720235399397","1915.24470599933","discount_10"
"2025-10-21 03:00:00","3","1485.1935002501461","1336.6741502251316","1485.1935002501461","free_delivery"
"2025-10-21 04:00:00","1","1215.7860015602794","1094.2074014042514","1215.7860015602794","free_delivery"
"2025-10-21 05:00:00","3","1190.964698695374","1071.8682288258367","1190.964698695374","no_promo"
"2025-10-21 06:00:00","7","1852.6017609067205","1667.3415848160485","1852.6017609067205","no_promo"
"2025-10-21 07:00:00","7","1722.886385014114","1550.5977465127025","1722.886385014114","discount_20"
"2025-10-21 08:00:00","12","4492.676703159922","4043.4090328439297","4492.676703159922","combo_deal"
"2025-10-21 09:00:00","10","5305.990041108525","4775.391036997672","5305.990041108525","discount_10"
"2025-10-21 10:00:00","12","4604.392858624178","4143.95357276176","4604.392858624178","discount_20"
"2025-10-21 11:00:00","21","10346.264097788993","9311.637688010094","10346.264097788993","discount_20"
"2025-10-21 12:00:00","28","11431.423870642802","10288.281483578523","11431.423870642802","discount_10"
"2025-10-21 13:00:00","30","12382.187247998781","11143.968523198904","12382.187247998781","free_delivery"
"2025-10-21 14:00:00","22","9567.298054287534","8610.56824885878","9567.298054287534","discount_20"
"2025-10-21 15:00:00","13","5571.906988761179","5014.716289885061","5571.906988761179","discount_10"
"2025-10-21 16:00:00","24","9816.176241004801","8834.558616904322","9816.176241004801","combo_deal"
"2025-10-21 17:00:00","9","2690.6075918835004","2421.5468326951504","2690.6075918835004","no_promo"
"2025-10-21 18:00:00","33","12597.012032246555","11337.3108290219","12597.012032246555","discount_20"
"2025-10-21 19:00:00","29","13147.80597013362","11833.02537312026","13147.80597013362","combo_deal"
"2025-10-21 20:00:00","20","6606.006759203813","5945.406083283432","6606.006759203813","discount_10"
"2025-10-21 21:00:00","39","21219.10629266256","19097.195663396305","21219.10629266256","discount_20"
"2025-10-21 22:00:00","19","8426.107143600599","7583.496429240539","8426.107143600599","discount_20"
"2025-10-21 23:00:00","3","2244.0880553809047","2019.6792498428142","2244.0880553809047","combo_deal"
"2025-10-22 00:00:00","5","750.8861217297782","675.7975095568004","750.8861217297782","free_delivery"
"2025-10-22 01:00:00","7","1887.2643547299479","1698.537919256953","1887.2643547299479","combo_deal"
"2025-10-22 02:00:00","4","804.3462745645884","723.9116471081296","804.3462745645884","discount_20"
"2025-10-22 03:00:00","2","1804.2321369691376","1623.8089232722239","1804.2321369691376","discount_20"
"2025-10-22 04:00:00","6","3166.761310933351","2850.085179840016","3166.761310933351","discount_10"
"2025-10-22 05:00:00","6","2094.1963553848864","1884.7767198463978","2094.1963553848864","free_delivery"
"2025-10-22 06:00:00","6","1552.1811551164724","1396.963039604825","1552.1811551164724","free_delivery"
"2025-10-22 07:00:00","3","1580.16437609495","1422.1479384854551","1580.16437609495","combo_deal"
"2025-10-22 08:00:00","8","2525.6754826741117","2273.1079344067007","2525.6754826741117","discount_10"
"2025-10-22 09:00:00","18","6507.540572266471","5856.786515039824","6507.540572266471","free_delivery"
"2025-10-22 10:00:00","20","8449.12101143913","7604.208910295218","8449.12101143913","discount_10"
"2025-10-22 11:00:00","27","10370.3188684585","9333.286981612651","10370.3188684585","no_promo"
"2025-10-22 12:00:00","39","18728.519648185502","16855.66768336695","18728.519648185502","combo_deal"
"2025-10-22 13:00:00","29","14003.184919017403","12602.866427115663","14003.184919017403","free_delivery"
"2025-10-22 14:00:00","29","15175.553574057769","13657.998216651993","15175.553574057769","free_delivery"
"2025-10-22 15:00:00","24","11301.881969012104","10171.693772110893","11301.881969012104","combo_deal"
"2025-10-22 16:00:00","15","5329.240991719006","4796.316892547105","5329.240991719006","free_delivery"
"2025-10-22 17:00:00","8","3057.575455479492","2751.817909931543","3057.575455479492","no_promo"
"2025-10-22 18:00:00","28","14716.10005518822","13244.490049669399","14716.10005518822","discount_20"
"2025-10-22 19:00:00","35","13009.712266647442","11708.741039982699","13009.712266647442","discount_20"
"2025-10-22 20:00:00","32","9975.57584879703","8978.018263917327","9975.57584879703","discount_20"
"2025-10-22 21:00:00","27","11823.336261809583","10641.002635628625","11823.336261809583","free_delivery"
"2025-10-22 22:00:00","10","3060.9368582867696","2754.843172458093","3060.9368582867696","no_promo"
"2025-10-22 23:00:00","5","2098.466449466864","1888.6198045201777","2098.466449466864","free_delivery"
"2025-10-23 00:00:00","9","2971.8414538901243","2674.657308501112","2971.8414538901243","combo_deal"
"2025-10-23 01:00:00","1","830.1576074083127","747.1418466674814","830.1576074083127","no_promo"
"2025-10-23 02:00:00","1","1742.5965849703211","1568.3369264732892","1742.5965849703211","combo_deal"
"2025-10-23 03:00:00","6","2682.9015628005573","2414.6114065205015","2682.9015628005573","combo_deal"
"2025-10-23 04:00:00","5","2284.177396634079","2055.759656970671","2284.177396634079","discount_20"
"2025-10-23 05:00:00","5","2395.376279448789","2155.83865150391","2395.376279448789","discount_20"
"2025-10-23 06:00:00","9","3277.768866835621","2949.9919801520587","3277.768866835621","combo_deal"
"2025-10-23 07:00:00","1","1368.8381452671333","1231.9543307404201","1368.8381452671333","no_promo"
"2025-10-23 08:00:00","7","3784.18962029164","3405.770658262476","3784.18962029164","no_promo"
"2025-10-23 09:00:00","19","8508.367881370663","7657.531093233597","8508.367881370663","combo_deal"
"2025-10-23 10:00:00","16","7622.709855328315","6860.438869795484","7622.709855328315","combo_deal"
"2025-10-23 11:00:00","29","12157.9843077934","10942.18587701406","12157.9843077934","combo_deal"
"2025-10-23 12:00:00","21","8286.545172981914","7457.890655683723","8286.545172981914","no_promo"
"2025-10-23 13:00:00","24","11454.135356578852","10308.721820920968","11454.135356578852","discount_20"
"2025-10-23 14:00:00","27","10679.240235444946","9611.316211900452","10679.240235444946","discount_10"
"2025-10-23 15:00:00","21","11294.966269233742","10165.469642310369","11294.966269233742","combo_deal"
"2025-10-23 16:00:00","14","5193.097780228832","4673.788002205949","5193.097780228832","free_delivery"
"2025-10-23 17:00:00","16","5435.380962083574","4891.842865875216","5435.380962083574","free_delivery"
"2025-10-23 18:00:00","21","6391.401054254042","5752.260948828638","6391.401054254042","no_promo"
"2025-10-23 19:00:00","22","8050.579433615302","7245.521490253772","8050.579433615302","no_promo"
"2025-10-23 20:00:00","28","12635.148621416149","11371.633759274535","12635.148621416149","free_delivery"
"2025-10-23 21:00:00","28","10109.528594299807","9098.575734869826","10109.528594299807","no_promo"
"2025-10-23 22:00:00","13","4531.65583837569","4078.490254538121","4531.65583837569","discount_20"
"2025-10-23 23:00:00","6","1983.207884613856","1784.8870961524706","1983.207884613856","discount_10"
"2025-10-24 00:00:00","4","2348.1074100398396","2113.2966690358558","2348.1074100398396","discount_20"
"2025-10-24 01:00:00","4","1825.4427920443159","1642.8985128398842","1825.4427920443159","discount_10"
"2025-10-24 02:00:00","7","2779.1052941854455","2501.194764766901","2779.1052941854455","discount_20"
"2025-10-24 03:00:00","4","1063.2007275992685","956.8806548393417","1063.2007275992685","discount_10"
"2025-10-24 04:00:00","10","3476.158162512619","3128.542346261357","3476.158162512619","free_delivery"
"2025-10-24 05:00:00","9","2847.0025980705564","2562.3023382635006","2847.0025980705564","no_promo"
"2025-10-24 06:00:00","3","663.6989397353645","597.3290457618281","663.6989397353645","discount_10"
"2025-10-24 07:00:00","7","1905.9869829653298","1715.3882846687968","1905.9869829653298","no_promo"
"2025-10-24 08:00:00","21","8937.736376181167","8043.96273856305","8937.736376181167","discount_20"
"2025-10-24 09:00:00","16","8023.837963731658","7221.454167358493","8023.837963731658","free_delivery"
"2025-10-24 10:00:00","18","5088.94113334177","4580.047020007593","5088.94113334177","no_promo"
"2025-10-24 11:00:00","30","10773.781452106665","9696.403306895998","10773.781452106665","free_delivery"
"2025-10-24 12:00:00","20","9395.336082249254","8455.802474024329","9395.336082249254","no_promo"
"2025-10-24 13:00:00","31","14114.183519026034","12702.76516712343","14114.183519026034","combo_deal"
"2025-10-24 14:00:00","29","12425.848253927308","11183.263428534578","12425.848253927308","free_delivery"
"2025-10-24 15:00:00","18","8017.461511784347","7215.715360605912","8017.461511784347","discount_20"
"2025-10-24 16:00:00","10","4836.865572009963","4353.179014808967","4836.865572009963","combo_deal"
"2025-10-24 17:00:00","8","3993.9734180119676","3594.576076210771","3993.9734180119676","no_promo"
"2025-10-24 18:00:00","19","7315.448141623966","6583.9033274615695","7315.448141623966","free_delivery"
"2025-10-24 19:00:00","19","7624.68969177805","6862.220722600245","7624.68969177805","no_promo"
"2025-10-24 20:00:00","26","9646.497968236696","8681.848171413027","9646.497968236696","no_promo"
"2025-10-24 21:00:00","32","13101.259425079828","11791.133482571846","13101.259425079828","discount_10"
"2025-10-24 22:00:00","14","5886.590370722004","5297.9313336498035","5886.590370722004","no_promo"
"2025-10-24 23:00:00","4","2088.2303125994927","1879.4072813395435","2088.2303125994927","discount_10"
"2025-10-25 00:00:00","3","1752.672425274482","1577.405182747034","1752.672425274482","no_promo"
"2025-10-25 01:00:00","7","3389.7934140232883","3050.8140726209595","3389.7934140232883","no_promo"
"2025-10-25 02:00:00","2","1296.6538142021773","1166.9884327819595","1296.6538142021773","no_promo"
"2025-10-25 03:00:00","2","1580.1059140872794","1422.0953226785516","1580.1059140872794","free_delivery"
"2025-10-25 04:00:00","2","1487.1026174907581","1338.3923557416824","1487.1026174907581","no_promo"
"2025-10-25 05:00:00","4","1925.1720866473522","1732.654877982617","1925.1720866473522","free_delivery"
"2025-10-25 06:00:00","5","1708.5316389166846","1537.6784750250163","1708.5316389166846","no_promo"
"2025-10-25 07:00:00","7","3600.9117065480564","3240.820535893251","3600.9117065480564","combo_deal"
"2025-10-25 08:00:00","17","7098.49967252405","6388.649705271645","7098.49967252405","no_promo"
"2025-10-25 09:00:00","20","7438.707294277047","6694.836564849343","7438.707294277047","free_delivery"
"2025-10-25 10:00:00","22","10556.812839070792","9501.131555163713","10556.812839070792","combo_deal"
"2025-10-25 11:00:00","38","14273.299791137115","12845.969812023404","14273.299791137115","free_delivery"
"2025-10-25 12:00:00","28","11428.180499822813","10285.362449840532","11428.180499822813","no_promo"
"2025-10-25 13:00:00","24","11639.652843772637","10475.687559395374","11639.652843772637","no_promo"
"2025-10-25 14:00:00","38","16223.441074867382","14601.096967380643","16223.441074867382","discount_10"
"2025-10-25 15:00:00","13","5470.849997998383","4923.764998198544","5470.849997998383","free_delivery"
"2025-10-25 16:00:00","20","9664.397601472712","8697.957841325442","9664.397601472712","combo_deal"
"2025-10-25 17:00:00","26","10053.01656632323","9047.714909690907","10053.01656632323","discount_20"
"2025-10-25 18:00:00","37","15829.288866991634","14246.359980292471","15829.288866991634","discount_10"
"2025-10-25 19:00:00","34","13487.208343324373","12138.487508991937","13487.208343324373","free_delivery"
"2025-10-25 20:00:00","43","21593.57850143081","19434.220651287727","21593.57850143081","free_delivery"
"2025-10-25 21:00:00","31","11210.521258834322","10089.46913295089","11210.521258834322","discount_20"
"2025-10-25 22:00:00","25","11629.003981835707","10466.103583652137","11629.003981835707","free_delivery"
"2025-10-25 23:00:00","2","2127.636292690806","1914.8726634217253","2127.636292690806","free_delivery"
"2025-10-26 00:00:00","12","3859.882162558733","3473.8939463028596","3859.882162558733","no_promo"
"2025-10-26 01:00:00","5","1335.051883157398","1201.546694841658","1335.051883157398","discount_20"
"2025-10-26 02:00:00","4","1414.3386175201283","1272.9047557681156","1414.3386175201283","combo_deal"
"2025-10-26 03:00:00","8","3622.0945210232017","3259.8850689208816","3622.0945210232017","no_promo"
"2025-10-26 04:00:00","9","2595.7065169421458","2336.135865247931","2595.7065169421458","discount_10"
"2025-10-26 05:00:00","4","1556.1613644684312","1400.5452280215882","1556.1613644684312","no_promo"
"2025-10-26 06:00:00","6","2874.356533582471","2586.9208802242238","2874.356533582471","combo_deal"
"2025-10-26 07:00:00","4","2639.0233643963797","2375.1210279567417","2639.0233643963797","discount_20"
"2025-10-26 08:00:00","16","5242.987099384433","4718.68838944599","5242.987099384433","no_promo"
"2025-10-26 09:00:00","12","4701.231366300818","4231.108229670736","4701.231366300818","no_promo"
"2025-10-26 10:00:00","15","5529.96210060127","4976.965890541143","5529.96210060127","no_promo"
"2025-10-26 11:00:00","41","17907.19567166576","16116.476104499183","17907.19567166576","combo_deal"
"2025-10-26 12:00:00","38","15759.938403701173","14183.944563331057","15759.938403701173","discount_20"
"2025-10-26 13:00:00","34","13500.71805205902","12150.646246853117","13500.71805205902","discount_10"
"2025-10-26 14:00:00","27","11390.548488453956","10251.493639608561","11390.548488453956","no_promo"
"2025-10-26 15:00:00","21","8932.406004343955","8039.165403909559","8932.406004343955","free_delivery"
"2025-10-26 16:00:00","18","7985.798806668196","7187.2189260013765","7985.798806668196","free_delivery"
"2025-10-26 17:00:00","20","7415.893906284526","6674.304515656073","7415.893906284526","no_promo"
"2025-10-26 18:00:00","31","10274.264216262412","9246.83779463617","10274.264216262412","no_promo"
"2025-10-26 19:00:00","52","19629.65600376024","17666.690403384215","19629.65600376024","free_delivery"
"2025-10-26 20:00:00","41","19619.197465763347","17657.277719187012","19619.197465763347","combo_deal"
"2025-10-26 21:00:00","50","17423.761235505335","15681.385111954802","17423.761235505335","discount_20"
"2025-10-26 22:00:00","23","9712.14000952974","8740.926008576766","9712.14000952974","discount_10"
"2025-10-26 23:00:00","8","2154.500855879687","1939.0507702917184","2154.500855879687","no_promo"
"2025-10-27 00:00:00","4","581.2588669231114","523.1329802308003","581.2588669231114","no_promo"
"2025-10-27 01:00:00","6","2066.809465002339","1860.1285185021052","2066.809465002339","discount_10"
"2025-10-27 02:00:00","3","1156.9596896004557","1041.2637206404102","1156.9596896004557","discount_20"
"2025-10-27 03:00:00","7","2244.780261167818","2020.3022350510362","2244.780261167818","free_delivery"
"2025-10-27 04:00:00","8","2289.152994912392","2060.2376954211527","2289.152994912392","discount_20"
"2025-10-27 05:00:00","5","2160.868557544291","1944.781701789862","2160.868557544291","combo_deal"
"2025-10-27 06:00:00","8","2159.359091546681","1943.4231823920131","2159.359091546681","discount_10"
"2025-10-27 07:00:00","4","1659.1358621145118","1493.2222759030608","1659.1358621145118","no_promo"
"2025-10-27 08:00:00","16","6576.504782383953","5918.854304145558","6576.504782383953","discount_10"
"2025-10-27 09:00:00","22","10541.13149458434","9487.018345125907","10541.13149458434","combo_deal"
"2025-10-27 10:00:00","18","6737.3326733896","6063.59940605064","6737.3326733896","free_delivery"
"2025-10-27 11:00:00","27","12114.521238003501","10903.069114203152","12114.521238003501","discount_20"
"2025-10-27 12:00:00","30","14240.352044577841","12816.316840120058","14240.352044577841","free_delivery"
"2025-10-27 13:00:00","37","16951.603967238087","15256.443570514279","16951.603967238087","combo_deal"
"2025-10-27 14:00:00","33","12004.342140594357","10803.907926534921","12004.342140594357","discount_20"
"2025-10-27 15:00:00","12","6024.274943932555","5421.8474495393","6024.274943932555","no_promo"
"2025-10-27 16:00:00","12","4479.976017224203","4031.978415501783","4479.976017224203","discount_10"
"2025-10-27 17:00:00","22","9099.238994591471","8189.315095132324","9099.238994591471","discount_20"
"2025-10-27 18:00:00","27","15350.442864453029","13815.398578007726","15350.442864453029","discount_10"
"2025-10-27 19:00:00","22","9906.69329141093","8916.023962269837","9906.69329141093","discount_20"
"2025-10-27 20:00:00","24","10550.477814141552","9495.430032727398","10550.477814141552","free_delivery"
"2025-10-27 21:00:00","33","15400.048143377971","13860.043329040174","15400.048143377971","discount_20"
"2025-10-27 22:00:00","13","7431.601196702234","6688.441077032011","7431.601196702234","free_delivery"
"2025-10-27 23:00:00","3","1416.4963052988824","1274.8466747689943","1416.4963052988824","discount_10"
"2025-10-28 00:00:00","5","1125.5641236227802","1013.0077112605022","1125.5641236227802","free_delivery"
"2025-10-28 01:00:00","2","451.4024487438971","406.2622038695074","451.4024487438971","no_promo"
"2025-10-28 02:00:00","8","2997.8529272081373","2698.0676344873236","2997.8529272081373","combo_deal"
"2025-10-28 03:00:00","2","1642.8598295060865","1478.573846555478","1642.8598295060865","discount_10"
"2025-10-28 04:00:00","7","2158.040435676161","1942.236392108545","2158.040435676161","combo_deal"
"2025-10-28 05:00:00","4","2069.7266984614166","1862.754028615275","2069.7266984614166","discount_10"
"2025-10-28 06:00:00","5","1530.9334557058119","1377.8401101352308","1530.9334557058119","discount_10"
"2025-10-28 07:00:00","8","2662.99082396469","2396.6917415682215","2662.99082396469","free_delivery"
"2025-10-28 08:00:00","20","9374.423595627433","8436.98123606469","9374.423595627433","combo_deal"
"2025-10-28 09:00:00","17","6329.266855566341","5696.340170009707","6329.266855566341","free_delivery"
"2025-10-28 10:00:00","18","7351.052694260307","6615.947424834277","7351.052694260307","discount_10"
"2025-10-28 11:00:00","16","6709.756595287139","6038.780935758426","6709.756595287139","no_promo"
"2025-10-28 12:00:00","22","8904.931408541646","8014.438267687482","8904.931408541646","discount_10"
"2025-10-28 13:00:00","31","14439.733022747065","12995.759720472359","14439.733022747065","combo_deal"
"2025-10-28 14:00:00","24","11198.244930417979","10078.420437376182","11198.244930417979","discount_20"
"2025-10-28 15:00:00","12","4817.666161009424","4335.899544908482","4817.666161009424","free_delivery"
"2025-10-28 16:00:00","17","6935.114546793794","6241.603092114415","6935.114546793794","discount_20"
"2025-10-28 17:00:00","20","6206.36923645852","5585.732312812668","6206.36923645852","no_promo"
"2025-10-28 18:00:00","26","8918.930532462413","8027.037479216172","8918.930532462413","no_promo"
"2025-10-28 19:00:00","27","11549.318538184818","10394.386684366336","11549.318538184818","discount_10"
"2025-10-28 20:00:00","35","17722.769135236776","15950.492221713099","17722.769135236776","combo_deal"
"2025-10-28 21:00:00","30","11577.931619475454","10420.138457527908","11577.931619475454","combo_deal"
"2025-10-28 22:00:00","8","2835.647412346477","2552.0826711118293","2835.647412346477","free_delivery"
"2025-10-28 23:00:00","4","1373.659712208193","1236.2937409873737","1373.659712208193","no_promo"
"2025-10-29 00:00:00","3","2071.075379219037","1863.9678412971334","2071.075379219037","no_promo"
"2025-10-29 01:00:00","6","2472.3483971552464","2225.1135574397217","2472.3483971552464","combo_deal"
"2025-10-29 02:00:00","8","3202.569989390607","2882.3129904515463","3202.569989390607","combo_deal"
"2025-10-29 03:00:00","2","855.0078981454404","769.5071083308964","855.0078981454404","no_promo"
"2025-10-29 04:00:00","3","1389.9637244462813","1250.9673520016531","1389.9637244462813","free_delivery"
"2025-10-29 05:00:00","6","2307.7033063942727","2076.9329757548453","2307.7033063942727","discount_10"
"2025-10-29 06:00:00","2","1313.520270591966","1182.1682435327693","1313.520270591966","discount_10"
"2025-10-29 07:00:00","11","3817.9935782555744","3436.194220430017","3817.9935782555744","discount_20"
"2025-10-29 08:00:00","16","6524.3495947652045","5871.914635288685","6524.3495947652045","free_delivery"
"2025-10-29 09:00:00","23","11470.25557879282","10323.230020913537","11470.25557879282","combo_deal"
"2025-10-29 10:00:00","14","5794.017621562107","5214.615859405896","5794.017621562107","discount_10"
"2025-10-29 11:00:00","19","6840.341070908002","6156.306963817202","6840.341070908002","no_promo"
"2025-10-29 12:00:00","34","15849.853587093921","14264.86822838453","15849.853587093921","discount_20"
"2025-10-29 13:00:00","19","8980.028747793198","8082.0258730138785","8980.028747793198","no_promo"
"2025-10-29 14:00:00","31","15052.70892894721","13547.438036052488","15052.70892894721","discount_20"
"2025-10-29 15:00:00","19","6648.569714304143","5983.712742873729","6648.569714304143","discount_10"
"2025-10-29 16:00:00","14","4163.440330593211","3747.09629753389","4163.440330593211","discount_10"
"2025-10-29 17:00:00","20","6513.595094860207","5862.2355853741865","6513.595094860207","discount_20"
"2025-10-29 18:00:00","21","7365.217437269562","6628.695693542606","7365.217437269562","no_promo"
"2025-10-29 19:00:00","25","9675.391910709617","8707.852719638655","9675.391910709617","discount_20"
"2025-10-29 20:00:00","17","6368.8706794798145","5731.983611531833","6368.8706794798145","no_promo"
"2025-10-29 21:00:00","34","15095.275938435867","13585.74834459228","15095.275938435867","combo_deal"
"2025-10-29 22:00:00","19","6545.690827291224","5891.121744562102","6545.690827291224","discount_20"
"2025-10-29 23:00:00","2","444.13695562592164","399.72326006332946","444.13695562592164","free_delivery"
"2025-10-30 00:00:00","7","2395.518537953366","2155.9666841580292","2395.518537953366","discount_20"
"2025-10-30 01:00:00","4","1410.9433899038868","1269.849050913498","1410.9433899038868","discount_20"
"2025-10-30 02:00:00","7","3028.661006217498","2725.7949055957483","3028.661006217498","discount_20"
"2025-10-30 03:00:00","3","1118.273207195833","1006.4458864762497","1118.273207195833","no_promo"
"2025-10-30 04:00:00","1","1249.0236934878405","1124.1213241390565","1249.0236934878405","no_promo"
"2025-10-30 05:00:00","2","1610.629709270102","1449.5667383430919","1610.629709270102","free_delivery"
"2025-10-30 06:00:00","6","2576.2210016953445","2318.59890152581","2576.2210016953445","discount_20"
"2025-10-30 07:00:00","9","3430.988847830773","3087.889963047696","3430.988847830773","free_delivery"
"2025-10-30 08:00:00","20","7535.921020651378","6782.32891858624","7535.921020651378","combo_deal"
"2025-10-30 09:00:00","17","7377.7394458422405","6639.965501258017","7377.7394458422405","discount_20"
"2025-10-30 10:00:00","21","8165.273584605176","7348.746226144659","8165.273584605176","discount_10"
"2025-10-30 11:00:00","32","12715.443613620715","11443.899252258643","12715.443613620715","combo_deal"
"2025-10-30 12:00:00","27","12563.332814996389","11306.99953349675","12563.332814996389","discount_20"
"2025-10-30 13:00:00","39","17146.959268003462","15432.263341203115","17146.959268003462","combo_deal"
"2025-10-30 14:00:00","34","12348.89648480325","11114.006836322926","12348.89648480325","free_delivery"
"2025-10-30 15:00:00","5","1795.1946670477128","1615.6752003429415","1795.1946670477128","no_promo"
"2025-10-30 16:00:00","19","6939.23012440159","6245.307111961431","6939.23012440159","discount_20"
"2025-10-30 17:00:00","13","5712.180306435463","5140.962275791917","5712.180306435463","free_delivery"
"2025-10-30 18:00:00","30","12695.638540636352","11426.074686572716","12695.638540636352","discount_20"
"2025-10-30 19:00:00","26","10844.934216259362","9760.440794633427","10844.934216259362","discount_20"
"2025-10-30 20:00:00","33","16122.079329326405","14509.871396393764","16122.079329326405","discount_20"
"2025-10-30 21:00:00","27","11910.557979225217","10719.502181302696","11910.557979225217","free_delivery"
"2025-10-30 22:00:00","20","8590.239492279305","7731.215543051374","8590.239492279305","free_delivery"
"2025-10-30 23:00:00","2","1367.9982346903994","1231.1984112213595","1367.9982346903994","discount_20"
"2025-10-31 00:00:00","8","2875.6017201642408","2588.0415481478167","2875.6017201642408","discount_10"
"2025-10-31 01:00:00","3","851.4310176399528","766.2879158759575","851.4310176399528","free_delivery"
"2025-10-31 02:00:00","1","787.4943418774506","708.7449076897055","787.4943418774506","combo_deal"
"2025-10-31 03:00:00","3","1842.8291486994012","1658.5462338294612","1842.8291486994012","combo_deal"
"2025-10-31 04:00:00","5","2598.3358440080547","2338.5022596072495","2598.3358440080547","discount_20"
"2025-10-31 05:00:00","4","1756.0381106230232","1580.4342995607208","1756.0381106230232","discount_10"
"2025-10-31 06:00:00","4","776.9076639835301","699.2168975851771","776.9076639835301","discount_10"
"2025-10-31 07:00:00","9","3875.067407101641","3487.560666391477","3875.067407101641","combo_deal"
"2025-10-31 08:00:00","8","4095.0887996657048","3685.5799196991343","4095.0887996657048","combo_deal"
"2025-10-31 09:00:00","7","2966.882476919465","2670.1942292275185","2966.882476919465","no_promo"
"2025-10-31 10:00:00","13","4636.3703271074155","4172.733294396674","4636.3703271074155","free_delivery"
"2025-10-31 11:00:00","16","5930.285087008188","5337.25657830737","5930.285087008188","no_promo"
"2025-10-31 12:00:00","32","15805.552877860395","14224.997590074356","15805.552877860395","free_delivery"
"2025-10-31 13:00:00","34","14664.803732521697","13198.323359269529","14664.803732521697","free_delivery"
"2025-10-31 14:00:00","30","13947.629075863286","12552.866168276958","13947.629075863286","discount_10"
"2025-10-31 15:00:00","20","9349.307694085213","8414.376924676691","9349.307694085213","combo_deal"
"2025-10-31 16:00:00","7","3304.073940568893","2973.6665465120036","3304.073940568893","no_promo"
"2025-10-31 17:00:00","14","7939.355690354653","7145.420121319188","7939.355690354653","free_delivery"
"2025-10-31 18:00:00","27","10081.494095121667","9073.3446856095","10081.494095121667","discount_10"
"2025-10-31 19:00:00","32","11508.419842728557","10357.577858455701","11508.419842728557","discount_10"
"2025-10-31 20:00:00","32","15964.61053558119","14368.149482023071","15964.61053558119","discount_20"
"2025-10-31 21:00:00","37","12668.788713908576","11401.909842517718","12668.788713908576","discount_20"
"2025-10-31 22:00:00","11","4692.6919870569845","4223.422788351286","4692.6919870569845","discount_10"
"2025-10-31 23:00:00","5","2427.2883983673482","2184.5595585306137","2427.2883983673482","discount_20"
"2025-11-01 00:00:00","6","1602.7531722990996","1442.4778550691897","1602.7531722990996","discount_20"
"2025-11-01 01:00:00","7","3363.398175028984","3027.0583575260857","3363.398175028984","free_delivery"
"2025-11-01 02:00:00","8","2746.511474630187","2471.860327167168","2746.511474630187","discount_10"
"2025-11-01 03:00:00","10","3150.758527263726","2835.6826745373537","3150.758527263726","no_promo"
"2025-11-01 04:00:00","5","1716.0442349905209","1544.4398114914688","1716.0442349905209","no_promo"
"2025-11-01 05:00:00","8","2931.0390395855497","2637.935135626995","2931.0390395855497","discount_10"
"2025-11-01 06:00:00","9","4375.961510312859","3938.365359281573","4375.961510312859","free_delivery"
"2025-11-01 07:00:00","4","1046.4007426373169","941.7606683735852","1046.4007426373169","no_promo"
"2025-11-01 08:00:00","20","9998.03137560563","8998.228238045067","9998.03137560563","discount_10"
"2025-11-01 09:00:00","18","7446.870071961821","6702.183064765639","7446.870071961821","discount_10"
"2025-11-01 10:00:00","24","9118.0877549539","8206.27897945851","9118.0877549539","discount_20"
"2025-11-01 11:00:00","41","17870.028344335267","16083.025509901741","17870.028344335267","free_delivery"
"2025-11-01 12:00:00","45","18843.276317081996","16958.948685373798","18843.276317081996","discount_20"
"2025-11-01 13:00:00","35","14559.334019261512","13103.400617335361","14559.334019261512","free_delivery"
"2025-11-01 14:00:00","36","17848.310765775364","16063.479689197828","17848.310765775364","discount_20"
"2025-11-01 15:00:00","19","7495.279589039501","6745.751630135551","7495.279589039501","no_promo"
"2025-11-01 16:00:00","36","14169.35109292074","12752.415983628667","14169.35109292074","combo_deal"
"2025-11-01 17:00:00","29","8371.644833221155","7534.4803498990395","8371.644833221155","free_delivery"
"2025-11-01 18:00:00","28","12600.208218198482","11340.187396378635","12600.208218198482","discount_10"
"2025-11-01 19:00:00","43","16926.51178355477","15233.860605199296","16926.51178355477","free_delivery"
"2025-11-01 20:00:00","29","12879.480294188847","11591.532264769961","12879.480294188847","discount_20"
"2025-11-01 21:00:00","46","24806.139264301277","22325.52533787115","24806.139264301277","combo_deal"
"2025-11-01 22:00:00","17","8011.317926128682","7210.186133515815","8011.317926128682","combo_deal"
"2025-11-01 23:00:00","4","2134.4573938797203","1921.0116544917482","2134.4573938797203","discount_10"
"2025-11-02 00:00:00","9","2620.3425545274363","2358.3082990746925","2620.3425545274363","combo_deal"
"2025-11-02 01:00:00","7","1955.9818447244627","1760.3836602520164","1955.9818447244627","no_promo"
"2025-11-02 02:00:00","7","3388.9583892454407","3050.0625503208967","3388.9583892454407","free_delivery"
"2025-11-02 03:00:00","7","3029.9516891281132","2726.956520215302","3029.9516891281132","discount_10"
"2025-11-02 04:00:00","4","1362.3981885983374","1226.1583697385036","1362.3981885983374","discount_20"
"2025-11-02 05:00:00","4","1630.3064476135905","1467.2758028522314","1630.3064476135905","free_delivery"
"2025-11-02 06:00:00","9","3462.3511406950242","3116.116026625522","3462.3511406950242","combo_deal"
"2025-11-02 07:00:00","1","853.6027794879859","768.2425015391873","853.6027794879859","no_promo"
"2025-11-02 08:00:00","27","10321.74792976958","9289.573136792624","10321.74792976958","free_delivery"
"2025-11-02 09:00:00","22","8001.24925018038","7201.124325162342","8001.24925018038","no_promo"
"2025-11-02 10:00:00","23","10613.55894286883","9552.203048581949","10613.55894286883","combo_deal"
"2025-11-02 11:00:00","34","13932.45856836492","12539.21271152843","13932.45856836492","discount_20"
"2025-11-02 12:00:00","30","14242.357893730421","12818.122104357379","14242.357893730421","free_delivery"
"2025-11-02 13:00:00","58","18286.01342767383","16457.41208490645","18286.01342767383","combo_deal"
"2025-11-02 14:00:00","46","21505.963398453925","19355.36705860853","21505.963398453925","discount_10"
"2025-11-02 15:00:00","29","9557.351764649673","8601.616588184706","9557.351764649673","free_delivery"
"2025-11-02 16:00:00","24","9804.521802880627","8824.069622592564","9804.521802880627","free_delivery"
"2025-11-02 17:00:00","27","12719.142720890943","11447.228448801849","12719.142720890943","combo_deal"
"2025-11-02 18:00:00","37","14328.407273271445","12895.5665459443","14328.407273271445","free_delivery"
"2025-11-02 19:00:00","41","15859.027905251574","14273.125114726417","15859.027905251574","combo_deal"
"2025-11-02 20:00:00","28","13268.186262608073","11941.367636347266","13268.186262608073","discount_10"
"2025-11-02 21:00:00","44","15277.503430076764","13749.753087069088","15277.503430076764","free_delivery"
"2025-11-02 22:00:00","26","11251.11614086266","10126.004526776394","11251.11614086266","free_delivery"
"2025-11-02 23:00:00","2","893.8170554892448","804.4353499403203","893.8170554892448","combo_deal"
"2025-11-03 00:00:00","10","5021.137073199374","4519.023365879437","5021.137073199374","discount_20"
"2025-11-03 01:00:00","3","1327.9692388689505","1195.1723149820555","1327.9692388689505","free_delivery"
"2025-11-03 02:00:00","4","2586.4084714257115","2327.7676242831403","2586.4084714257115","discount_20"
"2025-11-03 03:00:00","5","1935.606214484186","1742.0455930357675","1935.606214484186","combo_deal"
"2025-11-03 04:00:00","7","3421.3086380985897","3079.1777742887307","3421.3086380985897","discount_10"
"2025-11-03 05:00:00","6","1863.1074017404035","1676.7966615663631","1863.1074017404035","free_delivery"
"2025-11-03 06:00:00","2","248.98892654345494","224.09003388910943","248.98892654345494","no_promo"
"2025-11-03 07:00:00","7","2246.5609973022647","2021.9048975720382","2246.5609973022647","discount_10"
"2025-11-03 08:00:00","12","5555.352926265618","4999.817633639057","5555.352926265618","discount_20"
"2025-11-03 09:00:00","14","6883.598258778438","6195.2384329005945","6883.598258778438","free_delivery"
"2025-11-03 10:00:00","17","7309.620721019013","6578.658648917112","7309.620721019013","free_delivery"
"2025-11-03 11:00:00","18","6431.547467804414","5788.392721023973","6431.547467804414","no_promo"
"2025-11-03 12:00:00","16","6124.539556108575","5512.085600497718","6124.539556108575","discount_10"
"2025-11-03 13:00:00","34","12032.02508059949","10828.82257253954","12032.02508059949","discount_20"
"2025-11-03 14:00:00","24","13308.41878897685","11977.576910079164","13308.41878897685","discount_20"
"2025-11-03 15:00:00","20","8195.00004806564","7375.500043259076","8195.00004806564","discount_20"
"2025-11-03 16:00:00","9","3735.2121675679937","3361.6909508111944","3735.2121675679937","no_promo"
"2025-11-03 17:00:00","12","5685.7905466686525","5117.2114920017875","5685.7905466686525","combo_deal"
"2025-11-03 18:00:00","19","5583.09140725234","5024.782266527106","5583.09140725234","no_promo"
"2025-11-03 19:00:00","17","7682.559954306022","6914.30395887542","7682.559954306022","no_promo"
"2025-11-03 20:00:00","40","17438.252811147468","15694.42753003272","17438.252811147468","combo_deal"
"2025-11-03 21:00:00","22","9480.735847928408","8532.662263135568","9480.735847928408","free_delivery"
"2025-11-03 22:00:00","13","6246.854472704786","5622.1690254343075","6246.854472704786","discount_20"
"2025-11-03 23:00:00","5","1989.684596794829","1790.716137115346","1989.684596794829","free_delivery"
"2025-11-04 00:00:00","4","1064.6577019524732","958.1919317572259","1064.6577019524732","discount_20"
"2025-11-04 01:00:00","5","3146.240536947496","2831.6164832527465","3146.240536947496","discount_10"
"2025-11-04 02:00:00","3","2281.8084825398314","2053.627634285848","2281.8084825398314","combo_deal"
"2025-11-04 03:00:00","6","3224.2046720133076","2901.784204811977","3224.2046720133076","discount_20"
"2025-11-04 04:00:00","7","2107.51163018769","1896.7604671689212","2107.51163018769","no_promo"
"2025-11-04 05:00:00","3","963.946292875737","867.5516635881633","963.946292875737","no_promo"
"2025-11-04 06:00:00","3","1793.2957382876443","1613.96616445888","1793.2957382876443","free_delivery"
"2025-11-04 07:00:00","4","1158.0576672675816","1042.2519005408235","1158.0576672675816","no_promo"
"2025-11-04 08:00:00","23","5703.245214553423","5132.920693098081","5703.245214553423","discount_20"
"2025-11-04 09:00:00","19","9832.715701480125","8849.444131332113","9832.715701480125","discount_20"
"2025-11-04 10:00:00","17","6727.000266145644","6054.30023953108","6727.000266145644","discount_10"
"2025-11-04 11:00:00","22","7579.25929409258","6821.333364683322","7579.25929409258","discount_10"
"2025-11-04 12:00:00","29","10376.871643302115","9339.184478971903","10376.871643302115","no_promo"
"2025-11-04 13:00:00","28","9068.087903434367","8161.279113090931","9068.087903434367","combo_deal"
"2025-11-04 14:00:00","26","10018.096730547844","9016.28705749306","10018.096730547844","discount_20"
"2025-11-04 15:00:00","17","6300.602825505471","5670.542542954924","6300.602825505471","discount_20"
"2025-11-04 16:00:00","10","3237.6059879794884","2913.8453891815398","3237.6059879794884","no_promo"
"2025-11-04 17:00:00","24","9754.887990975292","8779.399191877763","9754.887990975292","combo_deal"
"2025-11-04 18:00:00","26","8736.210012412806","7862.589011171526","8736.210012412806","no_promo"
"2025-11-04 19:00:00","33","15769.601006949468","14192.64090625452","15769.601006949468","combo_deal"
"2025-11-04 20:00:00","25","10578.960301086347","9521.064270977713","10578.960301086347","no_promo"
"2025-11-04 21:00:00","22","7140.199363547945","6426.17942719315","7140.199363547945","no_promo"
"2025-11-04 22:00:00","15","5747.360735759167","5172.624662183251","5747.360735759167","discount_20"
"2025-11-04 23:00:00","4","1793.012282711751","1613.711054440576","1793.012282711751","discount_20"
"2025-11-05 00:00:00","7","1660.0678268949282","1494.0610442054353","1660.0678268949282","discount_20"
"2025-11-05 01:00:00","5","2484.1572111485666","2235.74149003371","2484.1572111485666","discount_20"
"2025-11-05 02:00:00","2","1564.9120608633011","1408.420854776971","1564.9120608633011","combo_deal"
"2025-11-05 03:00:00","3","1813.9792847342583","1632.5813562608325","1813.9792847342583","free_delivery"
"2025-11-05 04:00:00","5","2182.461896239573","1964.2157066156158","2182.461896239573","no_promo"
"2025-11-05 05:00:00","0","343.885973062521","309.49737575626887","343.885973062521","free_delivery"
"2025-11-05 06:00:00","2","1778.7156720660678","1600.8441048594611","1778.7156720660678","no_promo"
"2025-11-05 07:00:00","4","788.0320033394144","709.228803005473","788.0320033394144","discount_20"
"2025-11-05 08:00:00","19","10154.160518839068","9138.74446695516","10154.160518839068","discount_20"
"2025-11-05 09:00:00","22","8257.69583085782","7431.926247772038","8257.69583085782","discount_10"
"2025-11-05 10:00:00","9","3231.3200368841285","2908.188033195716","3231.3200368841285","no_promo"
"2025-11-05 11:00:00","21","7955.517450281845","7159.965705253661","7955.517450281845","no_promo"
"2025-11-05 12:00:00","32","12849.719383162623","11564.74744484636","12849.719383162623","combo_deal"
"2025-11-05 13:00:00","25","11798.526501675246","10618.673851507721","11798.526501675246","discount_10"
"2025-11-05 14:00:00","23","9967.94149037526","8971.147341337735","9967.94149037526","discount_20"
"2025-11-05 15:00:00","17","4840.500582025719","4356.450523823148","4840.500582025719","no_promo"
"2025-11-05 16:00:00","19","6739.004285399864","6065.103856859878","6739.004285399864","discount_20"
"2025-11-05 17:00:00","16","6162.728682939499","5546.455814645549","6162.728682939499","no_promo"
"2025-11-05 18:00:00","24","11895.627376322407","10706.064638690166","11895.627376322407","no_promo"
"2025-11-05 19:00:00","31","16944.44755070911","15250.002795638198","16944.44755070911","discount_20"
"2025-11-05 20:00:00","27","12224.590569289621","11002.13151236066","12224.590569289621","discount_10"
"2025-11-05 21:00:00","22","8673.99053240083","7806.591479160747","8673.99053240083","no_promo"
"2025-11-05 22:00:00","9","3515.324726359654","3163.7922537236886","3515.324726359654","no_promo"
"2025-11-05 23:00:00","2","1925.7256744170095","1733.1531069753087","1925.7256744170095","no_promo"
"2025-11-06 00:00:00","10","4524.239057843214","4071.8151520588926","4524.239057843214","combo_deal"
"2025-11-06 01:00:00","7","1854.9963197354282","1669.4966877618854","1854.9963197354282","free_delivery"
"2025-11-06 02:00:00","7","3403.4825296612876","3063.134276695159","3403.4825296612876","discount_10"
"2025-11-06 03:00:00","8","3512.737967989224","3161.464171190302","3512.737967989224","discount_20"
"2025-11-06 04:00:00","2","2117.1950015986877","1905.475501438819","2117.1950015986877","free_delivery"
"2025-11-06 05:00:00","5","1425.4393432431616","1282.8954089188455","1425.4393432431616","discount_20"
"2025-11-06 06:00:00","4","1647.3826899444227","1482.6444209499805","1647.3826899444227","combo_deal"
"2025-11-06 07:00:00","7","4332.849764074854","3899.5647876673684","4332.849764074854","free_delivery"
"2025-11-06 08:00:00","15","4666.7741117535725","4200.096700578215","4666.7741117535725","discount_10"
"2025-11-06 09:00:00","16","6197.776638387294","5577.998974548565","6197.776638387294","discount_10"
"2025-11-06 10:00:00","24","8784.776738319304","7906.2990644873735","8784.776738319304","discount_20"
"2025-11-06 11:00:00","32","11166.80790243714","10050.127112193426","11166.80790243714","combo_deal"
"2025-11-06 12:00:00","20","9010.314961888767","8109.283465699891","9010.314961888767","discount_10"
"2025-11-06 13:00:00","33","17515.514519522978","15763.963067570681","17515.514519522978","discount_10"
"2025-11-06 14:00:00","26","10319.576812876008","9287.619131588408","10319.576812876008","no_promo"
"2025-11-06 15:00:00","22","7385.643432080476","6647.079088872428","7385.643432080476","combo_deal"
"2025-11-06 16:00:00","16","7034.055677983493","6330.6501101851445","7034.055677983493","combo_deal"
"2025-11-06 17:00:00","12","4942.537466414448","4448.283719773003","4942.537466414448","free_delivery"
"2025-11-06 18:00:00","33","10752.165541931416","9676.948987738275","10752.165541931416","combo_deal"
"2025-11-06 19:00:00","26","10703.544207263847","9633.189786537463","10703.544207263847","free_delivery"
"2025-11-06 20:00:00","26","8074.878926197172","7267.391033577455","8074.878926197172","free_delivery"
"2025-11-06 21:00:00","27","9591.002859239448","8631.902573315503","9591.002859239448","free_delivery"
"2025-11-06 22:00:00","12","4299.586318161995","3869.6276863457956","4299.586318161995","no_promo"
"2025-11-06 23:00:00","4","1632.5882898660211","1469.329460879419","1632.5882898660211","discount_10"
"2025-11-07 00:00:00","4","1587.0583585160048","1428.3525226644044","1587.0583585160048","discount_20"
"2025-11-07 01:00:00","5","1433.5578988311754","1290.202108948058","1433.5578988311754","no_promo"
"2025-11-07 02:00:00","7","2177.029107436843","1959.3261966931586","2177.029107436843","free_delivery"
"2025-11-07 03:00:00","2","999.7697560393092","899.7927804353783","999.7697560393092","discount_20"
"2025-11-07 04:00:00","9","2780.148620318932","2502.1337582870387","2780.148620318932","discount_20"
"2025-11-07 05:00:00","6","2002.8154838108803","1802.5339354297923","2002.8154838108803","discount_10"
"2025-11-07 06:00:00","3","1514.6830961920807","1363.2147865728728","1514.6830961920807","no_promo"
"2025-11-07 07:00:00","3","1745.139589811371","1570.625630830234","1745.139589811371","discount_20"
"2025-11-07 08:00:00","17","7679.107378503632","6911.196640653269","7679.107378503632","discount_20"
"2025-11-07 09:00:00","20","7120.119999430585","6408.107999487527","7120.119999430585","no_promo"
"2025-11-07 10:00:00","7","3484.6787579836073","3136.2108821852466","3484.6787579836073","no_promo"
"2025-11-07 11:00:00","21","7989.7400119305985","7190.766010737539","7989.7400119305985","discount_10"
"2025-11-07 12:00:00","31","13452.928365027312","12107.63552852458","13452.928365027312","free_delivery"
"2025-11-07 13:00:00","34","14614.9092294786","13153.41830653074","14614.9092294786","free_delivery"
"2025-11-07 14:00:00","23","10392.082971355732","9352.87467422016","10392.082971355732","discount_20"
"2025-11-07 15:00:00","12","5584.080279220244","5025.67225129822","5584.080279220244","free_delivery"
"2025-11-07 16:00:00","24","9996.518204866448","8996.866384379804","9996.518204866448","combo_deal"
"2025-11-07 17:00:00","9","4024.6332089812836","3622.1698880831555","4024.6332089812836","discount_10"
"2025-11-07 18:00:00","22","8112.910829939709","7301.619746945738","8112.910829939709","no_promo"
"2025-11-07 19:00:00","35","16923.796432179115","15231.416788961204","16923.796432179115","combo_deal"
"2025-11-07 20:00:00","27","14372.331489704746","12935.098340734272","14372.331489704746","free_delivery"
"2025-11-07 21:00:00","36","12785.486184722336","11506.937566250102","12785.486184722336","free_delivery"
"2025-11-07 22:00:00","13","5001.332985498687","4501.199686948818","5001.332985498687","no_promo"
"2025-11-07 23:00:00","0","578.2905712420236","520.4615141178213","578.2905712420236","free_delivery"
"2025-11-08 00:00:00","11","5823.817982578463","5241.436184320617","5823.817982578463","discount_10"
"2025-11-08 01:00:00","7","3249.9692086440673","2924.9722877796607","3249.9692086440673","discount_20"
"2025-11-08 02:00:00","8","2690.530097136191","2421.4770874225724","2690.530097136191","discount_20"
"2025-11-08 03:00:00","9","3692.2959691878095","3323.0663722690288","3692.2959691878095","discount_20"
"2025-11-08 04:00:00","3","1302.3584488548452","1172.1226039693606","1302.3584488548452","free_delivery"
"2025-11-08 05:00:00","8","2684.0377149992196","2415.633943499298","2684.0377149992196","discount_20"
"2025-11-08 06:00:00","6","2818.4021031962825","2536.5618928766544","2818.4021031962825","no_promo"
"2025-11-08 07:00:00","8","3323.938780095256","2991.5449020857304","3323.938780095256","free_delivery"
"2025-11-08 08:00:00","17","6936.234926643039","6242.6114339787355","6936.234926643039","discount_10"
"2025-11-08 09:00:00","22","8939.96143564006","8045.965292076054","8939.96143564006","discount_20"
"2025-11-08 10:00:00","8","3157.953094354566","2842.1577849191094","3157.953094354566","no_promo"
"2025-11-08 11:00:00","44","17582.90249182891","15824.61224264602","17582.90249182891","combo_deal"
"2025-11-08 12:00:00","26","11815.179826464175","10633.661843817757","11815.179826464175","discount_10"
"2025-11-08 13:00:00","49","16378.287025756284","14740.458323180655","16378.287025756284","combo_deal"
"2025-11-08 14:00:00","31","12680.232719720763","11412.209447748688","12680.232719720763","no_promo"
"2025-11-08 15:00:00","23","8286.111291699362","7457.500162529426","8286.111291699362","discount_10"
"2025-11-08 16:00:00","18","7282.586488680229","6554.327839812207","7282.586488680229","combo_deal"
"2025-11-08 17:00:00","20","9436.502173191684","8492.851955872517","9436.502173191684","discount_10"
"2025-11-08 18:00:00","34","12638.111841454125","11374.300657308713","12638.111841454125","discount_20"
"2025-11-08 19:00:00","47","19293.67082750694","17364.303744756246","19293.67082750694","discount_20"
"2025-11-08 20:00:00","34","13106.020601019989","11795.41854091799","13106.020601019989","combo_deal"
"2025-11-08 21:00:00","43","17165.073169164083","15448.565852247675","17165.073169164083","discount_20"
"2025-11-08 22:00:00","21","8730.944771623263","7857.850294460936","8730.944771623263","combo_deal"
"2025-11-08 23:00:00","6","2492.031902571092","2242.8287123139826","2492.031902571092","combo_deal"
"2025-11-09 00:00:00","0","346.7533173039144","312.077985573523","346.7533173039144","discount_10"
"2025-11-09 01:00:00","7","2186.4037869797558","1967.7634082817801","2186.4037869797558","no_promo"
"2025-11-09 02:00:00","7","1412.302823670086","1271.0725413030773","1412.302823670086","free_delivery"
"2025-11-09 03:00:00","8","2846.236967661219","2561.6132708950972","2846.236967661219","free_delivery"
"2025-11-09 04:00:00","6","2796.036508641803","2516.4328577776228","2796.036508641803","combo_deal"
"2025-11-09 05:00:00","9","4993.8036240082165","4494.423261607395","4993.8036240082165","combo_deal"
"2025-11-09 06:00:00","5","1847.7412481380134","1662.967123324212","1847.7412481380134","combo_deal"
"2025-11-09 07:00:00","4","2417.0982088350647","2175.3883879515583","2417.0982088350647","discount_20"
"2025-11-09 08:00:00","11","4332.233047920552","3899.009743128497","4332.233047920552","no_promo"
"2025-11-09 09:00:00","16","5530.161601058276","4977.145440952449","5530.161601058276","no_promo"
"2025-11-09 10:00:00","17","8340.752296273111","7506.6770666458","8340.752296273111","discount_20"
"2025-11-09 11:00:00","39","16930.991801811902","15237.892621630712","16930.991801811902","combo_deal"
"2025-11-09 12:00:00","25","10430.085178613923","9387.076660752531","10430.085178613923","no_promo"
"2025-11-09 13:00:00","44","17426.96825182945","15684.271426646506","17426.96825182945","free_delivery"
"2025-11-09 14:00:00","29","12197.166467004363","10977.449820303927","12197.166467004363","discount_10"
"2025-11-09 15:00:00","22","10902.327579226512","9812.094821303861","10902.327579226512","combo_deal"
"2025-11-09 16:00:00","26","11500.393494376958","10350.354144939263","11500.393494376958","discount_20"
"2025-11-09 17:00:00","18","7090.212342685137","6381.191108416623","7090.212342685137","discount_10"
"2025-11-09 18:00:00","54","28180.365845430373","25362.329260887338","28180.365845430373","combo_deal"
"2025-11-09 19:00:00","45","17774.4906195979","15997.04155763811","17774.4906195979","discount_20"
"2025-11-09 20:00:00","18","7188.816747306017","6469.935072575415","7188.816747306017","no_promo"
"2025-11-09 21:00:00","20","9672.62978182075","8705.366803638675","9672.62978182075","discount_10"
"2025-11-09 22:00:00","12","3795.096954649865","3415.5872591848783","3795.096954649865","no_promo"
"2025-11-09 23:00:00","7","2325.601602026814","2093.0414418241326","2325.601602026814","discount_20"
"2025-11-10 00:00:00","7","3413.79937850587","3072.4194406552833","3413.79937850587","free_delivery"
"2025-11-10 01:00:00","6","1805.025877004359","1624.523289303923","1805.025877004359","combo_deal"
"2025-11-10 02:00:00","10","3255.3545442922496","2929.8190898630246","3255.3545442922496","combo_deal"
"2025-11-10 03:00:00","1","551.1700808942605","496.05307280483447","551.1700808942605","no_promo"
"2025-11-10 04:00:00","2","1594.8869368685926","1435.3982431817333","1594.8869368685926","discount_20"
"2025-11-10 05:00:00","2","876.7293654385466","789.0564288946919","876.7293654385466","discount_20"
"2025-11-10 06:00:00","9","3818.137277385487","3436.3235496469383","3818.137277385487","discount_20"
"2025-11-10 07:00:00","3","792.2248575689538","713.0023718120584","792.2248575689538","no_promo"
"2025-11-10 08:00:00","20","7502.5698530242325","6752.312867721809","7502.5698530242325","free_delivery"
"2025-11-10 09:00:00","16","7145.136024053489","6430.62242164814","7145.136024053489","combo_deal"
"2025-11-10 10:00:00","19","7567.51676108112","6810.765084973009","7567.51676108112","free_delivery"
"2025-11-10 11:00:00","33","12744.828148994884","11470.345334095397","12744.828148994884","combo_deal"
"2025-11-10 12:00:00","19","8192.134076185872","7372.920668567285","8192.134076185872","no_promo"
"2025-11-10 13:00:00","33","12360.489564710593","11124.440608239534","12360.489564710593","discount_20"
"2025-11-10 14:00:00","37","20050.023588550273","18045.021229695245","20050.023588550273","combo_deal"
"2025-11-10 15:00:00","8","3380.0862961430025","3042.077666528702","3380.0862961430025","discount_20"
"2025-11-10 16:00:00","12","6212.468672052862","5591.221804847575","6212.468672052862","no_promo"
"2025-11-10 17:00:00","20","8694.679845230605","7825.2118607075445","8694.679845230605","free_delivery"
"2025-11-10 18:00:00","26","9415.871163306696","8474.284046976027","9415.871163306696","discount_10"
"2025-11-10 19:00:00","39","13712.47305466247","12341.225749196225","13712.47305466247","free_delivery"
"2025-11-10 20:00:00","33","16732.14691012513","15058.93221911262","16732.14691012513","combo_deal"
"2025-11-10 21:00:00","26","10370.82547244033","9333.742925196299","10370.82547244033","free_delivery"
"2025-11-10 22:00:00","9","4981.610096059447","4483.449086453502","4981.610096059447","free_delivery"
"2025-11-10 23:00:00","4","2275.1783168817506","2047.6604851935756","2275.1783168817506","discount_20"
"2025-11-11 00:00:00","8","3023.231000680955","2720.9079006128595","3023.231000680955","combo_deal"
"2025-11-11 01:00:00","5","834.1407989503032","750.7267190552728","834.1407989503032","discount_10"
"2025-11-11 02:00:00","3","2086.9842581070848","1878.2858322963764","2086.9842581070848","combo_deal"
"2025-11-11 03:00:00","5","1250.3236272819377","1125.291264553744","1250.3236272819377","free_delivery"
"2025-11-11 04:00:00","0","462.3689515508583","416.13205639577245","462.3689515508583","no_promo"
"2025-11-11 05:00:00","4","1175.9895533812573","1058.3905980431316","1175.9895533812573","free_delivery"
"2025-11-11 06:00:00","5","2060.241038676459","1854.2169348088132","2060.241038676459","free_delivery"
"2025-11-11 07:00:00","7","2459.002266771257","2213.102040094131","2459.002266771257","discount_10"
"2025-11-11 08:00:00","14","6185.142037106541","5566.627833395886","6185.142037106541","discount_20"
"2025-11-11 09:00:00","16","6968.064246500038","6271.257821850035","6968.064246500038","free_delivery"
"2025-11-11 10:00:00","18","5917.836814648274","5326.053133183447","5917.836814648274","free_delivery"
"2025-11-11 11:00:00","34","14492.298815114174","13043.068933602757","14492.298815114174","free_delivery"
"2025-11-11 12:00:00","31","12656.898423419436","11391.208581077493","12656.898423419436","combo_deal"
"2025-11-11 13:00:00","35","10906.337627108167","9815.70386439735","10906.337627108167","combo_deal"
"2025-11-11 14:00:00","22","9966.550168084774","8969.895151276296","9966.550168084774","no_promo"
"2025-11-11 15:00:00","7","2476.710592594215","2229.0395333347938","2476.710592594215","discount_20"
