"timestamp","orders_per_hour","sales_per_hour","subtotal","total","promotion_type"
"2025-09-30 16:00:00","19","9590.334327979195","8631.300895181275","9590.334327979195","free_delivery"
"2025-09-30 17:00:00","11","4756.406100180053","4280.765490162048","4756.406100180053","discount_10"
"2025-09-30 18:00:00","29","12457.489360566939","11211.740424510244","12457.489360566939","discount_10"
"2025-09-30 19:00:00","35","13448.128612913377","12103.31575162204","13448.128612913377","discount_10"
"2025-09-30 20:00:00","26","9974.71419581532","8977.242776233788","9974.71419581532","free_delivery"
"2025-09-30 21:00:00","32","12838.882410892333","11554.9941698031","12838.882410892333","discount_20"
"2025-09-30 22:00:00","13","4501.310792507377","4051.17971325664","4501.310792507377","no_promo"
"2025-09-30 23:00:00","5","838.5341600097288","754.6807440087559","838.5341600097288","free_delivery"
"2025-10-01 00:00:00","10","3356.8478655707027","3021.1630790136323","3356.8478655707027","free_delivery"
"2025-10-01 01:00:00","1","1314.0765399876764","1182.6688859889089","1314.0765399876764","discount_20"
"2025-10-01 02:00:00","1","1264.8451367556293","1138.3606230800663","1264.8451367556293","combo_deal"
"2025-10-01 03:00:00","4","2460.5444952761895","2214.4900457485705","2460.5444952761895","discount_20"
"2025-10-01 04:00:00","9","2827.7771611763537","2544.9994450587183","2827.7771611763537","combo_deal"
"2025-10-01 05:00:00","2","1315.6935946856722","1184.124235217105","1315.6935946856722","no_promo"
"2025-10-01 06:00:00","4","1352.3045950676246","1217.0741355608623","1352.3045950676246","combo_deal"
"2025-10-01 07:00:00","3","1700.5980219499377","1530.5382197549438","1700.5980219499377","combo_deal"
"2025-10-01 08:00:00","8","3730.3351999618094","3357.3016799656284","3730.3351999618094","no_promo"
"2025-10-01 09:00:00","14","7098.088343759142","6388.279509383228","7098.088343759142","discount_20"
"2025-10-01 10:00:00","11","5156.763191184678","4641.086872066211","5156.763191184678","free_delivery"
"2025-10-01 11:00:00","30","10613.702120532549","9552.331908479295","10613.702120532549","combo_deal"
"2025-10-01 12:00:00","18","5914.937354640743","5323.443619176669","5914.937354640743","no_promo"
"2025-10-01 13:00:00","35","14063.896227022065","12657.506604319859","14063.896227022065","combo_deal"
"2025-10-01 14:00:00","38","13023.33824906919","11721.00442416227","13023.33824906919","discount_20"
"2025-10-01 15:00:00","15","7474.5418127742805","6727.087631496853","7474.5418127742805","discount_10"
"2025-10-01 16:00:00","17","5793.445465332604","5214.100918799343","5793.445465332604","discount_20"
"2025-10-01 17:00:00","20","8721.785246396566","7849.60672175691","8721.785246396566","free_delivery"
"2025-10-01 18:00:00","27","10247.192816512936","9222.473534861643","10247.192816512936","discount_10"
"2025-10-01 19:00:00","22","8462.131700197568","7615.918530177811","8462.131700197568","no_promo"
"2025-10-01 20:00:00","22","10213.687645268443","9192.318880741599","10213.687645268443","discount_10"
"2025-10-01 21:00:00","13","5136.6553531922045","4622.9898178729845","5136.6553531922045","no_promo"
"2025-10-01 22:00:00","25","10543.583336953317","9489.225003257987","10543.583336953317","discount_20"
"2025-10-01 23:00:00","4","1490.0749664808022","1341.067469832722","1490.0749664808022","no_promo"
"2025-10-02 00:00:00","5","1429.5079970849424","1286.5571973764481","1429.5079970849424","discount_10"
"2025-10-02 01:00:00","3","1404.4055011646005","1263.9649510481406","1404.4055011646005","discount_20"
"2025-10-02 02:00:00","4","2220.709736429032","1998.6387627861288","2220.709736429032","combo_deal"
"2025-10-02 03:00:00","9","4393.25111067888","3953.9259996109918","4393.25111067888","combo_deal"
"2025-10-02 04:00:00","4","1595.2613744316009","1435.7352369884409","1595.2613744316009","discount_20"
"2025-10-02 05:00:00","8","3924.289247430044","3531.8603226870396","3924.289247430044","combo_deal"
"2025-10-02 06:00:00","5","1720.4742186515346","1548.4267967863811","1720.4742186515346","no_promo"
"2025-10-02 07:00:00","6","1394.9902500625278","1255.491225056275","1394.9902500625278","free_delivery"
"2025-10-02 08:00:00","17","8269.433811621824","7442.490430459642","8269.433811621824","discount_20"
"2025-10-02 09:00:00","12","6069.052300237353","5462.147070213618","6069.052300237353","discount_10"
"2025-10-02 10:00:00","8","3956.643861084921","3560.9794749764287","3956.643861084921","discount_10"
"2025-10-02 11:00:00","39","13581.545840479926","12223.391256431934","13581.545840479926","combo_deal"
"2025-10-02 12:00:00","29","10773.604410807267","9696.243969726542","10773.604410807267","combo_deal"
"2025-10-02 13:00:00","37","12201.984285536037","10981.785856982433","12201.984285536037","discount_10"
"2025-10-02 14:00:00","16","5790.061890482243","5211.055701434019","5790.061890482243","no_promo"
"2025-10-02 15:00:00","12","3531.862056607359","3178.675850946623","3531.862056607359","discount_20"
"2025-10-02 16:00:00","13","5154.844356050392","4639.359920445353","5154.844356050392","free_delivery"
"2025-10-02 17:00:00","15","6732.102084381685","6058.891875943516","6732.102084381685","free_delivery"
"2025-10-02 18:00:00","33","12356.196705563994","11120.577035007595","12356.196705563994","discount_20"
"2025-10-02 19:00:00","32","11640.292359467625","10476.263123520863","11640.292359467625","free_delivery"
"2025-10-02 20:00:00","21","8376.324001253313","7538.691601127982","8376.324001253313","no_promo"
"2025-10-02 21:00:00","29","11632.035199587974","10468.831679629177","11632.035199587974","combo_deal"
"2025-10-02 22:00:00","18","7197.765977114653","6477.989379403188","7197.765977114653","discount_20"
"2025-10-02 23:00:00","5","1822.180194062958","1639.9621746566622","1822.180194062958","free_delivery"
"2025-10-03 00:00:00","4","2574.5022343258247","2317.0520108932424","2574.5022343258247","discount_20"
"2025-10-03 01:00:00","1","197.68050446553337","177.91245401898004","197.68050446553337","discount_10"
"2025-10-03 02:00:00","5","1310.0634256308736","1179.0570830677862","1310.0634256308736","discount_20"
"2025-10-03 03:00:00","4","1803.5938725665244","1623.234485309872","1803.5938725665244","free_delivery"
"2025-10-03 04:00:00","2","1507.3100029990708","1356.5790026991638","1507.3100029990708","discount_10"
"2025-10-03 05:00:00","1","956.1400183686832","860.5260165318149","956.1400183686832","free_delivery"
"2025-10-03 06:00:00","6","1640.4385945705415","1476.3947351134873","1640.4385945705415","discount_10"
"2025-10-03 07:00:00","5","2260.3959288855253","2034.3563359969728","2260.3959288855253","combo_deal"
"2025-10-03 08:00:00","25","8911.82148135877","8020.639333222893","8911.82148135877","discount_20"
"2025-10-03 09:00:00","14","5574.590986915008","5017.131888223507","5574.590986915008","free_delivery"
"2025-10-03 10:00:00","11","5241.0748585910815","4716.967372731973","5241.0748585910815","free_delivery"
"2025-10-03 11:00:00","27","11962.324365428676","10766.09192888581","11962.324365428676","combo_deal"
"2025-10-03 12:00:00","29","11853.922007166137","10668.529806449524","11853.922007166137","discount_10"
"2025-10-03 13:00:00","31","12627.383338629517","11364.645004766566","12627.383338629517","free_delivery"
"2025-10-03 14:00:00","28","15192.32227400067","13673.090046600602","15192.32227400067","discount_20"
"2025-10-03 15:00:00","16","7222.453050459013","6500.207745413112","7222.453050459013","free_delivery"
"2025-10-03 16:00:00","12","3744.792863049848","3370.3135767448634","3744.792863049848","no_promo"
"2025-10-03 17:00:00","15","4555.4412598005965","4099.897133820537","4555.4412598005965","free_delivery"
"2025-10-03 18:00:00","37","13066.304396286134","11759.673956657522","13066.304396286134","free_delivery"
"2025-10-03 19:00:00","28","11280.917011591864","10152.825310432678","11280.917011591864","combo_deal"
"2025-10-03 20:00:00","37","12287.280007041501","11058.552006337351","12287.280007041501","free_delivery"
"2025-10-03 21:00:00","13","4629.06492221256","4166.158429991305","4629.06492221256","no_promo"
"2025-10-03 22:00:00","16","6199.202977279458","5579.282679551512","6199.202977279458","free_delivery"
"2025-10-03 23:00:00","9","2979.14867002589","2681.2338030233013","2979.14867002589","free_delivery"
"2025-10-04 00:00:00","8","3400.7862482345527","3060.7076234110973","3400.7862482345527","discount_20"
"2025-10-04 01:00:00","9","3219.7892127691457","2897.810291492231","3219.7892127691457","free_delivery"
"2025-10-04 02:00:00","4","1317.6119168457767","1185.850725161199","1317.6119168457767","free_delivery"
"2025-10-04 03:00:00","5","1821.3303694103633","1639.197332469327","1821.3303694103633","no_promo"
"2025-10-04 04:00:00","3","1623.3473343081914","1461.0126008773723","1623.3473343081914","no_promo"
"2025-10-04 05:00:00","12","6177.877670229989","5560.08990320699","6177.877670229989","discount_20"
"2025-10-04 06:00:00","7","2979.793553674556","2681.8141983071005","2979.793553674556","discount_20"
"2025-10-04 07:00:00","7","3054.717397649979","2749.245657884981","3054.717397649979","discount_20"
"2025-10-04 08:00:00","14","8140.558960698162","7326.503064628346","8140.558960698162","discount_20"
"2025-10-04 09:00:00","16","7111.133001253419","6400.019701128077","7111.133001253419","no_promo"
"2025-10-04 10:00:00","26","10791.512142498857","9712.360928248972","10791.512142498857","combo_deal"
"2025-10-04 11:00:00","44","20361.88433282872","18325.695899545848","20361.88433282872","combo_deal"
"2025-10-04 12:00:00","55","25793.250397665663","23213.925357899097","25793.250397665663","discount_20"
"2025-10-04 13:00:00","29","10478.986127643737","9431.087514879364","10478.986127643737","no_promo"
"2025-10-04 14:00:00","27","10086.612692188333","9077.9514229695","10086.612692188333","no_promo"
"2025-10-04 15:00:00","26","9800.12745654348","8820.114710889133","9800.12745654348","free_delivery"
"2025-10-04 16:00:00","19","7452.022314417782","6706.8200829760035","7452.022314417782","free_delivery"
"2025-10-04 17:00:00","27","11544.922177170285","10390.429959453257","11544.922177170285","combo_deal"
"2025-10-04 18:00:00","33","14971.809834593365","13474.628851134028","14971.809834593365","discount_20"
"2025-10-04 19:00:00","39","18238.060336608163","16414.25430294735","18238.060336608163","discount_20"
"2025-10-04 20:00:00","37","16188.50879142307","14569.657912280763","16188.50879142307","discount_10"
"2025-10-04 21:00:00","36","14143.492616484324","12729.143354835891","14143.492616484324","discount_10"
"2025-10-04 22:00:00","12","4741.534228072811","4267.38080526553","4741.534228072811","no_promo"
"2025-10-04 23:00:00","4","1159.76513117788","1043.788618060092","1159.76513117788","discount_10"
"2025-10-05 00:00:00","11","4777.33097224597","4299.597875021373","4777.33097224597","combo_deal"
"2025-10-05 01:00:00","2","1098.562377070784","988.7061393637056","1098.562377070784","discount_20"
"2025-10-05 02:00:00","8","3674.924335708537","3307.431902137683","3674.924335708537","discount_20"
"2025-10-05 03:00:00","2","960.7583527649418","864.6825174884476","960.7583527649418","free_delivery"
"2025-10-05 04:00:00","8","3365.050798867737","3028.545718980963","3365.050798867737","combo_deal"
"2025-10-05 05:00:00","4","1763.88290472372","1587.4946142513481","1763.88290472372","discount_10"
"2025-10-05 06:00:00","6","1820.466270174405","1638.4196431569646","1820.466270174405","discount_10"
"2025-10-05 07:00:00","8","2651.9406043387726","2386.7465439048956","2651.9406043387726","discount_20"
"2025-10-05 08:00:00","34","16811.449502316456","15130.304552084812","16811.449502316456","discount_20"
"2025-10-05 09:00:00","19","9350.95775571017","8415.861980139152","9350.95775571017","discount_20"
"2025-10-05 10:00:00","17","7791.230758922808","7012.107683030527","7791.230758922808","no_promo"
"2025-10-05 11:00:00","39","16754.14819459964","15078.733375139675","16754.14819459964","discount_10"
"2025-10-05 12:00:00","33","13567.85556804279","12211.070011238511","13567.85556804279","discount_10"
"2025-10-05 13:00:00","41","14187.863281376583","12769.076953238926","14187.863281376583","free_delivery"
"2025-10-05 14:00:00","46","20435.15403619181","18391.638632572627","20435.15403619181","discount_10"
"2025-10-05 15:00:00","29","10716.790656108747","9645.111590497872","10716.790656108747","combo_deal"
"2025-10-05 16:00:00","23","10007.658093445114","9006.892284100602","10007.658093445114","free_delivery"
"2025-10-05 17:00:00","18","8045.53046814001","7240.97742132601","8045.53046814001","no_promo"
"2025-10-05 18:00:00","49","20382.642392390517","18344.378153151465","20382.642392390517","discount_20"
"2025-10-05 19:00:00","30","9687.21359507085","8718.492235563766","9687.21359507085","no_promo"
"2025-10-05 20:00:00","43","19799.962236211515","17819.966012590365","19799.962236211515","combo_deal"
"2025-10-05 21:00:00","38","17196.642302617143","15476.978072355429","17196.642302617143","discount_20"
"2025-10-05 22:00:00","35","12851.216051131709","11566.094446018538","12851.216051131709","combo_deal"
"2025-10-05 23:00:00","1","622.1685080592227","559.9516572533005","622.1685080592227","free_delivery"
"2025-10-06 00:00:00","7","1992.2003619430952","1792.9803257487858","1992.2003619430952","discount_20"
"2025-10-06 01:00:00","3","1182.3098326683337","1064.0788494015003","1182.3098326683337","discount_10"
"2025-10-06 02:00:00","4","2682.9072721889042","2414.616544970014","2682.9072721889042","no_promo"
"2025-10-06 03:00:00","5","2609.515244114874","2348.5637197033866","2609.515244114874","discount_10"
"2025-10-06 04:00:00","8","3506.196115809461","3155.5765042285148","3506.196115809461","discount_20"
"2025-10-06 05:00:00","4","1195.3712548030605","1075.8341293227545","1195.3712548030605","combo_deal"
"2025-10-06 06:00:00","8","2065.071110663047","1858.5639995967424","2065.071110663047","free_delivery"
"2025-10-06 07:00:00","1","605.405668178411","544.86510136057","605.405668178411","no_promo"
"2025-10-06 08:00:00","12","4509.689400660569","4058.720460594512","4509.689400660569","discount_10"
"2025-10-06 09:00:00","20","8584.998228706345","7726.49840583571","8584.998228706345","combo_deal"
"2025-10-06 10:00:00","13","4826.530957288768","4343.877861559891","4826.530957288768","free_delivery"
"2025-10-06 11:00:00","19","6994.165530025153","6294.748977022638","6994.165530025153","combo_deal"
"2025-10-06 12:00:00","25","7893.334823946946","7104.001341552252","7893.334823946946","free_delivery"
"2025-10-06 13:00:00","25","9716.276604229852","8744.648943806867","9716.276604229852","free_delivery"
"2025-10-06 14:00:00","37","14261.57678947652","12835.419110528868","14261.57678947652","discount_20"
"2025-10-06 15:00:00","13","5144.157955808682","4629.742160227815","5144.157955808682","combo_deal"
"2025-10-06 16:00:00","14","4789.185303337156","4310.266773003441","4789.185303337156","free_delivery"
"2025-10-06 17:00:00","20","9050.727875013854","8145.6550875124685","9050.727875013854","combo_deal"
"2025-10-06 18:00:00","32","13668.286817191913","12301.458135472722","13668.286817191913","discount_10"
"2025-10-06 19:00:00","37","15686.63375129349","14117.970376164141","15686.63375129349","free_delivery"
"2025-10-06 20:00:00","24","12232.719776333388","11009.44779870005","12232.719776333388","combo_deal"
"2025-10-06 21:00:00","22","8419.626730090858","7577.664057081773","8419.626730090858","free_delivery"
"2025-10-06 22:00:00","21","7570.805961220835","6813.725365098752","7570.805961220835","combo_deal"
"2025-10-06 23:00:00","10","3510.516447170159","3159.4648024531434","3510.516447170159","free_delivery"
"2025-10-07 00:00:00","5","2732.223898712468","2459.001508841221","2732.223898712468","discount_10"
"2025-10-07 01:00:00","4","2383.7814537780837","2145.4033084002754","2383.7814537780837","discount_20"
"2025-10-07 02:00:00","5","2193.4948859594265","1974.1453973634839","2193.4948859594265","discount_20"
"2025-10-07 03:00:00","5","2336.871599904381","2103.184439913943","2336.871599904381","discount_10"
"2025-10-07 04:00:00","7","3047.211126802329","2742.4900141220965","3047.211126802329","combo_deal"
"2025-10-07 05:00:00","5","3195.498917131487","2875.9490254183384","3195.498917131487","discount_20"
"2025-10-07 06:00:00","6","3281.9723404524957","2953.7751064072463","3281.9723404524957","discount_20"
"2025-10-07 07:00:00","1","1272.6299429009712","1145.366948610874","1272.6299429009712","combo_deal"
"2025-10-07 08:00:00","17","7504.458755741975","6754.012880167778","7504.458755741975","free_delivery"
"2025-10-07 09:00:00","10","4263.83520115892","3837.4516810430287","4263.83520115892","free_delivery"
"2025-10-07 10:00:00","21","8968.63559633945","8071.772036705506","8968.63559633945","combo_deal"
"2025-10-07 11:00:00","23","8446.602913292481","7601.942621963233","8446.602913292481","no_promo"
"2025-10-07 12:00:00","38","15980.57396376816","14382.516567391343","15980.57396376816","discount_20"
"2025-10-07 13:00:00","27","10349.38193251381","9314.44373926243","10349.38193251381","discount_20"
"2025-10-07 14:00:00","31","14972.046541846952","13474.841887662256","14972.046541846952","discount_10"
"2025-10-07 15:00:00","12","4906.159210785007","4415.543289706507","4906.159210785007","discount_10"
"2025-10-07 16:00:00","16","5867.205481720639","5280.484933548575","5867.205481720639","free_delivery"
"2025-10-07 17:00:00","14","6066.4812945938465","5459.833165134462","6066.4812945938465","free_delivery"
"2025-10-07 18:00:00","32","13673.48688017747","12306.138192159724","13673.48688017747","combo_deal"
"2025-10-07 19:00:00","27","9342.802926575107","8408.522633917597","9342.802926575107","no_promo"
"2025-10-07 20:00:00","35","13656.829458125128","12291.146512312616","13656.829458125128","free_delivery"
"2025-10-07 21:00:00","24","8493.950193215811","7644.55517389423","8493.950193215811","free_delivery"
"2025-10-07 22:00:00","16","7666.920704916232","6900.2286344246095","7666.920704916232","discount_20"
"2025-10-07 23:00:00","6","2832.387021640426","2549.1483194763837","2832.387021640426","discount_20"
"2025-10-08 00:00:00","5","1089.174255504079","980.2568299536711","1089.174255504079","combo_deal"
"2025-10-08 01:00:00","5","1921.4815287285703","1729.3333758557133","1921.4815287285703","discount_10"
"2025-10-08 02:00:00","8","3191.134949292706","2872.0214543634356","3191.134949292706","free_delivery"
"2025-10-08 03:00:00","6","2194.8272179745118","1975.3444961770606","2194.8272179745118","no_promo"
"2025-10-08 04:00:00","2","1176.5085082858332","1058.8576574572498","1176.5085082858332","combo_deal"
"2025-10-08 05:00:00","3","1694.6766598019838","1525.2089938217855","1694.6766598019838","no_promo"
"2025-10-08 06:00:00","7","2133.8187686668293","1920.4368918001464","2133.8187686668293","combo_deal"
"2025-10-08 07:00:00","6","1922.6467241398632","1730.3820517258769","1922.6467241398632","discount_10"
"2025-10-08 08:00:00","18","6348.013366577214","5713.212029919492","6348.013366577214","discount_20"
"2025-10-08 09:00:00","16","5972.294979882285","5375.065481894057","5972.294979882285","free_delivery"
"2025-10-08 10:00:00","10","4880.747104036438","4392.672393632794","4880.747104036438","no_promo"
"2025-10-08 11:00:00","15","5312.305251063612","4781.074725957251","5312.305251063612","no_promo"
"2025-10-08 12:00:00","31","12264.106130068054","11037.69551706125","12264.106130068054","discount_20"
"2025-10-08 13:00:00","25","11726.32709554921","10553.69438599429","11726.32709554921","free_delivery"
"2025-10-08 14:00:00","24","9039.62934202725","8135.666407824526","9039.62934202725","no_promo"
"2025-10-08 15:00:00","21","10499.31171654735","9449.380544892616","10499.31171654735","combo_deal"
"2025-10-08 16:00:00","14","6277.618420268567","5649.856578241711","6277.618420268567","free_delivery"
"2025-10-08 17:00:00","13","4512.139919827963","4060.925927845167","4512.139919827963","free_delivery"
"2025-10-08 18:00:00","20","8816.03704889695","7934.433344007254","8816.03704889695","combo_deal"
"2025-10-08 19:00:00","40","18890.027826721394","17001.025044049256","18890.027826721394","discount_20"
"2025-10-08 20:00:00","35","16468.97314359663","14822.075829236968","16468.97314359663","free_delivery"
"2025-10-08 21:00:00","23","11107.350475560937","9996.615428004843","11107.350475560937","combo_deal"
"2025-10-08 22:00:00","23","9625.244147091267","8662.71973238214","9625.244147091267","discount_20"
"2025-10-08 23:00:00","7","1791.709486253046","1612.5385376277413","1791.709486253046","no_promo"
"2025-10-09 00:00:00","0","1039.7502052684656","935.7751847416191","1039.7502052684656","discount_20"
"2025-10-09 01:00:00","4","1198.9063095209858","1079.0156785688873","1198.9063095209858","combo_deal"
"2025-10-09 02:00:00","3","965.8158870919016","869.2342983827115","965.8158870919016","combo_deal"
"2025-10-09 03:00:00","1","1212.1656480570532","1090.949083251348","1212.1656480570532","no_promo"
"2025-10-09 04:00:00","9","5537.368121712605","4983.631309541344","5537.368121712605","free_delivery"
"2025-10-09 05:00:00","3","2217.0133883172157","1995.312049485494","2217.0133883172157","discount_20"
"2025-10-09 06:00:00","6","2506.5023669021075","2255.852130211897","2506.5023669021075","free_delivery"
"2025-10-09 07:00:00","6","1806.4417641917457","1625.7975877725712","1806.4417641917457","discount_20"
"2025-10-09 08:00:00","3","1421.1508168508346","1279.0357351657512","1421.1508168508346","no_promo"
"2025-10-09 09:00:00","12","5444.706865510409","4900.236178959369","5444.706865510409","free_delivery"
"2025-10-09 10:00:00","22","8440.972668044613","7596.875401240151","8440.972668044613","combo_deal"
"2025-10-09 11:00:00","25","14967.725892528662","13470.953303275797","14967.725892528662","discount_10"
"2025-10-09 12:00:00","22","8650.096590123401","7785.086931111061","8650.096590123401","no_promo"
"2025-10-09 13:00:00","27","8694.017754382068","7824.615978943862","8694.017754382068","no_promo"
"2025-10-09 14:00:00","23","8624.405927134618","7761.9653344211565","8624.405927134618","no_promo"
"2025-10-09 15:00:00","19","7522.7107456071435","6770.439671046429","7522.7107456071435","discount_20"
"2025-10-09 16:00:00","18","7182.4356944247875","6464.192124982309","7182.4356944247875","discount_10"
"2025-10-09 17:00:00","10","3720.067415210985","3348.0606736898867","3720.067415210985","no_promo"
"2025-10-09 18:00:00","34","17011.387951197055","15310.24915607735","17011.387951197055","free_delivery"
"2025-10-09 19:00:00","23","9200.137881288374","8280.124093159537","9200.137881288374","no_promo"
"2025-10-09 20:00:00","25","8997.127107486764","8097.414396738088","8997.127107486764","discount_20"
"2025-10-09 21:00:00","34","13909.726420070396","12518.753778063356","13909.726420070396","discount_20"
"2025-10-09 22:00:00","23","10759.810196900953","9683.829177210859","10759.810196900953","discount_10"
"2025-10-09 23:00:00","9","2906.9661223612375","2616.269510125114","2906.9661223612375","combo_deal"
"2025-10-10 00:00:00","1","748.7051651945117","673.8346486750605","748.7051651945117","no_promo"
"2025-10-10 01:00:00","4","2179.2086802346626","1961.2878122111963","2179.2086802346626","no_promo"
"2025-10-10 02:00:00","4","2940.85940835432","2646.773467518888","2940.85940835432","free_delivery"
"2025-10-10 03:00:00","1","1208.9863773831655","1088.087739644849","1208.9863773831655","discount_10"
"2025-10-10 04:00:00","4","969.7142130023918","872.7427917021527","969.7142130023918","no_promo"
"2025-10-10 05:00:00","5","3101.6730435123436","2791.5057391611094","3101.6730435123436","combo_deal"
"2025-10-10 06:00:00","5","2260.252380871781","2034.227142784603","2260.252380871781","no_promo"
"2025-10-10 07:00:00","8","2081.2084605675227","1873.0876145107704","2081.2084605675227","combo_deal"
"2025-10-10 08:00:00","10","4420.778705290175","3978.7008347611577","4420.778705290175","no_promo"
"2025-10-10 09:00:00","27","10605.420073531244","9544.87806617812","10605.420073531244","combo_deal"
"2025-10-10 10:00:00","22","9385.464320524552","8446.917888472097","9385.464320524552","combo_deal"
"2025-10-10 11:00:00","21","9565.503493091162","8608.953143782046","9565.503493091162","no_promo"
"2025-10-10 12:00:00","40","16604.73014498984","14944.257130490856","16604.73014498984","combo_deal"
"2025-10-10 13:00:00","25","9806.947050731198","8826.252345658078","9806.947050731198","free_delivery"
"2025-10-10 14:00:00","24","9922.454742693542","8930.209268424189","9922.454742693542","discount_20"
"2025-10-10 15:00:00","16","5350.251578378657","4815.226420540791","5350.251578378657","no_promo"
"2025-10-10 16:00:00","19","8965.936933351839","8069.343240016655","8965.936933351839","combo_deal"
"2025-10-10 17:00:00","16","5021.220211489579","4519.098190340621","5021.220211489579","no_promo"
"2025-10-10 18:00:00","29","12820.800216096173","11538.720194486556","12820.800216096173","free_delivery"
"2025-10-10 19:00:00","23","10564.280492088872","9507.852442879985","10564.280492088872","free_delivery"
"2025-10-10 20:00:00","29","12696.125270137778","11426.512743124","12696.125270137778","discount_20"
"2025-10-10 21:00:00","24","8694.762570563447","7825.286313507103","8694.762570563447","no_promo"
"2025-10-10 22:00:00","20","5753.7864864085595","5178.407837767703","5753.7864864085595","combo_deal"
"2025-10-10 23:00:00","8","3309.462744677937","2978.5164702101433","3309.462744677937","combo_deal"
"2025-10-11 00:00:00","6","2325.835381487456","2093.2518433387104","2325.835381487456","discount_10"
"2025-10-11 01:00:00","9","4873.736024208859","4386.362421787973","4873.736024208859","combo_deal"
"2025-10-11 02:00:00","12","4434.895565348716","3991.406008813845","4434.895565348716","discount_10"
"2025-10-11 03:00:00","10","3707.7135509137324","3336.9421958223593","3707.7135509137324","combo_deal"
"2025-10-11 04:00:00","3","1673.3527165351277","1506.017444881615","1673.3527165351277","no_promo"
"2025-10-11 05:00:00","3","1669.8142106793423","1502.832789611408","1669.8142106793423","free_delivery"
"2025-10-11 06:00:00","8","3826.485145405702","3443.836630865132","3826.485145405702","combo_deal"
"2025-10-11 07:00:00","2","1684.822140284316","1516.3399262558844","1684.822140284316","discount_10"
"2025-10-11 08:00:00","24","8522.888527572044","7670.59967481484","8522.888527572044","discount_10"
"2025-10-11 09:00:00","22","7735.100233756641","6961.590210380977","7735.100233756641","discount_10"
"2025-10-11 10:00:00","29","12831.401787316256","11548.261608584631","12831.401787316256","discount_20"
"2025-10-11 11:00:00","47","15747.390901489449","14172.651811340504","15747.390901489449","discount_20"
"2025-10-11 12:00:00","39","16118.28139052671","14506.45325147404","16118.28139052671","discount_10"
"2025-10-11 13:00:00","43","16068.838201799808","14461.954381619827","16068.838201799808","free_delivery"
"2025-10-11 14:00:00","40","16908.89904493658","15218.009140442924","16908.89904493658","free_delivery"
"2025-10-11 15:00:00","28","11256.377327200977","10130.73959448088","11256.377327200977","combo_deal"
"2025-10-11 16:00:00","16","5895.198393714023","5305.678554342621","5895.198393714023","free_delivery"
"2025-10-11 17:00:00","24","9382.472668917942","8444.225402026148","9382.472668917942","free_delivery"
"2025-10-11 18:00:00","42","18562.07914601628","16705.871231414654","18562.07914601628","combo_deal"
"2025-10-11 19:00:00","41","17133.013735864748","15419.712362278273","17133.013735864748","free_delivery"
"2025-10-11 20:00:00","28","10275.065578228818","9247.559020405935","10275.065578228818","discount_10"
"2025-10-11 21:00:00","32","10639.944910059174","9575.950419053257","10639.944910059174","discount_10"
"2025-10-11 22:00:00","19","10595.907628216968","9536.31686539527","10595.907628216968","free_delivery"
"2025-10-11 23:00:00","4","1966.2893680045906","1769.6604312041316","1966.2893680045906","discount_10"
"2025-10-12 00:00:00","4","2317.682520893296","2085.9142688039665","2317.682520893296","free_delivery"
"2025-10-12 01:00:00","4","1923.9213691772622","1731.529232259536","1923.9213691772622","free_delivery"
"2025-10-12 02:00:00","5","1253.4069215171803","1128.0662293654623","1253.4069215171803","discount_10"
"2025-10-12 03:00:00","0","260.4586253174623","234.41276278571607","260.4586253174623","discount_10"
"2025-10-12 04:00:00","10","4035.5345957265026","3631.9811361538523","4035.5345957265026","discount_10"
"2025-10-12 05:00:00","3","1768.7532101802083","1591.8778891621876","1768.7532101802083","discount_20"
"2025-10-12 06:00:00","10","3567.300148632403","3210.5701337691626","3567.300148632403","discount_20"
"2025-10-12 07:00:00","7","2576.341177698355","2318.7070599285194","2576.341177698355","combo_deal"
"2025-10-12 08:00:00","18","7994.721334059215","7195.249200653294","7994.721334059215","combo_deal"
"2025-10-12 09:00:00","26","10746.367151535405","9671.730436381866","10746.367151535405","combo_deal"
"2025-10-12 10:00:00","19","8938.601112906672","8044.741001616005","8938.601112906672","free_delivery"
"2025-10-12 11:00:00","44","16642.49997407449","14978.24997666704","16642.49997407449","free_delivery"
"2025-10-12 12:00:00","50","18901.3433739125","17011.20903652125","18901.3433739125","discount_20"
"2025-10-12 13:00:00","32","12152.889710962036","10937.600739865833","12152.889710962036","no_promo"
"2025-10-12 14:00:00","38","14963.927497325778","13467.534747593201","14963.927497325778","free_delivery"
"2025-10-12 15:00:00","18","7031.127480512684","6328.014732461415","7031.127480512684","discount_10"
"2025-10-12 16:00:00","20","6995.578159993473","6296.020343994125","6995.578159993473","discount_10"
"2025-10-12 17:00:00","11","3604.7819902187107","3244.3037911968395","3604.7819902187107","no_promo"
"2025-10-12 18:00:00","29","10212.148021564053","9190.933219407649","10212.148021564053","no_promo"
"2025-10-12 19:00:00","40","16319.82752838991","14687.844775550919","16319.82752838991","discount_20"
"2025-10-12 20:00:00","37","15452.239622444962","13907.015660200466","15452.239622444962","no_promo"
"2025-10-12 21:00:00","44","20186.220893931157","18167.59880453804","20186.220893931157","discount_20"
"2025-10-12 22:00:00","23","10897.352545285807","9807.617290757225","10897.352545285807","free_delivery"
"2025-10-12 23:00:00","5","2135.5118998881085","1921.9607098992976","2135.5118998881085","no_promo"
"2025-10-13 00:00:00","5","1069.0337948177382","962.1304153359645","1069.0337948177382","no_promo"
"2025-10-13 01:00:00","1","1293.2072314313928","1163.8865082882535","1293.2072314313928","discount_10"
"2025-10-13 02:00:00","9","3614.3348285839193","3252.9013457255273","3614.3348285839193","free_delivery"
"2025-10-13 03:00:00","7","3209.003267668728","2888.102940901855","3209.003267668728","combo_deal"
"2025-10-13 04:00:00","8","3811.650062694076","3430.4850564246685","3811.650062694076","discount_10"
"2025-10-13 05:00:00","10","3216.2526029012733","2894.627342611146","3216.2526029012733","discount_20"
"2025-10-13 06:00:00","9","3416.9206868348947","3075.2286181514055","3416.9206868348947","discount_10"
"2025-10-13 07:00:00","4","2233.064267606029","2009.757840845426","2233.064267606029","combo_deal"
"2025-10-13 08:00:00","21","7070.92999780177","6363.836998021593","7070.92999780177","combo_deal"
"2025-10-13 09:00:00","20","9386.44033693423","8447.796303240808","9386.44033693423","discount_10"
"2025-10-13 10:00:00","17","6271.574066324178","5644.41665969176","6271.574066324178","free_delivery"
"2025-10-13 11:00:00","30","13504.533559669735","12154.080203702762","13504.533559669735","free_delivery"
"2025-10-13 12:00:00","17","8731.559545485263","7858.403590936737","8731.559545485263","no_promo"
"2025-10-13 13:00:00","32","13941.861196053493","12547.675076448144","13941.861196053493","discount_10"
"2025-10-13 14:00:00","20","5501.124202421016","4951.0117821789145","5501.124202421016","no_promo"
"2025-10-13 15:00:00","27","8594.56642243896","7735.109780195065","8594.56642243896","discount_10"
"2025-10-13 16:00:00","14","7454.334223632868","6708.900801269581","7454.334223632868","discount_20"
"2025-10-13 17:00:00","16","6156.77932796496","5541.1013951684645","6156.77932796496","discount_20"
"2025-10-13 18:00:00","24","12712.911529522818","11441.620376570538","12712.911529522818","free_delivery"
"2025-10-13 19:00:00","26","9768.862754573242","8791.976479115918","9768.862754573242","discount_20"
"2025-10-13 20:00:00","26","11434.790038762116","10291.311034885905","11434.790038762116","discount_20"
"2025-10-13 21:00:00","29","14024.5014713154","12622.05132418386","14024.5014713154","free_delivery"
"2025-10-13 22:00:00","13","3320.6026630785923","2988.542396770733","3320.6026630785923","discount_10"
"2025-10-13 23:00:00","6","1317.0865486028197","1185.3778937425377","1317.0865486028197","no_promo"
"2025-10-14 00:00:00","4","1212.5103856956296","1091.2593471260666","1212.5103856956296","discount_20"
"2025-10-14 01:00:00","4","1115.391392318803","1003.8522530869226","1115.391392318803","no_promo"
"2025-10-14 02:00:00","7","2238.973081614308","2015.075773452877","2238.973081614308","no_promo"
"2025-10-14 03:00:00","4","1839.9696061624772","1655.9726455462296","1839.9696061624772","combo_deal"
"2025-10-14 04:00:00","3","2248.602223447691","2023.742001102922","2248.602223447691","combo_deal"
"2025-10-14 05:00:00","1","1646.3417939593796","1481.7076145634417","1646.3417939593796","free_delivery"
"2025-10-14 06:00:00","2","1398.7937523735475","1258.9143771361928","1398.7937523735475","free_delivery"
"2025-10-14 07:00:00","6","3380.340334106729","3042.3063006960565","3380.340334106729","discount_20"
"2025-10-14 08:00:00","22","10098.558866453193","9088.702979807875","10098.558866453193","free_delivery"
"2025-10-14 09:00:00","11","3395.5364898839202","3055.982840895528","3395.5364898839202","no_promo"
"2025-10-14 10:00:00","16","9088.267772777503","8179.440995499753","9088.267772777503","free_delivery"
"2025-10-14 11:00:00","34","15618.48568874049","14056.63711986644","15618.48568874049","discount_20"
"2025-10-14 12:00:00","27","9225.114377417505","8302.602939675755","9225.114377417505","free_delivery"
"2025-10-14 13:00:00","25","10719.187958284869","9647.269162456381","10719.187958284869","combo_deal"
"2025-10-14 14:00:00","20","7530.119869151966","6777.107882236769","7530.119869151966","discount_20"
"2025-10-14 15:00:00","16","6290.955768754554","5661.860191879098","6290.955768754554","discount_20"
"2025-10-14 16:00:00","7","3577.4005713931588","3219.660514253843","3577.4005713931588","free_delivery"
"2025-10-14 17:00:00","21","7303.429754546761","6573.086779092085","7303.429754546761","no_promo"
"2025-10-14 18:00:00","23","9921.787638377133","8929.608874539419","9921.787638377133","discount_10"
"2025-10-14 19:00:00","30","12627.43228163539","11364.689053471851","12627.43228163539","free_delivery"
"2025-10-14 20:00:00","16","7770.633987442583","6993.570588698325","7770.633987442583","discount_10"
"2025-10-14 21:00:00","35","18543.256617225594","16688.930955503034","18543.256617225594","discount_20"
"2025-10-14 22:00:00","20","9283.713023609811","8355.34172124883","9283.713023609811","combo_deal"
"2025-10-14 23:00:00","7","2040.1141010050492","1836.1026909045443","2040.1141010050492","free_delivery"
"2025-10-15 00:00:00","10","4780.479124623696","4302.431212161327","4780.479124623696","combo_deal"
"2025-10-15 01:00:00","5","3114.218080696585","2802.7962726269266","3114.218080696585","discount_20"
"2025-10-15 02:00:00","5","1510.8701621671887","1359.7831459504698","1510.8701621671887","discount_20"
"2025-10-15 03:00:00","5","1464.5924774642103","1318.1332297177894","1464.5924774642103","no_promo"
"2025-10-15 04:00:00","4","957.7134497083338","861.9421047375004","957.7134497083338","discount_20"
"2025-10-15 05:00:00","3","1089.2865253723771","980.3578728351395","1089.2865253723771","free_delivery"
"2025-10-15 06:00:00","5","1384.8438665027281","1246.3594798524553","1384.8438665027281","no_promo"
"2025-10-15 07:00:00","4","1545.4945452277168","1390.9450907049452","1545.4945452277168","discount_20"
"2025-10-15 08:00:00","12","5020.338468916006","4518.304622024405","5020.338468916006","no_promo"
"2025-10-15 09:00:00","12","3971.141521347795","3574.0273692130154","3971.141521347795","combo_deal"
"2025-10-15 10:00:00","16","5419.900704139816","4877.9106337258345","5419.900704139816","combo_deal"
"2025-10-15 11:00:00","20","7678.732108595728","6910.858897736156","7678.732108595728","discount_20"
"2025-10-15 12:00:00","29","14139.743719247153","12725.769347322439","14139.743719247153","discount_10"
"2025-10-15 13:00:00","18","6832.473726383784","6149.2263537454055","6832.473726383784","discount_10"
"2025-10-15 14:00:00","27","10034.156584220442","9030.740925798398","10034.156584220442","discount_10"
"2025-10-15 15:00:00","25","9668.382785741158","8701.544507167042","9668.382785741158","combo_deal"
"2025-10-15 16:00:00","14","5966.456803813775","5369.811123432398","5966.456803813775","combo_deal"
"2025-10-15 17:00:00","18","5516.6850852105545","4965.016576689499","5516.6850852105545","discount_20"
"2025-10-15 18:00:00","24","8364.732964888844","7528.25966839996","8364.732964888844","free_delivery"
"2025-10-15 19:00:00","28","11436.553348702288","10292.898013832058","11436.553348702288","no_promo"
"2025-10-15 20:00:00","28","13249.41928916015","11924.477360244136","13249.41928916015","discount_10"
"2025-10-15 21:00:00","14","6231.559151940134","5608.4032367461205","6231.559151940134","no_promo"
"2025-10-15 22:00:00","17","7242.163808024002","6517.947427221602","7242.163808024002","combo_deal"
"2025-10-15 23:00:00","5","2252.8103200127402","2027.5292880114662","2252.8103200127402","discount_20"
"2025-10-16 00:00:00","7","1938.0379592053125","1744.2341632847813","1938.0379592053125","combo_deal"
"2025-10-16 01:00:00","3","725.2154790941602","652.6939311847442","725.2154790941602","free_delivery"
"2025-10-16 02:00:00","7","2172.9944521830485","1955.6950069647437","2172.9944521830485","discount_10"
"2025-10-16 03:00:00","1","758.855705911185","682.9701353200666","758.855705911185","no_promo"
"2025-10-16 04:00:00","6","3456.1840315208783","3110.5656283687904","3456.1840315208783","discount_10"
"2025-10-16 05:00:00","2","143.66779563453088","129.30101607107778","143.66779563453088","no_promo"
"2025-10-16 06:00:00","6","3135.130510487784","2821.6174594390054","3135.130510487784","discount_20"
"2025-10-16 07:00:00","3","702.0983556038734","631.8885200434861","702.0983556038734","free_delivery"
"2025-10-16 08:00:00","11","3971.8074521031176","3574.626706892806","3971.8074521031176","no_promo"
"2025-10-16 09:00:00","14","5113.484175606321","4602.135758045689","5113.484175606321","combo_deal"
"2025-10-16 10:00:00","12","4668.762334235443","4201.886100811898","4668.762334235443","no_promo"
"2025-10-16 11:00:00","22","9385.702579686533","8447.13232171788","9385.702579686533","discount_20"
"2025-10-16 12:00:00","32","13163.38604616445","11847.047441548006","13163.38604616445","free_delivery"
"2025-10-16 13:00:00","34","15150.322547385353","13635.290292646818","15150.322547385353","discount_20"
"2025-10-16 14:00:00","38","19426.569440921838","17483.912496829653","19426.569440921838","combo_deal"
"2025-10-16 15:00:00","11","3714.4709274426714","3343.0238346984042","3714.4709274426714","no_promo"
"2025-10-16 16:00:00","8","3393.528593665204","3054.1757342986834","3393.528593665204","no_promo"
"2025-10-16 17:00:00","10","4845.090186498948","4360.581167849054","4845.090186498948","discount_10"
"2025-10-16 18:00:00","23","7773.363104214595","6996.026793793136","7773.363104214595","no_promo"
"2025-10-16 19:00:00","32","12805.350479489138","11524.815431540224","12805.350479489138","discount_10"
"2025-10-16 20:00:00","30","11155.238063879866","10039.71425749188","11155.238063879866","combo_deal"
"2025-10-16 21:00:00","32","13763.393442542729","12387.054098288456","13763.393442542729","free_delivery"
"2025-10-16 22:00:00","12","5861.545877144931","5275.3912894304385","5861.545877144931","free_delivery"
"2025-10-16 23:00:00","2","893.4128913271734","804.0716021944561","893.4128913271734","no_promo"
"2025-10-17 00:00:00","6","2682.58225901025","2414.3240331092247","2682.58225901025","discount_10"
"2025-10-17 01:00:00","10","3566.165242048009","3209.548717843208","3566.165242048009","discount_20"
"2025-10-17 02:00:00","6","1891.0073309302736","1701.9065978372462","1891.0073309302736","no_promo"
"2025-10-17 03:00:00","3","1021.8889031336616","919.7000128202955","1021.8889031336616","discount_20"
"2025-10-17 04:00:00","7","2462.348880841963","2216.1139927577665","2462.348880841963","combo_deal"
"2025-10-17 05:00:00","4","2014.8545945494686","1813.3691350945219","2014.8545945494686","combo_deal"
"2025-10-17 06:00:00","6","1853.0505150702008","1667.7454635631807","1853.0505150702008","free_delivery"
"2025-10-17 07:00:00","2","1789.1525783957977","1610.237320556218","1789.1525783957977","free_delivery"
"2025-10-17 08:00:00","14","7112.199424894891","6400.979482405402","7112.199424894891","discount_10"
"2025-10-17 09:00:00","8","3947.7407520228744","3552.966676820587","3947.7407520228744","no_promo"
"2025-10-17 10:00:00","17","6269.273342867673","5642.346008580906","6269.273342867673","discount_10"
"2025-10-17 11:00:00","24","9890.709487006481","8901.638538305833","9890.709487006481","discount_20"
"2025-10-17 12:00:00","27","13353.610333801704","12018.249300421534","13353.610333801704","free_delivery"
"2025-10-17 13:00:00","37","15711.54596177029","14140.391365593263","15711.54596177029","free_delivery"
"2025-10-17 14:00:00","25","10615.832926809517","9554.249634128566","10615.832926809517","free_delivery"
"2025-10-17 15:00:00","17","7247.81584016013","6523.0342561441175","7247.81584016013","combo_deal"
"2025-10-17 16:00:00","11","4484.178419217219","4035.760577295497","4484.178419217219","discount_10"
"2025-10-17 17:00:00","18","5508.298470390997","4957.468623351898","5508.298470390997","discount_10"
"2025-10-17 18:00:00","35","16482.99109667395","14834.691987006558","16482.99109667395","combo_deal"
"2025-10-17 19:00:00","25","8919.700491363965","8027.730442227568","8919.700491363965","discount_20"
"2025-10-17 20:00:00","43","17181.719595598424","15463.547636038582","17181.719595598424","discount_20"
"2025-10-17 21:00:00","26","10792.318445961822","9713.08660136564","10792.318445961822","discount_10"
"2025-10-17 22:00:00","11","4403.294549387989","3962.96509444919","4403.294549387989","combo_deal"
"2025-10-17 23:00:00","5","2902.5300727514896","2612.277065476341","2902.5300727514896","discount_10"
"2025-10-18 00:00:00","9","4488.282508038776","4039.4542572348983","4488.282508038776","discount_20"
"2025-10-18 01:00:00","7","2145.388030245936","1930.8492272213425","2145.388030245936","discount_20"
"2025-10-18 02:00:00","10","4907.546124531165","4416.791512078049","4907.546124531165","free_delivery"
"2025-10-18 03:00:00","7","2008.1684518176862","1807.3516066359177","2008.1684518176862","free_delivery"
"2025-10-18 04:00:00","8","2560.6337706800387","2304.570393612035","2560.6337706800387","free_delivery"
"2025-10-18 05:00:00","12","3982.752264338373","3584.477037904536","3982.752264338373","discount_10"
"2025-10-18 06:00:00","9","4317.067633727465","3885.360870354719","4317.067633727465","discount_20"
"2025-10-18 07:00:00","8","2315.247992767922","2083.7231934911297","2315.247992767922","discount_10"
"2025-10-18 08:00:00","18","7175.587787768998","6458.029008992098","7175.587787768998","no_promo"
"2025-10-18 09:00:00","15","4736.385173214184","4262.746655892765","4736.385173214184","no_promo"
"2025-10-18 10:00:00","30","13984.19621713278","12585.776595419502","13984.19621713278","free_delivery"
"2025-10-18 11:00:00","32","11398.292754928865","10258.463479435979","11398.292754928865","no_promo"
"2025-10-18 12:00:00","26","9422.291389079292","8480.062250171362","9422.291389079292","no_promo"
"2025-10-18 13:00:00","57","20533.55344184551","18480.19809766096","20533.55344184551","combo_deal"
"2025-10-18 14:00:00","52","25320.97680278998","22788.87912251098","25320.97680278998","discount_20"
"2025-10-18 15:00:00","17","8147.670840148451","7332.903756133606","8147.670840148451","free_delivery"
"2025-10-18 16:00:00","25","9167.188138493995","8250.469324644597","9167.188138493995","free_delivery"
"2025-10-18 17:00:00","22","8977.054338595064","8079.348904735558","8977.054338595064","discount_10"
"2025-10-18 18:00:00","53","25888.50716836817","23299.656451531355","25888.50716836817","combo_deal"
"2025-10-18 19:00:00","39","12686.708659000791","11418.037793100711","12686.708659000791","free_delivery"
"2025-10-18 20:00:00","40","17616.398072247066","15854.75826502236","17616.398072247066","free_delivery"
"2025-10-18 21:00:00","26","9316.351870409735","8384.716683368762","9316.351870409735","no_promo"
"2025-10-18 22:00:00","18","8252.948024187795","7427.653221769016","8252.948024187795","discount_20"
"2025-10-18 23:00:00","12","3593.6718277068167","3234.304644936135","3593.6718277068167","discount_10"
"2025-10-19 00:00:00","10","5170.039918209755","4653.03592638878","5170.039918209755","combo_deal"
"2025-10-19 01:00:00","11","3696.79260414461","3327.113343730149","3696.79260414461","no_promo"
"2025-10-19 02:00:00","4","1642.7358657041937","1478.4622791337742","1642.7358657041937","combo_deal"
"2025-10-19 03:00:00","6","3178.9363380646837","2861.0427042582155","3178.9363380646837","discount_10"
"2025-10-19 04:00:00","7","2527.72819134727","2274.955372212543","2527.72819134727","discount_20"
"2025-10-19 05:00:00","11","4697.519896284568","4227.767906656111","4697.519896284568","combo_deal"
"2025-10-19 06:00:00","2","1669.4186113755925","1502.4767502380332","1669.4186113755925","no_promo"
"2025-10-19 07:00:00","7","2153.3279797990594","1937.9951818191535","2153.3279797990594","no_promo"
"2025-10-19 08:00:00","12","3949.171751573423","3554.254576416081","3949.171751573423","no_promo"
"2025-10-19 09:00:00","24","10554.521938883936","9499.069744995542","10554.521938883936","discount_10"
"2025-10-19 10:00:00","28","13236.029194512468","11912.426275061222","13236.029194512468","combo_deal"
"2025-10-19 11:00:00","52","16293.649100034401","14664.284190030961","16293.649100034401","discount_10"
"2025-10-19 12:00:00","41","16426.171746679847","14783.554572011863","16426.171746679847","free_delivery"
"2025-10-19 13:00:00","54","26705.875362810057","24035.287826529053","26705.875362810057","discount_10"
"2025-10-19 14:00:00","32","11904.692648988505","10714.223384089655","11904.692648988505","free_delivery"
"2025-10-19 15:00:00","23","9461.675438174121","8515.50789435671","9461.675438174121","no_promo"
"2025-10-19 16:00:00","20","7472.356564716447","6725.120908244802","7472.356564716447","discount_10"
"2025-10-19 17:00:00","25","9871.31008485355","8884.179076368197","9871.31008485355","discount_20"
"2025-10-19 18:00:00","28","8202.200981710956","7381.98088353986","8202.200981710956","no_promo"
"2025-10-19 19:00:00","31","11781.639091624427","10603.475182461985","11781.639091624427","no_promo"
"2025-10-19 20:00:00","27","11949.863412341456","10754.87707110731","11949.863412341456","discount_10"
"2025-10-19 21:00:00","39","17379.32999117008","15641.396992053074","17379.32999117008","free_delivery"
"2025-10-19 22:00:00","26","11327.035977324987","10194.33237959249","11327.035977324987","free_delivery"
"2025-10-19 23:00:00","5","1395.0615833344432","1255.5554250009989","1395.0615833344432","no_promo"
"2025-10-20 00:00:00","1","1422.143856651901","1279.9294709867108","1422.143856651901","discount_10"
"2025-10-20 01:00:00","0","368.0910735200435","331.28196616803916","368.0910735200435","combo_deal"
"2025-10-20 02:00:00","3","1312.220142776895","1180.9981284992057","1312.220142776895","free_delivery"
"2025-10-20 03:00:00","7","2576.165016813146","2318.548515131831","2576.165016813146","combo_deal"
"2025-10-20 04:00:00","4","1129.7390751991286","1016.7651676792158","1129.7390751991286","discount_10"
"2025-10-20 05:00:00","6","1827.791220877655","1645.0120987898895","1827.791220877655","free_delivery"
"2025-10-20 06:00:00","10","3378.8731575673887","3040.98584181065","3378.8731575673887","combo_deal"
"2025-10-20 07:00:00","6","3352.1539202012787","3016.938528181151","3352.1539202012787","free_delivery"
"2025-10-20 08:00:00","15","7660.852052542938","6894.766847288644","7660.852052542938","discount_10"
"2025-10-20 09:00:00","14","7839.236985995473","7055.313287395926","7839.236985995473","discount_10"
"2025-10-20 10:00:00","11","4229.208244513591","3806.2874200622323","4229.208244513591","no_promo"
"2025-10-20 11:00:00","37","16125.348632814343","14512.813769532908","16125.348632814343","discount_20"
"2025-10-20 12:00:00","33","10824.103266176819","9741.692939559138","10824.103266176819","discount_20"
"2025-10-20 13:00:00","30","10700.886716766425","9630.798045089783","10700.886716766425","combo_deal"
"2025-10-20 14:00:00","20","7777.689048888737","6999.920143999863","7777.689048888737","no_promo"
"2025-10-20 15:00:00","21","9330.838696170322","8397.75482655329","9330.838696170322","combo_deal"
"2025-10-20 16:00:00","16","7898.809567663918","7108.928610897526","7898.809567663918","free_delivery"
"2025-10-20 17:00:00","20","9214.537749435744","8293.083974492169","9214.537749435744","discount_20"
"2025-10-20 18:00:00","27","9948.689433674761","8953.820490307286","9948.689433674761","free_delivery"
"2025-10-20 19:00:00","28","10133.872196355043","9120.48497671954","10133.872196355043","no_promo"
"2025-10-20 20:00:00","18","7351.130999176819","6616.017899259137","7351.130999176819","no_promo"
"2025-10-20 21:00:00","36","15666.687074372025","14100.018366934823","15666.687074372025","free_delivery"
"2025-10-20 22:00:00","7","2787.592679033304","2508.8334111299737","2787.592679033304","no_promo"
"2025-10-20 23:00:00","0","0.0","0.0","0.0","combo_deal"
"2025-10-21 00:00:00","1","321.5265891201303","289.3739302081173","321.5265891201303","free_delivery"
"2025-10-21 01:00:00","2","1591.0548914459605","1431.9494023013644","1591.0548914459605","no_promo"
"2025-10-21 02:00:00","5","1361.7669262381335","1225.5902336143201","1361.7669262381335","free_delivery"
"2025-10-21 03:00:00","4","1864.208896877618","1677.7880071898562","1864.208896877618","combo_deal"
"2025-10-21 04:00:00","2","1344.513598332349","1210.062238499114","1344.513598332349","discount_10"
"2025-10-21 05:00:00","5","1005.970644514975","905.3735800634776","1005.970644514975","free_delivery"
"2025-10-21 06:00:00","3","1979.5415815859303","1781.5874234273374","1979.5415815859303","free_delivery"
"2025-10-21 07:00:00","7","1657.3442846896642","1491.6098562206978","1657.3442846896642","discount_10"
"2025-10-21 08:00:00","18","9249.756500409818","8324.780850368836","9249.756500409818","discount_20"
"2025-10-21 09:00:00","11","4798.063327609044","4318.25699484814","4798.063327609044","discount_10"
"2025-10-21 10:00:00","14","5399.51000194006","4859.559001746054","5399.51000194006","discount_20"
"2025-10-21 11:00:00","31","10420.223147143215","9378.200832428895","10420.223147143215","discount_10"
"2025-10-21 12:00:00","37","13571.06612475472","12213.959512279247","13571.06612475472","combo_deal"
"2025-10-21 13:00:00","24","9404.461306908963","8464.015176218067","9404.461306908963","discount_10"
"2025-10-21 14:00:00","35","15279.559362562954","13751.603426306658","15279.559362562954","discount_20"
"2025-10-21 15:00:00","11","4238.660482856507","3814.794434570856","4238.660482856507","no_promo"
"2025-10-21 16:00:00","19","7231.7061825962455","6508.535564336621","7231.7061825962455","discount_20"
"2025-10-21 17:00:00","10","3596.0088310745427","3236.4079479670886","3596.0088310745427","no_promo"
"2025-10-21 18:00:00","18","5899.97317913561","5309.975861222049","5899.97317913561","discount_10"
"2025-10-21 19:00:00","31","12021.576270034077","10819.418643030669","12021.576270034077","discount_10"
"2025-10-21 20:00:00","28","10915.916581853784","9824.324923668406","10915.916581853784","free_delivery"
"2025-10-21 21:00:00","35","13032.208768158587","11728.98789134273","13032.208768158587","discount_20"
"2025-10-21 22:00:00","21","8243.279274629329","7418.951347166396","8243.279274629329","free_delivery"
"2025-10-21 23:00:00","4","1959.6792475514667","1763.71132279632","1959.6792475514667","combo_deal"
"2025-10-22 00:00:00","3","2202.710879014136","1982.4397911127226","2202.710879014136","discount_20"
"2025-10-22 01:00:00","3","2079.8494751936155","1871.864527674254","2079.8494751936155","discount_20"
"2025-10-22 02:00:00","4","1780.7269303575686","1602.6542373218117","1780.7269303575686","no_promo"
"2025-10-22 03:00:00","5","1655.1758870108204","1489.6582983097383","1655.1758870108204","discount_10"
"2025-10-22 04:00:00","4","2020.294961015216","1818.2654649136944","2020.294961015216","free_delivery"
"2025-10-22 05:00:00","0","121.666508553938","109.4998576985442","121.666508553938","free_delivery"
"2025-10-22 06:00:00","1","933.3309504456929","839.9978554011236","933.3309504456929","no_promo"
"2025-10-22 07:00:00","7","1705.4922758424366","1534.943048258193","1705.4922758424366","discount_20"
"2025-10-22 08:00:00","15","6453.025826399015","5807.723243759114","6453.025826399015","discount_10"
"2025-10-22 09:00:00","19","7797.414627261771","7017.673164535594","7797.414627261771","free_delivery"
"2025-10-22 10:00:00","18","7329.651993618109","6596.6867942562985","7329.651993618109","discount_20"
"2025-10-22 11:00:00","39","14540.731215925769","13086.658094333192","14540.731215925769","free_delivery"
"2025-10-22 12:00:00","29","11327.349915151703","10194.614923636533","11327.349915151703","no_promo"
"2025-10-22 13:00:00","26","10963.509101191208","9867.158191072087","10963.509101191208","no_promo"
"2025-10-22 14:00:00","21","10507.387966478656","9456.649169830791","10507.387966478656","discount_10"
"2025-10-22 15:00:00","17","5177.855646500633","4660.07008185057","5177.855646500633","no_promo"
"2025-10-22 16:00:00","18","7370.416090560271","6633.374481504245","7370.416090560271","discount_20"
"2025-10-22 17:00:00","21","10589.525772828423","9530.573195545581","10589.525772828423","discount_20"
"2025-10-22 18:00:00","22","9660.95324697406","8694.857922276655","9660.95324697406","discount_20"
"2025-10-22 19:00:00","25","12961.213822759692","11665.092440483722","12961.213822759692","discount_10"
"2025-10-22 20:00:00","33","15026.864844271639","13524.178359844474","15026.864844271639","discount_10"
"2025-10-22 21:00:00","17","8457.515911712479","7611.7643205412305","8457.515911712479","discount_10"
"2025-10-22 22:00:00","9","4477.992734840311","4030.19346135628","4477.992734840311","no_promo"
"2025-10-22 23:00:00","5","1101.8389385066282","991.6550446559654","1101.8389385066282","discount_20"
"2025-10-23 00:00:00","9","4637.578876061966","4173.82098845577","4637.578876061966","combo_deal"
"2025-10-23 01:00:00","3","1767.5592377408198","1590.8033139667377","1767.5592377408198","discount_20"
"2025-10-23 02:00:00","7","2188.5442295743314","1969.6898066168983","2188.5442295743314","discount_20"
"2025-10-23 03:00:00","9","2677.4990117045013","2409.7491105340514","2677.4990117045013","combo_deal"
"2025-10-23 04:00:00","7","2964.233005269582","2667.809704742624","2964.233005269582","combo_deal"
"2025-10-23 05:00:00","1","1251.0611941934337","1125.9550747740905","1251.0611941934337","free_delivery"
"2025-10-23 06:00:00","4","2290.3684734822677","2061.331626134041","2290.3684734822677","discount_20"
"2025-10-23 07:00:00","12","3508.5858233468543","3157.727241012169","3508.5858233468543","discount_20"
"2025-10-23 08:00:00","9","4627.6800113988365","4164.912010258953","4627.6800113988365","no_promo"
"2025-10-23 09:00:00","26","11132.976404048968","10019.678763644071","11132.976404048968","discount_20"
"2025-10-23 10:00:00","26","8269.966344134375","7442.969709720937","8269.966344134375","combo_deal"
"2025-10-23 11:00:00","21","8679.903638468135","7811.913274621322","8679.903638468135","free_delivery"
"2025-10-23 12:00:00","22","9860.395401329373","8874.355861196436","9860.395401329373","no_promo"
"2025-10-23 13:00:00","30","12445.958464095178","11201.36261768566","12445.958464095178","free_delivery"
"2025-10-23 14:00:00","30","11055.525304868488","9949.97277438164","11055.525304868488","combo_deal"
"2025-10-23 15:00:00","17","7234.814470831383","6511.333023748245","7234.814470831383","free_delivery"
"2025-10-23 16:00:00","20","8678.985808007312","7811.087227206581","8678.985808007312","discount_10"
"2025-10-23 17:00:00","17","7690.293743479935","6921.264369131942","7690.293743479935","discount_10"
"2025-10-23 18:00:00","45","19079.639695677088","17171.67572610938","19079.639695677088","combo_deal"
"2025-10-23 19:00:00","39","16046.305891630824","14441.675302467742","16046.305891630824","combo_deal"
"2025-10-23 20:00:00","20","8775.742069794087","7898.167862814678","8775.742069794087","free_delivery"
"2025-10-23 21:00:00","20","7981.206115929344","7183.08550433641","7981.206115929344","no_promo"
"2025-10-23 22:00:00","17","7453.850198775608","6708.465178898047","7453.850198775608","free_delivery"
"2025-10-23 23:00:00","3","1876.333837865815","1688.7004540792336","1876.333837865815","free_delivery"
"2025-10-24 00:00:00","3","1203.5164580645408","1083.1648122580866","1203.5164580645408","discount_20"
"2025-10-24 01:00:00","4","938.009592580624","844.2086333225617","938.009592580624","no_promo"
"2025-10-24 02:00:00","1","948.6817181994145","853.8135463794731","948.6817181994145","no_promo"
"2025-10-24 03:00:00","0","712.6056917029971","641.3451225326974","712.6056917029971","free_delivery"
"2025-10-24 04:00:00","7","3111.2369279607387","2800.1132351646647","3111.2369279607387","discount_20"
"2025-10-24 05:00:00","7","2036.4807652079596","1832.8326886871637","2036.4807652079596","combo_deal"
"2025-10-24 06:00:00","5","2437.9170387911327","2194.1253349120193","2437.9170387911327","combo_deal"
"2025-10-24 07:00:00","5","1233.9219575758325","1110.5297618182492","1233.9219575758325","free_delivery"
"2025-10-24 08:00:00","15","4788.369596178318","4309.532636560486","4788.369596178318","discount_20"
"2025-10-24 09:00:00","7","3145.801376477982","2831.221238830184","3145.801376477982","no_promo"
"2025-10-24 10:00:00","23","10579.96457139079","9521.968114251711","10579.96457139079","free_delivery"
"2025-10-24 11:00:00","41","16635.643202296567","14972.078882066911","16635.643202296567","combo_deal"
"2025-10-24 12:00:00","22","9418.484762459891","8476.636286213903","9418.484762459891","free_delivery"
"2025-10-24 13:00:00","30","12777.868163457992","11500.081347112193","12777.868163457992","free_delivery"
"2025-10-24 14:00:00","27","12313.644318723274","11082.279886850947","12313.644318723274","discount_10"
"2025-10-24 15:00:00","14","6235.2446290415655","5611.720166137409","6235.2446290415655","combo_deal"
"2025-10-24 16:00:00","16","7624.492586281574","6862.043327653417","7624.492586281574","combo_deal"
"2025-10-24 17:00:00","25","11712.290744298829","10541.061669868946","11712.290744298829","discount_20"
"2025-10-24 18:00:00","31","11016.024831668768","9914.422348501892","11016.024831668768","discount_10"
"2025-10-24 19:00:00","18","7158.778444241991","6442.900599817792","7158.778444241991","no_promo"
"2025-10-24 20:00:00","32","15149.82487717606","13634.842389458456","15149.82487717606","combo_deal"
"2025-10-24 21:00:00","34","14883.353942954402","13395.018548658962","14883.353942954402","discount_20"
"2025-10-24 22:00:00","13","5046.2714894495275","4541.644340504575","5046.2714894495275","discount_10"
"2025-10-24 23:00:00","3","1658.3952533702973","1492.5557280332675","1658.3952533702973","combo_deal"
"2025-10-25 00:00:00","4","1655.0462799042984","1489.5416519138687","1655.0462799042984","combo_deal"
"2025-10-25 01:00:00","11","3490.4673983056405","3141.4206584750764","3490.4673983056405","free_delivery"
"2025-10-25 02:00:00","4","801.9049061311238","721.7144155180114","801.9049061311238","free_delivery"
"2025-10-25 03:00:00","8","4463.45542159185","4017.109879432665","4463.45542159185","combo_deal"
"2025-10-25 04:00:00","10","4158.4680268967095","3742.6212242070387","4158.4680268967095","discount_20"
"2025-10-25 05:00:00","5","2331.0824639086177","2097.974217517756","2331.0824639086177","no_promo"
"2025-10-25 06:00:00","7","2796.7173496507107","2517.0456146856395","2796.7173496507107","discount_10"
"2025-10-25 07:00:00","14","4790.281699797207","4311.253529817486","4790.281699797207","free_delivery"
"2025-10-25 08:00:00","21","7279.647312376214","6551.682581138593","7279.647312376214","combo_deal"
"2025-10-25 09:00:00","20","9896.766168498825","8907.089551648944","9896.766168498825","combo_deal"
"2025-10-25 10:00:00","26","11737.43365709153","10563.690291382376","11737.43365709153","discount_20"
"2025-10-25 11:00:00","35","13777.809870742261","12400.028883668036","13777.809870742261","discount_10"
"2025-10-25 12:00:00","34","11787.649599204342","10608.884639283908","11787.649599204342","no_promo"
"2025-10-25 13:00:00","63","27186.58320461907","24467.924884157164","27186.58320461907","combo_deal"
"2025-10-25 14:00:00","27","12377.357796231301","11139.622016608171","12377.357796231301","discount_10"
"2025-10-25 15:00:00","23","5567.385168035361","5010.646651231825","5567.385168035361","discount_20"
"2025-10-25 16:00:00","21","6990.903974590442","6291.813577131398","6990.903974590442","discount_20"
"2025-10-25 17:00:00","17","5511.48984844927","4960.340863604343","5511.48984844927","no_promo"
"2025-10-25 18:00:00","32","10796.46713094373","9716.820417849358","10796.46713094373","no_promo"
"2025-10-25 19:00:00","34","12863.653518941412","11577.28816704727","12863.653518941412","no_promo"
"2025-10-25 20:00:00","44","16752.998312516167","15077.698481264551","16752.998312516167","free_delivery"
"2025-10-25 21:00:00","44","20135.283298028324","18121.75496822549","20135.283298028324","discount_10"
"2025-10-25 22:00:00","17","6360.545556067332","5724.491000460599","6360.545556067332","no_promo"
"2025-10-25 23:00:00","8","2139.0121713538833","1925.110954218495","2139.0121713538833","no_promo"
"2025-10-26 00:00:00","4","2806.0767558453535","2525.4690802608184","2806.0767558453535","discount_10"
"2025-10-26 01:00:00","11","4175.153765802051","3757.6383892218455","4175.153765802051","free_delivery"
"2025-10-26 02:00:00","9","3511.503683724911","3160.35331535242","3511.503683724911","free_delivery"
"2025-10-26 03:00:00","6","3343.8219268207445","3009.4397341386702","3343.8219268207445","combo_deal"
"2025-10-26 04:00:00","7","2466.046995710603","2219.4422961395426","2466.046995710603","discount_20"
"2025-10-26 05:00:00","8","2303.7560703118224","2073.3804632806405","2303.7560703118224","discount_10"
"2025-10-26 06:00:00","7","3889.892908053234","3500.9036172479105","3889.892908053234","free_delivery"
"2025-10-26 07:00:00","8","3097.4039110775725","2787.6635199698153","3097.4039110775725","combo_deal"
"2025-10-26 08:00:00","12","5167.494286187359","4650.744857568623","5167.494286187359","no_promo"
"2025-10-26 09:00:00","26","9596.68859241155","8637.019733170395","9596.68859241155","combo_deal"
"2025-10-26 10:00:00","10","3644.2447079918584","3279.8202371926727","3644.2447079918584","no_promo"
"2025-10-26 11:00:00","48","21772.649056217888","19595.3841505961","21772.649056217888","combo_deal"
"2025-10-26 12:00:00","24","7268.446111329628","6541.601500196665","7268.446111329628","no_promo"
"2025-10-26 13:00:00","48","20457.100049620924","18411.39004465883","20457.100049620924","combo_deal"
"2025-10-26 14:00:00","29","14019.88162628236","12617.893463654125","14019.88162628236","discount_10"
"2025-10-26 15:00:00","25","8626.1393878072","7763.52544902648","8626.1393878072","discount_20"
"2025-10-26 16:00:00","29","12779.448459337305","11501.503613403574","12779.448459337305","free_delivery"
"2025-10-26 17:00:00","23","8693.62842131705","7824.265579185345","8693.62842131705","combo_deal"
"2025-10-26 18:00:00","26","9385.571071779372","8447.013964601434","9385.571071779372","no_promo"
"2025-10-26 19:00:00","51","21801.92496458477","19621.732468126294","21801.92496458477","free_delivery"
"2025-10-26 20:00:00","43","17739.012047867272","15965.110843080545","17739.012047867272","free_delivery"
"2025-10-26 21:00:00","39","13383.374077633287","12045.036669869958","13383.374077633287","no_promo"
"2025-10-26 22:00:00","28","11566.949237309103","10410.254313578193","11566.949237309103","combo_deal"
"2025-10-26 23:00:00","12","4002.4756666002395","3602.2280999402155","4002.4756666002395","discount_20"
"2025-10-27 00:00:00","7","3871.0355556639274","3483.932000097535","3871.0355556639274","free_delivery"
"2025-10-27 01:00:00","9","2877.7089208347843","2589.938028751306","2877.7089208347843","discount_10"
"2025-10-27 02:00:00","5","2097.3780326275983","1887.6402293648384","2097.3780326275983","discount_20"
"2025-10-27 03:00:00","6","1842.2694714783877","1658.042524330549","1842.2694714783877","free_delivery"
"2025-10-27 04:00:00","7","1558.3697704837496","1402.5327934353747","1558.3697704837496","no_promo"
"2025-10-27 05:00:00","5","1708.4565517666892","1537.6108965900203","1708.4565517666892","no_promo"
"2025-10-27 06:00:00","1","985.2004316550795","886.6803884895716","985.2004316550795","free_delivery"
"2025-10-27 07:00:00","1","1007.5906631016785","906.8315967915107","1007.5906631016785","discount_20"
"2025-10-27 08:00:00","12","4695.2291387944","4225.706224914959","4695.2291387944","no_promo"
"2025-10-27 09:00:00","11","4339.407995017914","3905.4671955161225","4339.407995017914","no_promo"
"2025-10-27 10:00:00","16","5710.662912674863","5139.596621407377","5710.662912674863","discount_10"
"2025-10-27 11:00:00","29","11485.700159278376","10337.13014335054","11485.700159278376","discount_20"
"2025-10-27 12:00:00","14","4733.207719381912","4259.8869474437215","4733.207719381912","no_promo"
"2025-10-27 13:00:00","31","14024.347841019087","12621.91305691718","14024.347841019087","discount_20"
"2025-10-27 14:00:00","32","15105.11655715256","13594.604901437304","15105.11655715256","combo_deal"
"2025-10-27 15:00:00","6","2068.2641579040505","1861.4377421136455","2068.2641579040505","discount_10"
"2025-10-27 16:00:00","17","6851.8159984205195","6166.634398578468","6851.8159984205195","discount_20"
"2025-10-27 17:00:00","20","8990.801745910547","8091.721571319492","8990.801745910547","discount_20"
"2025-10-27 18:00:00","30","12191.327298116872","10972.194568305185","12191.327298116872","discount_10"
"2025-10-27 19:00:00","22","10089.620479414232","9080.65843147281","10089.620479414232","no_promo"
"2025-10-27 20:00:00","22","6311.793821301462","5680.614439171316","6311.793821301462","no_promo"
"2025-10-27 21:00:00","22","7100.011222458331","6390.0101002124975","7100.011222458331","discount_10"
"2025-10-27 22:00:00","16","6279.772165102341","5651.794948592107","6279.772165102341","combo_deal"
"2025-10-27 23:00:00","1","1198.1023293585076","1078.2920964226569","1198.1023293585076","free_delivery"
"2025-10-28 00:00:00","4","1158.5149559234098","1042.6634603310688","1158.5149559234098","discount_10"
"2025-10-28 01:00:00","2","1337.6450926109349","1203.8805833498413","1337.6450926109349","no_promo"
"2025-10-28 02:00:00","7","1680.2149166718993","1512.1934250047095","1680.2149166718993","no_promo"
"2025-10-28 03:00:00","3","919.6691928956084","827.7022736060476","919.6691928956084","free_delivery"
"2025-10-28 04:00:00","2","766.3551885440438","689.7196696896394","766.3551885440438","discount_10"
"2025-10-28 05:00:00","2","2036.8315972041119","1833.1484374837007","2036.8315972041119","free_delivery"
"2025-10-28 06:00:00","3","449.98237933063297","404.98414139756966","449.98237933063297","discount_10"
"2025-10-28 07:00:00","3","655.428458231647","589.8856124084823","655.428458231647","free_delivery"
"2025-10-28 08:00:00","19","7274.406873913035","6546.966186521732","7274.406873913035","free_delivery"
"2025-10-28 09:00:00","18","7219.822301099232","6497.840070989309","7219.822301099232","combo_deal"
"2025-10-28 10:00:00","12","5723.274003638149","5150.946603274335","5723.274003638149","combo_deal"
"2025-10-28 11:00:00","29","9560.3148863664","8604.28339772976","9560.3148863664","free_delivery"
"2025-10-28 12:00:00","26","13882.806994384702","12494.526294946232","13882.806994384702","free_delivery"
"2025-10-28 13:00:00","23","7381.553556796921","6643.398201117229","7381.553556796921","discount_10"
"2025-10-28 14:00:00","16","5886.934671663921","5298.241204497529","5886.934671663921","no_promo"
"2025-10-28 15:00:00","20","7186.02382170239","6467.4214395321505","7186.02382170239","combo_deal"
"2025-10-28 16:00:00","15","4898.277978554036","4408.450180698633","4898.277978554036","discount_10"
"2025-10-28 17:00:00","12","4401.220441513921","3961.0983973625293","4401.220441513921","no_promo"
"2025-10-28 18:00:00","28","10662.311379438908","9596.080241495018","10662.311379438908","combo_deal"
"2025-10-28 19:00:00","33","13174.879495519614","11857.391545967652","13174.879495519614","discount_20"
"2025-10-28 20:00:00","31","12285.875955373733","11057.28835983636","12285.875955373733","discount_20"
"2025-10-28 21:00:00","27","12642.545021241815","11378.290519117634","12642.545021241815","discount_10"
"2025-10-28 22:00:00","8","4451.50749910156","4006.356749191404","4451.50749910156","discount_20"
"2025-10-28 23:00:00","4","1819.3586805106202","1637.4228124595581","1819.3586805106202","free_delivery"
"2025-10-29 00:00:00","6","2261.1669848593965","2035.0502863734569","2261.1669848593965","free_delivery"
"2025-10-29 01:00:00","10","2825.538718820332","2542.984846938299","2825.538718820332","no_promo"
"2025-10-29 02:00:00","4","1490.995081753597","1341.8955735782374","1490.995081753597","no_promo"
"2025-10-29 03:00:00","7","2206.662282269114","1985.9960540422026","2206.662282269114","free_delivery"
"2025-10-29 04:00:00","7","2536.5643225542235","2282.9078902988012","2536.5643225542235","free_delivery"
"2025-10-29 05:00:00","3","1651.0487476727099","1485.9438729054389","1651.0487476727099","discount_10"
"2025-10-29 06:00:00","3","892.1151384272061","802.9036245844856","892.1151384272061","no_promo"
"2025-10-29 07:00:00","5","2688.544562059635","2419.690105853672","2688.544562059635","free_delivery"
"2025-10-29 08:00:00","6","3480.727488338686","3132.6547395048174","3480.727488338686","no_promo"
"2025-10-29 09:00:00","10","6117.086053027402","5505.3774477246625","6117.086053027402","discount_20"
"2025-10-29 10:00:00","12","4418.279157693647","3976.4512419242824","4418.279157693647","free_delivery"
"2025-10-29 11:00:00","33","15096.338364992916","13586.704528493625","15096.338364992916","combo_deal"
"2025-10-29 12:00:00","36","15674.839227410635","14107.355304669572","15674.839227410635","discount_20"
"2025-10-29 13:00:00","27","10914.687605240788","9823.21884471671","10914.687605240788","discount_20"
"2025-10-29 14:00:00","29","12574.311293314244","11316.88016398282","12574.311293314244","combo_deal"
"2025-10-29 15:00:00","9","3760.2507969678204","3384.2257172710383","3760.2507969678204","no_promo"
"2025-10-29 16:00:00","14","6172.424762108753","5555.1822858978785","6172.424762108753","no_promo"
"2025-10-29 17:00:00","9","2993.6045650562164","2694.244108550595","2993.6045650562164","no_promo"
"2025-10-29 18:00:00","41","19632.102058607543","17668.89185274679","19632.102058607543","discount_20"
"2025-10-29 19:00:00","21","7908.3604640369795","7117.524417633282","7908.3604640369795","no_promo"
"2025-10-29 20:00:00","20","6645.559880913478","5981.00389282213","6645.559880913478","no_promo"
"2025-10-29 21:00:00","24","9797.00368188965","8817.303313700684","9797.00368188965","discount_20"
"2025-10-29 22:00:00","17","6975.451778979473","6277.906601081526","6975.451778979473","discount_20"
"2025-10-29 23:00:00","2","1563.0184833269147","1406.7166349942233","1563.0184833269147","discount_10"
"2025-10-30 00:00:00","0","542.0819801350062","487.8737821215056","542.0819801350062","no_promo"
"2025-10-30 01:00:00","7","3949.944228093385","3554.9498052840463","3949.944228093385","free_delivery"
"2025-10-30 02:00:00","10","3007.954118609785","2707.1587067488067","3007.954118609785","free_delivery"
"2025-10-30 03:00:00","5","1829.5346263747556","1646.5811637372801","1829.5346263747556","discount_10"
"2025-10-30 04:00:00","0","0.0","0.0","0.0","no_promo"
"2025-10-30 05:00:00","3","702.8755446889145","632.587990220023","702.8755446889145","discount_20"
"2025-10-30 06:00:00","7","2089.1317129056674","1880.2185416151008","2089.1317129056674","combo_deal"
"2025-10-30 07:00:00","3","749.3913759308882","674.4522383377994","749.3913759308882","no_promo"
"2025-10-30 08:00:00","14","6085.587547786258","5477.028793007633","6085.587547786258","no_promo"
"2025-10-30 09:00:00","6","1738.9476430802272","1565.0528787722044","1738.9476430802272","no_promo"
"2025-10-30 10:00:00","19","8519.832046995003","7667.848842295503","8519.832046995003","discount_20"
"2025-10-30 11:00:00","27","14024.79873737947","12622.318863641523","14024.79873737947","free_delivery"
"2025-10-30 12:00:00","29","12509.079254440949","11258.171328996854","12509.079254440949","discount_20"
"2025-10-30 13:00:00","28","10909.794915275981","9818.815423748383","10909.794915275981","combo_deal"
"2025-10-30 14:00:00","37","13917.817238032276","12526.035514229048","13917.817238032276","discount_20"
"2025-10-30 15:00:00","17","8694.731927765022","7825.25873498852","8694.731927765022","free_delivery"
"2025-10-30 16:00:00","10","5643.733563598041","5079.360207238236","5643.733563598041","combo_deal"
"2025-10-30 17:00:00","16","6380.014615462219","5742.0131539159975","6380.014615462219","discount_10"
"2025-10-30 18:00:00","24","10370.598300015527","9333.538470013975","10370.598300015527","free_delivery"
"2025-10-30 19:00:00","23","11424.331503612453","10281.898353251208","11424.331503612453","discount_10"
"2025-10-30 20:00:00","35","17795.434438769265","16015.89099489234","17795.434438769265","discount_20"
"2025-10-30 21:00:00","34","14737.925314627393","13264.132783164654","14737.925314627393","discount_20"
"2025-10-30 22:00:00","16","6710.2040213079545","6039.183619177159","6710.2040213079545","free_delivery"
"2025-10-30 23:00:00","4","972.9422809773251","875.6480528795927","972.9422809773251","discount_20"
"2025-10-31 00:00:00","1","115.23620073767748","103.71258066390973","115.23620073767748","no_promo"
"2025-10-31 01:00:00","4","762.5907518639829","686.3316766775846","762.5907518639829","no_promo"
"2025-10-31 02:00:00","6","3164.848463767864","2848.3636173910777","3164.848463767864","discount_20"
"2025-10-31 03:00:00","7","2451.7888610059736","2206.6099749053765","2451.7888610059736","no_promo"
"2025-10-31 04:00:00","8","3296.516377371855","2966.8647396346696","3296.516377371855","discount_10"
"2025-10-31 05:00:00","5","1210.8691125168334","1089.7822012651502","1210.8691125168334","discount_10"
"2025-10-31 06:00:00","7","2319.2600793425877","2087.334071408329","2319.2600793425877","discount_10"
"2025-10-31 07:00:00","4","2074.8164442822267","1867.3347998540041","2074.8164442822267","combo_deal"
"2025-10-31 08:00:00","12","5266.175629551761","4739.5580665965845","5266.175629551761","no_promo"
"2025-10-31 09:00:00","21","9629.76173789779","8666.785564108011","9629.76173789779","combo_deal"
"2025-10-31 10:00:00","22","6229.122381335049","5606.210143201544","6229.122381335049","discount_20"
"2025-10-31 11:00:00","25","12431.19312828008","11188.073815452071","12431.19312828008","discount_20"
"2025-10-31 12:00:00","32","13271.991516609152","11944.792364948238","13271.991516609152","combo_deal"
"2025-10-31 13:00:00","32","15032.4389574187","13529.195061676832","15032.4389574187","discount_10"
"2025-10-31 14:00:00","22","5888.994677153299","5300.095209437969","5888.994677153299","no_promo"
"2025-10-31 15:00:00","14","5390.466379263184","4851.419741336866","5390.466379263184","no_promo"
"2025-10-31 16:00:00","15","4503.011188565668","4052.7100697091014","4503.011188565668","discount_10"
"2025-10-31 17:00:00","14","4285.325127844786","3856.7926150603075","4285.325127844786","no_promo"
"2025-10-31 18:00:00","36","12980.117484591725","11682.105736132553","12980.117484591725","discount_20"
"2025-10-31 19:00:00","29","12494.779409305209","11245.301468374688","12494.779409305209","free_delivery"
"2025-10-31 20:00:00","44","21862.584395763046","19676.32595618674","21862.584395763046","discount_10"
"2025-10-31 21:00:00","29","13397.820499100524","12058.038449190472","13397.820499100524","discount_10"
"2025-10-31 22:00:00","16","6008.561607187326","5407.705446468594","6008.561607187326","free_delivery"
"2025-10-31 23:00:00","4","1247.8617858079845","1123.075607227186","1247.8617858079845","discount_10"
"2025-11-01 00:00:00","7","2503.0150611536396","2252.713555038276","2503.0150611536396","no_promo"
"2025-11-01 01:00:00","3","1614.2498947675638","1452.8249052908075","1614.2498947675638","free_delivery"
"2025-11-01 02:00:00","3","2169.7378730135106","1952.7640857121596","2169.7378730135106","free_delivery"
"2025-11-01 03:00:00","5","2407.5457546406747","2166.7911791766073","2407.5457546406747","discount_20"
"2025-11-01 04:00:00","8","2199.6299613481274","1979.6669652133146","2199.6299613481274","combo_deal"
"2025-11-01 05:00:00","9","4503.308849863864","4052.977964877478","4503.308849863864","discount_20"
"2025-11-01 06:00:00","5","3002.104230242953","2701.8938072186575","3002.104230242953","discount_10"
"2025-11-01 07:00:00","6","2309.2712249545543","2078.344102459099","2309.2712249545543","discount_10"
"2025-11-01 08:00:00","23","8974.0971061713","8076.6873955541705","8974.0971061713","discount_10"
"2025-11-01 09:00:00","22","10227.839461489408","9205.055515340468","10227.839461489408","discount_10"
"2025-11-01 10:00:00","25","9236.07071142797","8312.463640285174","9236.07071142797","free_delivery"
"2025-11-01 11:00:00","54","21342.54851973947","19208.293667765523","21342.54851973947","combo_deal"
"2025-11-01 12:00:00","32","14420.832155275108","12978.748939747597","14420.832155275108","no_promo"
"2025-11-01 13:00:00","50","21666.913807773635","19500.22242699627","21666.913807773635","combo_deal"
"2025-11-01 14:00:00","27","11061.923073695893","9955.730766326304","11061.923073695893","no_promo"
"2025-11-01 15:00:00","18","8139.323164229329","7325.390847806397","8139.323164229329","discount_20"
"2025-11-01 16:00:00","28","9343.499192928872","8409.149273635985","9343.499192928872","discount_20"
"2025-11-01 17:00:00","12","4627.546376923244","4164.791739230919","4627.546376923244","no_promo"
"2025-11-01 18:00:00","41","19388.96603484916","17450.069431364245","19388.96603484916","free_delivery"
"2025-11-01 19:00:00","44","23185.793318877793","20867.213986990013","23185.793318877793","discount_20"
"2025-11-01 20:00:00","41","14570.066318117755","13113.05968630598","14570.066318117755","discount_20"
"2025-11-01 21:00:00","32","12542.69080860167","11288.421727741503","12542.69080860167","no_promo"
"2025-11-01 22:00:00","30","10459.688712220342","9413.719840998308","10459.688712220342","discount_20"
"2025-11-01 23:00:00","11","5295.389793367625","4765.850814030863","5295.389793367625","combo_deal"
"2025-11-02 00:00:00","4","1788.0842563342815","1609.2758307008532","1788.0842563342815","discount_20"
"2025-11-02 01:00:00","6","3005.7336450931743","2705.160280583857","3005.7336450931743","free_delivery"
"2025-11-02 02:00:00","8","2784.4634421155374","2506.0170979039835","2784.4634421155374","discount_10"
"2025-11-02 03:00:00","9","2434.028180460682","2190.625362414614","2434.028180460682","combo_deal"
"2025-11-02 04:00:00","7","1917.5072494015226","1725.7565244613704","1917.5072494015226","no_promo"
"2025-11-02 05:00:00","7","3476.9423554320656","3129.248119888859","3476.9423554320656","free_delivery"
"2025-11-02 06:00:00","7","2907.0017591968262","2616.301583277144","2907.0017591968262","combo_deal"
"2025-11-02 07:00:00","7","3992.2258326290194","3593.0032493661174","3992.2258326290194","combo_deal"
"2025-11-02 08:00:00","18","6819.680994422961","6137.712894980665","6819.680994422961","no_promo"
"2025-11-02 09:00:00","25","13079.786355871813","11771.807720284633","13079.786355871813","combo_deal"
"2025-11-02 10:00:00","13","4126.766925248849","3714.0902327239637","4126.766925248849","no_promo"
"2025-11-02 11:00:00","32","13484.71184362377","12136.240659261393","13484.71184362377","discount_20"
"2025-11-02 12:00:00","41","15225.436727133918","13702.893054420527","15225.436727133918","discount_20"
"2025-11-02 13:00:00","44","17291.991267958343","15562.792141162508","17291.991267958343","free_delivery"
"2025-11-02 14:00:00","42","18334.863389964812","16501.37705096833","18334.863389964812","discount_20"
"2025-11-02 15:00:00","13","5500.297065211094","4950.2673586899855","5500.297065211094","no_promo"
"2025-11-02 16:00:00","36","13632.18406026193","12268.965654235737","13632.18406026193","discount_20"
"2025-11-02 17:00:00","13","8943.027767059399","8048.724990353459","8943.027767059399","discount_20"
"2025-11-02 18:00:00","33","15684.830741390488","14116.347667251439","15684.830741390488","free_delivery"
"2025-11-02 19:00:00","50","17326.096338602907","15593.486704742616","17326.096338602907","discount_20"
"2025-11-02 20:00:00","22","9314.062573277348","8382.656315949613","9314.062573277348","no_promo"
"2025-11-02 21:00:00","39","15543.568905753214","13989.212015177893","15543.568905753214","discount_10"
"2025-11-02 22:00:00","19","8303.454580807504","7473.109122726753","8303.454580807504","free_delivery"
"2025-11-02 23:00:00","1","1567.5053346658526","1410.7548011992674","1567.5053346658526","free_delivery"
"2025-11-03 00:00:00","5","1066.8007704451975","960.1206934006777","1066.8007704451975","discount_20"
"2025-11-03 01:00:00","8","1695.501225933317","1525.9511033399854","1695.501225933317","no_promo"
"2025-11-03 02:00:00","2","763.1466563024173","686.8319906721756","763.1466563024173","combo_deal"
"2025-11-03 03:00:00","11","4156.609269557381","3740.9483426016427","4156.609269557381","discount_20"
"2025-11-03 04:00:00","5","1443.2425118091674","1298.9182606282507","1443.2425118091674","discount_20"
"2025-11-03 05:00:00","0","610.9805122133446","549.8824609920101","610.9805122133446","discount_20"
"2025-11-03 06:00:00","8","3819.2675694770733","3437.340812529366","3819.2675694770733","discount_20"
"2025-11-03 07:00:00","2","1117.833383608237","1006.0500452474133","1117.833383608237","no_promo"
"2025-11-03 08:00:00","15","5007.206782260004","4506.486104034004","5007.206782260004","combo_deal"
"2025-11-03 09:00:00","20","7563.0085589067585","6806.707703016083","7563.0085589067585","discount_20"
"2025-11-03 10:00:00","9","3441.508175622449","3097.357358060204","3441.508175622449","discount_10"
"2025-11-03 11:00:00","28","12199.95848816173","10979.962639345558","12199.95848816173","discount_20"
"2025-11-03 12:00:00","32","12993.010379085272","11693.709341176746","12993.010379085272","combo_deal"
"2025-11-03 13:00:00","22","7024.010429485233","6321.609386536709","7024.010429485233","no_promo"
"2025-11-03 14:00:00","20","9147.8288557416","8233.04597016744","9147.8288557416","no_promo"
"2025-11-03 15:00:00","27","10613.896158897305","9552.506543007576","10613.896158897305","discount_20"
"2025-11-03 16:00:00","9","3188.239128372137","2869.4152155349234","3188.239128372137","no_promo"
"2025-11-03 17:00:00","17","6295.263386676208","5665.737048008587","6295.263386676208","combo_deal"
"2025-11-03 18:00:00","20","9949.981787534893","8954.983608781404","9949.981787534893","discount_10"
"2025-11-03 19:00:00","17","6715.930557492831","6044.337501743548","6715.930557492831","discount_10"
"2025-11-03 20:00:00","31","13393.628969196487","12054.266072276838","13393.628969196487","free_delivery"
"2025-11-03 21:00:00","39","15330.951067982822","13797.85596118454","15330.951067982822","discount_20"
"2025-11-03 22:00:00","20","6798.072057174118","6118.264851456706","6798.072057174118","free_delivery"
"2025-11-03 23:00:00","0","954.6660405433048","859.1994364889744","954.6660405433048","no_promo"
"2025-11-04 00:00:00","3","2760.33161308104","2484.298451772936","2760.33161308104","discount_10"
"2025-11-04 01:00:00","4","2091.5306726969948","1882.3776054272953","2091.5306726969948","combo_deal"
"2025-11-04 02:00:00","6","2676.7605542608794","2409.0844988347917","2676.7605542608794","no_promo"
"2025-11-04 03:00:00","4","2856.4874584659815","2570.8387126193834","2856.4874584659815","combo_deal"
"2025-11-04 04:00:00","2","1288.2336032747626","1159.4102429472864","1288.2336032747626","discount_20"
"2025-11-04 05:00:00","7","1505.5240560333968","1354.9716504300573","1505.5240560333968","discount_10"
"2025-11-04 06:00:00","6","1227.232695455931","1104.509425910338","1227.232695455931","discount_20"
"2025-11-04 07:00:00","5","1994.452139292263","1795.0069253630368","1994.452139292263","discount_20"
"2025-11-04 08:00:00","15","6624.285064588498","5961.856558129649","6624.285064588498","discount_10"
"2025-11-04 09:00:00","18","7705.047971518642","6934.543174366778","7705.047971518642","free_delivery"
"2025-11-04 10:00:00","12","5851.890040987516","5266.701036888764","5851.890040987516","free_delivery"
"2025-11-04 11:00:00","30","12466.061754322263","11219.455578890038","12466.061754322263","free_delivery"
"2025-11-04 12:00:00","34","13494.498536802403","12145.048683122162","13494.498536802403","combo_deal"
"2025-11-04 13:00:00","32","11236.503190060448","10112.852871054403","11236.503190060448","discount_10"
"2025-11-04 14:00:00","27","13893.429150030617","12504.086235027557","13893.429150030617","discount_20"
"2025-11-04 15:00:00","26","11093.801464596178","9984.42131813656","11093.801464596178","combo_deal"
"2025-11-04 16:00:00","15","8099.642166990592","7289.677950291533","8099.642166990592","free_delivery"
"2025-11-04 17:00:00","21","7506.308430312867","6755.677587281581","7506.308430312867","free_delivery"
"2025-11-04 18:00:00","42","15791.631372120914","14212.468234908822","15791.631372120914","combo_deal"
"2025-11-04 19:00:00","26","13226.817533708843","11904.13578033796","13226.817533708843","free_delivery"
"2025-11-04 20:00:00","40","15164.964014266709","13648.467612840039","15164.964014266709","discount_20"
"2025-11-04 21:00:00","25","8079.05894384238","7271.153049458142","8079.05894384238","free_delivery"
"2025-11-04 22:00:00","11","5480.740578967179","4932.666521070461","5480.740578967179","no_promo"
"2025-11-04 23:00:00","6","2153.600126133911","1938.24011352052","2153.600126133911","discount_10"
"2025-11-05 00:00:00","6","2220.3704243129864","1998.3333818816877","2220.3704243129864","combo_deal"
"2025-11-05 01:00:00","5","1578.8124140803463","1420.9311726723117","1578.8124140803463","discount_20"
"2025-11-05 02:00:00","6","1605.9865848132863","1445.3879263319577","1605.9865848132863","discount_10"
"2025-11-05 03:00:00","6","1545.8249165751347","1391.2424249176213","1545.8249165751347","discount_10"
"2025-11-05 04:00:00","3","1156.3137257727467","1040.6823531954722","1156.3137257727467","no_promo"
"2025-11-05 05:00:00","10","2852.194188562192","2566.974769705973","2852.194188562192","discount_20"
"2025-11-05 06:00:00","4","1729.0721971920304","1556.1649774728273","1729.0721971920304","discount_10"
"2025-11-05 07:00:00","3","1625.6751128551864","1463.1076015696678","1625.6751128551864","no_promo"
"2025-11-05 08:00:00","11","4778.649591478979","4300.784632331081","4778.649591478979","discount_10"
"2025-11-05 09:00:00","10","3779.868967672535","3401.8820709052816","3779.868967672535","discount_10"
"2025-11-05 10:00:00","15","4249.477480552881","3824.529732497593","4249.477480552881","no_promo"
"2025-11-05 11:00:00","31","14335.836130391022","12902.25251735192","14335.836130391022","combo_deal"
"2025-11-05 12:00:00","37","13722.265092756952","12350.038583481257","13722.265092756952","discount_20"
"2025-11-05 13:00:00","29","12700.658630231059","11430.592767207952","12700.658630231059","combo_deal"
"2025-11-05 14:00:00","28","13226.576348451228","11903.918713606106","13226.576348451228","discount_10"
"2025-11-05 15:00:00","12","4721.801325779389","4249.62119320145","4721.801325779389","discount_10"
"2025-11-05 16:00:00","14","7176.432557386452","6458.7893016478065","7176.432557386452","combo_deal"
"2025-11-05 17:00:00","12","6405.63930276138","5765.075372485242","6405.63930276138","free_delivery"
"2025-11-05 18:00:00","13","5429.183553143583","4886.265197829224","5429.183553143583","discount_10"
"2025-11-05 19:00:00","23","10353.851559737777","9318.466403764","10353.851559737777","no_promo"
"2025-11-05 20:00:00","31","13547.315639655602","12192.584075690042","13547.315639655602","free_delivery"
"2025-11-05 21:00:00","35","12882.247580097455","11594.02282208771","12882.247580097455","discount_20"
"2025-11-05 22:00:00","18","7995.0077873613345","7195.507008625201","7995.0077873613345","combo_deal"
"2025-11-05 23:00:00","6","2238.409554894858","2014.5685994053722","2238.409554894858","no_promo"
"2025-11-06 00:00:00","4","1421.7060654143734","1279.535458872936","1421.7060654143734","discount_20"
"2025-11-06 01:00:00","1","442.4598478339826","398.2138630505844","442.4598478339826","combo_deal"
"2025-11-06 02:00:00","6","2093.566189499902","1884.2095705499119","2093.566189499902","combo_deal"
"2025-11-06 03:00:00","6","3366.3794512966106","3029.7415061669494","3366.3794512966106","discount_20"
"2025-11-06 04:00:00","2","790.3963240495397","711.3566916445857","790.3963240495397","discount_20"
"2025-11-06 05:00:00","4","2577.5063199962296","2319.755687996607","2577.5063199962296","combo_deal"
"2025-11-06 06:00:00","3","747.0673028541855","672.360572568767","747.0673028541855","combo_deal"
"2025-11-06 07:00:00","4","1578.1400939801483","1420.3260845821335","1578.1400939801483","free_delivery"
"2025-11-06 08:00:00","10","4887.532985689658","4398.779687120692","4887.532985689658","free_delivery"
"2025-11-06 09:00:00","15","5995.303329230359","5395.772996307323","5995.303329230359","no_promo"
"2025-11-06 10:00:00","9","2915.56852560961","2624.011673048649","2915.56852560961","no_promo"
"2025-11-06 11:00:00","29","12500.952729906176","11250.857456915559","12500.952729906176","discount_10"
"2025-11-06 12:00:00","29","8908.157933704397","8017.342140333957","8908.157933704397","no_promo"
"2025-11-06 13:00:00","30","12447.316460289489","11202.58481426054","12447.316460289489","discount_20"
"2025-11-06 14:00:00","14","5182.121321450048","4663.909189305043","5182.121321450048","no_promo"
"2025-11-06 15:00:00","22","11657.920757896412","10492.128682106772","11657.920757896412","free_delivery"
"2025-11-06 16:00:00","28","10799.50120894933","9719.551088054397","10799.50120894933","combo_deal"
"2025-11-06 17:00:00","12","6171.729858780691","5554.556872902622","6171.729858780691","combo_deal"
"2025-11-06 18:00:00","35","12715.844606065288","11444.260145458758","12715.844606065288","discount_20"
"2025-11-06 19:00:00","30","13174.31924982672","11856.887324844049","13174.31924982672","free_delivery"
"2025-11-06 20:00:00","18","5344.112608753601","4809.701347878241","5344.112608753601","no_promo"
"2025-11-06 21:00:00","30","13957.31232493994","12561.581092445946","13957.31232493994","combo_deal"
"2025-11-06 22:00:00","25","10990.285693567783","9891.257124211004","10990.285693567783","combo_deal"
"2025-11-06 23:00:00","4","1433.2633666327708","1289.9370299694938","1433.2633666327708","free_delivery"
"2025-11-07 00:00:00","4","2053.7692534742428","1848.3923281268185","2053.7692534742428","free_delivery"
"2025-11-07 01:00:00","4","1341.449773515135","1207.3047961636214","1341.449773515135","combo_deal"
"2025-11-07 02:00:00","12","4658.088106583024","4192.279295924722","4658.088106583024","combo_deal"
"2025-11-07 03:00:00","5","2789.4330312078237","2510.4897280870414","2789.4330312078237","combo_deal"
"2025-11-07 04:00:00","12","4489.26043876978","4040.3343948928023","4489.26043876978","combo_deal"
"2025-11-07 05:00:00","6","2873.5709810071785","2586.2138829064606","2873.5709810071785","combo_deal"
"2025-11-07 06:00:00","3","1954.0374957225406","1758.6337461502865","1954.0374957225406","no_promo"
"2025-11-07 07:00:00","3","764.6054250979412","688.1448825881471","764.6054250979412","no_promo"
"2025-11-07 08:00:00","10","3202.0782902430224","2881.8704612187203","3202.0782902430224","no_promo"
"2025-11-07 09:00:00","17","6876.241569419432","6188.617412477489","6876.241569419432","combo_deal"
"2025-11-07 10:00:00","12","4385.401778341451","3946.861600507306","4385.401778341451","no_promo"
"2025-11-07 11:00:00","36","14171.269294753949","12754.142365278554","14171.269294753949","free_delivery"
"2025-11-07 12:00:00","26","10653.675403514024","9588.307863162621","10653.675403514024","combo_deal"
"2025-11-07 13:00:00","21","10705.531461424689","9634.97831528222","10705.531461424689","free_delivery"
"2025-11-07 14:00:00","36","15003.303186499588","13502.97286784963","15003.303186499588","discount_20"
"2025-11-07 15:00:00","22","10097.357742263646","9087.621968037281","10097.357742263646","combo_deal"
"2025-11-07 16:00:00","17","6638.431553786982","5974.588398408284","6638.431553786982","discount_10"
"2025-11-07 17:00:00","14","5559.596793935999","5003.637114542399","5559.596793935999","discount_20"
"2025-11-07 18:00:00","25","9022.14107138115","8119.9269642430345","9022.14107138115","no_promo"
"2025-11-07 19:00:00","32","12839.9892486048","11555.99032374432","12839.9892486048","free_delivery"
"2025-11-07 20:00:00","45","17868.3060779304","16081.47547013736","17868.3060779304","combo_deal"
"2025-11-07 21:00:00","17","9336.615960561638","8402.954364505475","9336.615960561638","discount_10"
"2025-11-07 22:00:00","15","6141.277800775118","5527.150020697606","6141.277800775118","discount_20"
"2025-11-07 23:00:00","8","2481.6634161332086","2233.497074519888","2481.6634161332086","discount_20"
"2025-11-08 00:00:00","13","6088.38711177956","5479.548400601604","6088.38711177956","free_delivery"
"2025-11-08 01:00:00","8","2571.410920293216","2314.2698282638944","2571.410920293216","no_promo"
"2025-11-08 02:00:00","9","2666.569605736303","2399.9126451626726","2666.569605736303","free_delivery"
"2025-11-08 03:00:00","5","2648.985992269245","2384.0873930423204","2648.985992269245","no_promo"
"2025-11-08 04:00:00","0","927.281954510898","834.5537590598083","927.281954510898","no_promo"
"2025-11-08 05:00:00","1","685.7042210602914","617.1337989542623","685.7042210602914","discount_20"
"2025-11-08 06:00:00","4","1792.9359901954626","1613.6423911759164","1792.9359901954626","discount_20"
"2025-11-08 07:00:00","5","2335.6033816737504","2102.0430435063754","2335.6033816737504","discount_20"
"2025-11-08 08:00:00","27","12213.34599272844","10992.011393455596","12213.34599272844","discount_20"
"2025-11-08 09:00:00","21","10447.920564995857","9403.128508496271","10447.920564995857","discount_20"
"2025-11-08 10:00:00","25","11231.546585353943","10108.39192681855","11231.546585353943","discount_10"
"2025-11-08 11:00:00","45","21872.030844824352","19684.82776034192","21872.030844824352","free_delivery"
"2025-11-08 12:00:00","30","8372.19085959219","7534.971773632971","8372.19085959219","no_promo"
"2025-11-08 13:00:00","43","18362.68609187583","16526.417482688244","18362.68609187583","combo_deal"
"2025-11-08 14:00:00","50","15801.595013795628","14221.435512416065","15801.595013795628","combo_deal"
"2025-11-08 15:00:00","15","6030.411674232305","5427.370506809075","6030.411674232305","free_delivery"
"2025-11-08 16:00:00","27","11369.891575262323","10232.902417736092","11369.891575262323","combo_deal"
"2025-11-08 17:00:00","19","7649.775148970128","6884.797634073115","7649.775148970128","combo_deal"
"2025-11-08 18:00:00","43","20284.148457714222","18255.7336119428","20284.148457714222","discount_20"
"2025-11-08 19:00:00","28","11924.119480284802","10731.707532256321","11924.119480284802","discount_10"
"2025-11-08 20:00:00","34","11258.26510304028","10132.438592736251","11258.26510304028","no_promo"
"2025-11-08 21:00:00","39","12694.950389262565","11425.45535033631","12694.950389262565","discount_20"
"2025-11-08 22:00:00","21","10645.954364341775","9581.358927907597","10645.954364341775","free_delivery"
"2025-11-08 23:00:00","13","5685.328912852551","5116.7960215672965","5685.328912852551","discount_10"
"2025-11-09 00:00:00","7","2191.640494598623","1972.4764451387605","2191.640494598623","discount_20"
"2025-11-09 01:00:00","4","2038.4292465535025","1834.5863218981522","2038.4292465535025","discount_10"
"2025-11-09 02:00:00","9","1800.5671442675696","1620.5104298408125","1800.5671442675696","discount_20"
"2025-11-09 03:00:00","6","1721.2953378560712","1549.1658040704642","1721.2953378560712","combo_deal"
"2025-11-09 04:00:00","5","1589.8357103635767","1430.852139327219","1589.8357103635767","discount_10"
"2025-11-09 05:00:00","9","4389.931509708322","3950.9383587374896","4389.931509708322","combo_deal"
"2025-11-09 06:00:00","4","1215.8555030002772","1094.2699527002494","1215.8555030002772","discount_20"
"2025-11-09 07:00:00","8","2328.8057310563045","2095.925157950674","2328.8057310563045","discount_10"
"2025-11-09 08:00:00","25","11443.199128049435","10298.879215244491","11443.199128049435","combo_deal"
"2025-11-09 09:00:00","19","8393.572972210513","7554.215674989462","8393.572972210513","combo_deal"
"2025-11-09 10:00:00","14","6083.964207639438","5475.567786875495","6083.964207639438","no_promo"
"2025-11-09 11:00:00","44","15899.184817482768","14309.266335734492","15899.184817482768","free_delivery"
"2025-11-09 12:00:00","36","14322.260933392046","12890.034840052842","14322.260933392046","discount_20"
"2025-11-09 13:00:00","40","13005.587253016893","11705.028527715203","13005.587253016893","no_promo"
"2025-11-09 14:00:00","43","21840.180158488318","19656.162142639485","21840.180158488318","free_delivery"
"2025-11-09 15:00:00","23","9314.238706108457","8382.814835497611","9314.238706108457","discount_10"
"2025-11-09 16:00:00","29","14848.737727398171","13363.863954658354","14848.737727398171","free_delivery"
"2025-11-09 17:00:00","22","7699.255143360785","6929.329629024706","7699.255143360785","discount_10"
"2025-11-09 18:00:00","40","18521.09463080807","16668.985167727264","18521.09463080807","free_delivery"
"2025-11-09 19:00:00","34","12143.487124358253","10929.138411922428","12143.487124358253","discount_10"
"2025-11-09 20:00:00","38","14379.086650892114","12941.177985802902","14379.086650892114","combo_deal"
"2025-11-09 21:00:00","34","13857.641584162893","12471.877425746605","13857.641584162893","free_delivery"
"2025-11-09 22:00:00","25","10144.305382026425","9129.874843823784","10144.305382026425","discount_20"
"2025-11-09 23:00:00","7","2181.4733857814076","1963.3260472032669","2181.4733857814076","discount_10"
"2025-11-10 00:00:00","8","2641.347158285587","2377.2124424570284","2641.347158285587","discount_20"
"2025-11-10 01:00:00","8","4579.116188825832","4121.204569943249","4579.116188825832","discount_10"
"2025-11-10 02:00:00","6","3146.539143088126","2831.8852287793134","3146.539143088126","free_delivery"
"2025-11-10 03:00:00","1","288.5102698504081","259.65924286536733","288.5102698504081","discount_20"
"2025-11-10 04:00:00","5","1573.7282678682925","1416.3554410814634","1573.7282678682925","discount_20"
"2025-11-10 05:00:00","4","1346.4890826287037","1211.8401743658335","1346.4890826287037","no_promo"
"2025-11-10 06:00:00","7","1766.2118867765694","1589.5906980989125","1766.2118867765694","combo_deal"
"2025-11-10 07:00:00","6","2278.000311791964","2050.200280612768","2278.000311791964","no_promo"
"2025-11-10 08:00:00","18","4428.607926605078","3985.7471339445706","4428.607926605078","discount_20"
"2025-11-10 09:00:00","21","9778.319510866517","8800.487559779865","9778.319510866517","free_delivery"
"2025-11-10 10:00:00","13","6934.9576623490875","6241.461896114179","6934.9576623490875","discount_20"
"2025-11-10 11:00:00","26","10997.011415178233","9897.31027366041","10997.011415178233","discount_20"
"2025-11-10 12:00:00","32","11549.279264381417","10394.351337943275","11549.279264381417","discount_20"
"2025-11-10 13:00:00","21","9240.086984129404","8316.078285716465","9240.086984129404","discount_10"
"2025-11-10 14:00:00","21","8309.403216861736","7478.462895175562","8309.403216861736","no_promo"
"2025-11-10 15:00:00","13","5223.622319861943","4701.2600878757485","5223.622319861943","discount_10"
"2025-11-10 16:00:00","12","4097.297700360665","3687.5679303245984","4097.297700360665","discount_10"
"2025-11-10 17:00:00","13","4958.275541046181","4462.447986941564","4958.275541046181","no_promo"
"2025-11-10 18:00:00","23","9252.844530384526","8327.560077346074","9252.844530384526","free_delivery"
"2025-11-10 19:00:00","28","9931.5626655604","8938.40639900436","9931.5626655604","discount_10"
"2025-11-10 20:00:00","29","14856.754724552437","13371.079252097194","14856.754724552437","discount_20"
"2025-11-10 21:00:00","23","10414.350514796597","9372.915463316938","10414.350514796597","discount_20"
"2025-11-10 22:00:00","21","9752.025065041798","8776.822558537619","9752.025065041798","combo_deal"
"2025-11-10 23:00:00","2","1726.1392526757086","1553.5253274081379","1726.1392526757086","free_delivery"
"2025-11-11 00:00:00","7","2608.6437897995297","2347.7794108195767","2608.6437897995297","combo_deal"
"2025-11-11 01:00:00","10","3120.134601210646","2808.1211410895817","3120.134601210646","free_delivery"
"2025-11-11 02:00:00","11","4282.410957721654","3854.1698619494887","4282.410957721654","combo_deal"
"2025-11-11 03:00:00","2","862.2386730202992","776.0148057182693","862.2386730202992","free_delivery"
"2025-11-11 04:00:00","2","922.8841621283716","830.5957459155345","922.8841621283716","discount_10"
"2025-11-11 05:00:00","7","2056.219422512167","1850.5974802609503","2056.219422512167","discount_10"
"2025-11-11 06:00:00","2","1689.8616503031185","1520.8754852728066","1689.8616503031185","no_promo"
"2025-11-11 07:00:00","0","736.3554463161615","662.7199016845454","736.3554463161615","no_promo"
"2025-11-11 08:00:00","22","10008.227706779351","9007.404936101417","10008.227706779351","free_delivery"
"2025-11-11 09:00:00","17","8940.52123669551","8046.469113025959","8940.52123669551","discount_10"
"2025-11-11 10:00:00","10","4276.42289284403","3848.780603559627","4276.42289284403","no_promo"
"2025-11-11 11:00:00","25","11174.012924820823","10056.611632338741","11174.012924820823","combo_deal"
"2025-11-11 12:00:00","28","13061.449346927537","11755.304412234784","13061.449346927537","combo_deal"
"2025-11-11 13:00:00","22","8747.900319673705","7873.110287706335","8747.900319673705","no_promo"
"2025-11-11 14:00:00","35","15788.801947711307","14209.921752940176","15788.801947711307","discount_20"
"2025-11-11 15:00:00","17","6951.9661209225205","6256.769508830269","6951.9661209225205","discount_10"
