"timestamp","orders_per_hour","sales_per_hour","subtotal","total","promotion_type"
"2025-09-30 22:00:00","19","9086.401941224256","8177.76174710183","9086.401941224256","discount_20"
"2025-09-30 23:00:00","1","0.0","0.0","0.0","no_promo"
"2025-10-01 00:00:00","7","3087.0606639342654","2778.3545975408388","3087.0606639342654","discount_20"
"2025-10-01 01:00:00","3","2229.5871862206973","2006.6284675986276","2229.5871862206973","discount_10"
"2025-10-01 02:00:00","3","2027.7234249494973","1824.9510824545475","2027.7234249494973","combo_deal"
"2025-10-01 03:00:00","5","2206.6957899275226","1986.0262109347705","2206.6957899275226","discount_20"
"2025-10-01 04:00:00","3","1207.0937858009038","1086.3844072208135","1207.0937858009038","no_promo"
"2025-10-01 05:00:00","0","1493.459994330677","1344.1139948976095","1493.459994330677","free_delivery"
"2025-10-01 06:00:00","1","1106.5810792541588","995.922971328743","1106.5810792541588","free_delivery"
"2025-10-01 07:00:00","2","1569.0223063176743","1412.1200756859068","1569.0223063176743","discount_10"
"2025-10-01 08:00:00","14","4691.728740973141","4222.555866875827","4691.728740973141","no_promo"
"2025-10-01 09:00:00","15","7380.358771686708","6642.322894518037","7380.358771686708","discount_20"
"2025-10-01 10:00:00","10","6759.272418237801","6083.345176414021","6759.272418237801","discount_10"
"2025-10-01 11:00:00","20","8667.34400165209","7800.609601486882","8667.34400165209","free_delivery"
"2025-10-01 12:00:00","28","9341.946358852989","8407.75172296769","9341.946358852989","free_delivery"
"2025-10-01 13:00:00","23","9393.85553427347","8454.469980846125","9393.85553427347","no_promo"
"2025-10-01 14:00:00","26","10230.684519191986","9207.616067272787","10230.684519191986","no_promo"
"2025-10-01 15:00:00","11","2373.2520739119063","2135.926866520716","2373.2520739119063","no_promo"
"2025-10-01 16:00:00","24","10871.478260778635","9784.33043470077","10871.478260778635","discount_20"
"2025-10-01 17:00:00","10","5005.863124429423","4505.27681198648","5005.863124429423","discount_10"
"2025-10-01 18:00:00","13","5937.548384013583","5343.793545612225","5937.548384013583","free_delivery"
"2025-10-01 19:00:00","30","13036.925159013948","11733.232643112553","13036.925159013948","combo_deal"
"2025-10-01 20:00:00","25","11670.282521464782","10503.254269318304","11670.282521464782","free_delivery"
"2025-10-01 21:00:00","32","15415.524178554133","13873.97176069872","15415.524178554133","combo_deal"
"2025-10-01 22:00:00","13","6254.0995598960235","5628.689603906421","6254.0995598960235","combo_deal"
"2025-10-01 23:00:00","6","1910.8770039886977","1719.789303589828","1910.8770039886977","free_delivery"
"2025-10-02 00:00:00","9","3274.1053198501318","2946.6947878651185","3274.1053198501318","discount_10"
"2025-10-02 01:00:00","4","1960.6912741593721","1764.622146743435","1960.6912741593721","combo_deal"
"2025-10-02 02:00:00","0","400.76008703901414","360.68407833511276","400.76008703901414","no_promo"
"2025-10-02 03:00:00","6","3230.4095288992244","2907.368576009302","3230.4095288992244","discount_20"
"2025-10-02 04:00:00","7","3502.100286122586","3151.8902575103275","3502.100286122586","discount_20"
"2025-10-02 05:00:00","2","522.7268462371153","470.45416161340376","522.7268462371153","free_delivery"
"2025-10-02 06:00:00","8","2990.272590892022","2691.2453318028197","2990.272590892022","discount_10"
"2025-10-02 07:00:00","2","646.5188114433686","581.8669302990318","646.5188114433686","no_promo"
"2025-10-02 08:00:00","15","7777.773776890406","6999.996399201365","7777.773776890406","no_promo"
"2025-10-02 09:00:00","12","5966.201724736954","5369.581552263258","5966.201724736954","free_delivery"
"2025-10-02 10:00:00","24","9979.661460329056","8981.69531429615","9979.661460329056","free_delivery"
"2025-10-02 11:00:00","25","9252.98463193341","8327.686168740069","9252.98463193341","free_delivery"
"2025-10-02 12:00:00","27","11680.133907100782","10512.120516390705","11680.133907100782","discount_10"
"2025-10-02 13:00:00","31","11621.809190645701","10459.628271581132","11621.809190645701","no_promo"
"2025-10-02 14:00:00","29","11627.3043634204","10464.573927078362","11627.3043634204","free_delivery"
"2025-10-02 15:00:00","12","5420.363905767747","4878.327515190973","5420.363905767747","discount_10"
"2025-10-02 16:00:00","20","8284.195707662177","7455.776136895959","8284.195707662177","combo_deal"
"2025-10-02 17:00:00","19","6634.819897893125","5971.337908103813","6634.819897893125","free_delivery"
"2025-10-02 18:00:00","25","9395.324901649366","8455.79241148443","9395.324901649366","discount_10"
"2025-10-02 19:00:00","33","12195.745055238449","10976.170549714605","12195.745055238449","combo_deal"
"2025-10-02 20:00:00","26","10255.635156275492","9230.071640647942","10255.635156275492","free_delivery"
"2025-10-02 21:00:00","38","18783.158360241145","16904.84252421703","18783.158360241145","free_delivery"
"2025-10-02 22:00:00","14","7422.759829576574","6680.483846618917","7422.759829576574","combo_deal"
"2025-10-02 23:00:00","4","1402.267860166927","1262.0410741502344","1402.267860166927","combo_deal"
"2025-10-03 00:00:00","0","430.3575421971727","387.3217879774554","430.3575421971727","free_delivery"
"2025-10-03 01:00:00","8","3435.0633748883893","3091.5570373995506","3435.0633748883893","combo_deal"
"2025-10-03 02:00:00","0","891.5013623622942","802.3512261260648","891.5013623622942","combo_deal"
"2025-10-03 03:00:00","7","2817.959748856274","2536.1637739706466","2817.959748856274","discount_10"
"2025-10-03 04:00:00","6","1274.633100386321","1147.169790347689","1274.633100386321","no_promo"
"2025-10-03 05:00:00","4","729.9668024662213","656.9701222195993","729.9668024662213","combo_deal"
"2025-10-03 06:00:00","6","2007.799212742631","1807.019291468368","2007.799212742631","combo_deal"
"2025-10-03 07:00:00","3","1259.5836644647197","1133.6252980182478","1259.5836644647197","free_delivery"
"2025-10-03 08:00:00","18","5900.548452246067","5310.493607021461","5900.548452246067","no_promo"
"2025-10-03 09:00:00","15","7809.38510760989","7028.446596848901","7809.38510760989","discount_20"
"2025-10-03 10:00:00","8","3215.7800537025905","2894.2020483323317","3215.7800537025905","no_promo"
"2025-10-03 11:00:00","29","11707.714029450493","10536.942626505444","11707.714029450493","discount_10"
"2025-10-03 12:00:00","35","14373.241682356931","12935.917514121238","14373.241682356931","discount_20"
"2025-10-03 13:00:00","19","9376.819730862588","8439.137757776329","9376.819730862588","discount_10"
"2025-10-03 14:00:00","23","10323.435984659101","9291.092386193191","10323.435984659101","free_delivery"
"2025-10-03 15:00:00","15","7127.251406783248","6414.526266104924","7127.251406783248","combo_deal"
"2025-10-03 16:00:00","17","6678.879241192777","6010.9913170735","6678.879241192777","combo_deal"
"2025-10-03 17:00:00","12","4708.286370183858","4237.457733165472","4708.286370183858","no_promo"
"2025-10-03 18:00:00","25","8962.30800123232","8066.0772011090885","8962.30800123232","no_promo"
"2025-10-03 19:00:00","27","12285.764686134899","11057.188217521409","12285.764686134899","free_delivery"
"2025-10-03 20:00:00","19","7991.555299236013","7192.399769312411","7991.555299236013","discount_10"
"2025-10-03 21:00:00","26","8710.679091037484","7839.611181933736","8710.679091037484","discount_10"
"2025-10-03 22:00:00","14","6460.309656971081","5814.278691273973","6460.309656971081","no_promo"
"2025-10-03 23:00:00","7","2248.9911378805527","2024.0920240924975","2248.9911378805527","discount_10"
"2025-10-04 00:00:00","6","1321.5544981709384","1189.3990483538446","1321.5544981709384","combo_deal"
"2025-10-04 01:00:00","3","2015.8905664276426","1814.3015097848784","2015.8905664276426","no_promo"
"2025-10-04 02:00:00","4","2643.986835088911","2379.58815158002","2643.986835088911","discount_10"
"2025-10-04 03:00:00","2","1307.5649875153588","1176.8084887638229","1307.5649875153588","free_delivery"
"2025-10-04 04:00:00","2","1921.570151767362","1729.4131365906258","1921.570151767362","combo_deal"
"2025-10-04 05:00:00","5","1821.2253563656602","1639.1028207290942","1821.2253563656602","discount_20"
"2025-10-04 06:00:00","8","3360.141554225989","3024.12739880339","3360.141554225989","discount_20"
"2025-10-04 07:00:00","1","1134.508491373643","1021.0576422362788","1134.508491373643","no_promo"
"2025-10-04 08:00:00","21","7452.063869962836","6706.857482966553","7452.063869962836","discount_10"
"2025-10-04 09:00:00","16","5651.495133636265","5086.345620272638","5651.495133636265","no_promo"
"2025-10-04 10:00:00","18","7843.265436657399","7058.9388929916595","7843.265436657399","discount_10"
"2025-10-04 11:00:00","23","8638.221412434606","7774.399271191146","8638.221412434606","free_delivery"
"2025-10-04 12:00:00","34","14468.117459953262","13021.305713957936","14468.117459953262","discount_10"
"2025-10-04 13:00:00","42","17521.35005296876","15769.215047671883","17521.35005296876","discount_20"
"2025-10-04 14:00:00","36","15469.787484122491","13922.808735710243","15469.787484122491","combo_deal"
"2025-10-04 15:00:00","19","7560.303704031607","6804.273333628446","7560.303704031607","discount_10"
"2025-10-04 16:00:00","20","6833.516854685732","6150.165169217159","6833.516854685732","no_promo"
"2025-10-04 17:00:00","16","5863.439372578265","5277.095435320439","5863.439372578265","no_promo"
"2025-10-04 18:00:00","38","14198.545802401008","12778.691222160907","14198.545802401008","free_delivery"
"2025-10-04 19:00:00","59","25692.015517618962","23122.813965857065","25692.015517618962","discount_20"
"2025-10-04 20:00:00","49","18778.124965484985","16900.31246893649","18778.124965484985","combo_deal"
"2025-10-04 21:00:00","50","17237.550240292403","15513.795216263163","17237.550240292403","combo_deal"
"2025-10-04 22:00:00","22","8298.48143927268","7468.633295345412","8298.48143927268","discount_10"
"2025-10-04 23:00:00","7","2658.6935512191885","2392.8241960972696","2658.6935512191885","discount_20"
"2025-10-05 00:00:00","3","1865.7122227678074","1679.1410004910267","1865.7122227678074","discount_20"
"2025-10-05 01:00:00","5","2369.2014702974275","2132.281323267685","2369.2014702974275","discount_20"
"2025-10-05 02:00:00","10","2654.3227952969155","2388.890515767224","2654.3227952969155","discount_20"
"2025-10-05 03:00:00","10","4089.6473238223352","3680.682591440102","4089.6473238223352","combo_deal"
"2025-10-05 04:00:00","10","2748.8065820156635","2473.925923814097","2748.8065820156635","free_delivery"
"2025-10-05 05:00:00","12","3750.2061847040354","3375.185566233632","3750.2061847040354","discount_10"
"2025-10-05 06:00:00","6","2715.3690079214794","2443.8321071293317","2715.3690079214794","discount_20"
"2025-10-05 07:00:00","6","1809.7070574180686","1628.7363516762618","1809.7070574180686","no_promo"
"2025-10-05 08:00:00","14","4667.125587061344","4200.4130283552095","4667.125587061344","no_promo"
"2025-10-05 09:00:00","19","8910.00795187903","8019.007156691127","8910.00795187903","free_delivery"
"2025-10-05 10:00:00","27","10960.192763175548","9864.173486857993","10960.192763175548","no_promo"
"2025-10-05 11:00:00","31","12756.847726372138","11481.162953734924","12756.847726372138","combo_deal"
"2025-10-05 12:00:00","35","15396.865063483925","13857.178557135532","15396.865063483925","discount_20"
"2025-10-05 13:00:00","40","12606.671232095743","11346.004108886169","12606.671232095743","free_delivery"
"2025-10-05 14:00:00","52","26208.98464072425","23588.08617665183","26208.98464072425","combo_deal"
"2025-10-05 15:00:00","21","8306.629749105346","7475.966774194812","8306.629749105346","discount_10"
"2025-10-05 16:00:00","19","7734.043141914467","6960.638827723021","7734.043141914467","no_promo"
"2025-10-05 17:00:00","14","7958.136620735574","7162.322958662016","7958.136620735574","free_delivery"
"2025-10-05 18:00:00","36","15539.774184419406","13985.796765977466","15539.774184419406","discount_10"
"2025-10-05 19:00:00","32","10583.292646365173","9524.963381728656","10583.292646365173","no_promo"
"2025-10-05 20:00:00","57","24113.783787870947","21702.405409083854","24113.783787870947","combo_deal"
"2025-10-05 21:00:00","31","15000.506554119884","13500.455898707896","15000.506554119884","discount_10"
"2025-10-05 22:00:00","23","12442.67967571916","11198.411708147245","12442.67967571916","free_delivery"
"2025-10-05 23:00:00","1","1310.6105871310936","1179.5495284179842","1310.6105871310936","no_promo"
"2025-10-06 00:00:00","2","1595.7302785230959","1436.1572506707864","1595.7302785230959","discount_10"
"2025-10-06 01:00:00","6","2245.2262861935133","2020.703657574162","2245.2262861935133","discount_10"
"2025-10-06 02:00:00","4","1416.3336990245912","1274.7003291221322","1416.3336990245912","discount_20"
"2025-10-06 03:00:00","5","2309.797038487257","2078.8173346385315","2309.797038487257","discount_10"
"2025-10-06 04:00:00","2","260.6225857047609","234.56032713428485","260.6225857047609","discount_20"
"2025-10-06 05:00:00","5","1320.312650229414","1188.2813852064726","1320.312650229414","combo_deal"
"2025-10-06 06:00:00","6","3781.5939258321055","3403.434533248895","3781.5939258321055","combo_deal"
"2025-10-06 07:00:00","9","2684.3679911883874","2415.9311920695486","2684.3679911883874","free_delivery"
"2025-10-06 08:00:00","14","7349.970193411131","6614.973174070018","7349.970193411131","discount_20"
"2025-10-06 09:00:00","18","6907.349886066613","6216.614897459952","6907.349886066613","free_delivery"
"2025-10-06 10:00:00","9","5075.080906612168","4567.572815950952","5075.080906612168","discount_20"
"2025-10-06 11:00:00","28","11119.979421717797","10007.981479546017","11119.979421717797","no_promo"
"2025-10-06 12:00:00","33","13466.644728138455","12119.98025532461","13466.644728138455","free_delivery"
"2025-10-06 13:00:00","33","12681.29458123866","11413.165123114795","12681.29458123866","discount_10"
"2025-10-06 14:00:00","23","11774.726479981095","10597.253831982986","11774.726479981095","discount_20"
"2025-10-06 15:00:00","29","12434.890418229299","11191.40137640637","12434.890418229299","combo_deal"
"2025-10-06 16:00:00","12","5529.435038371814","4976.491534534633","5529.435038371814","discount_20"
"2025-10-06 17:00:00","24","9135.204636529332","8221.6841728764","9135.204636529332","discount_10"
"2025-10-06 18:00:00","21","5770.603529365586","5193.543176429028","5770.603529365586","no_promo"
"2025-10-06 19:00:00","29","10656.589817806029","9590.930836025425","10656.589817806029","free_delivery"
"2025-10-06 20:00:00","37","15036.96079688882","13533.264717199938","15036.96079688882","combo_deal"
"2025-10-06 21:00:00","24","9945.067744498892","8950.560970049004","9945.067744498892","free_delivery"
"2025-10-06 22:00:00","17","6425.426345222901","5782.883710700611","6425.426345222901","combo_deal"
"2025-10-06 23:00:00","9","2699.3391334925004","2429.4052201432505","2699.3391334925004","discount_20"
"2025-10-07 00:00:00","3","289.41399747574764","260.4725977281729","289.41399747574764","discount_20"
"2025-10-07 01:00:00","9","2698.0895008905745","2428.280550801517","2698.0895008905745","free_delivery"
"2025-10-07 02:00:00","0","0.0","0.0","0.0","no_promo"
"2025-10-07 03:00:00","10","2777.4722461138786","2499.7250215024906","2777.4722461138786","combo_deal"
"2025-10-07 04:00:00","0","409.75692103528644","368.7812289317578","409.75692103528644","no_promo"
"2025-10-07 05:00:00","2","824.2415048240988","741.8173543416889","824.2415048240988","discount_20"
"2025-10-07 06:00:00","7","2278.771371461265","2050.8942343151384","2278.771371461265","no_promo"
"2025-10-07 07:00:00","5","2325.6379620805355","2093.074165872482","2325.6379620805355","free_delivery"
"2025-10-07 08:00:00","12","3245.847978357966","2921.2631805221695","3245.847978357966","no_promo"
"2025-10-07 09:00:00","14","5066.722418911053","4560.050177019948","5066.722418911053","free_delivery"
"2025-10-07 10:00:00","18","6927.565453320515","6234.808907988464","6927.565453320515","combo_deal"
"2025-10-07 11:00:00","28","12454.42105021121","11208.978945190089","12454.42105021121","free_delivery"
"2025-10-07 12:00:00","26","13027.812543282096","11725.031288953887","13027.812543282096","discount_20"
"2025-10-07 13:00:00","35","13864.617949553623","12478.156154598262","13864.617949553623","free_delivery"
"2025-10-07 14:00:00","27","12138.917895346789","10925.02610581211","12138.917895346789","free_delivery"
"2025-10-07 15:00:00","13","5854.477767999801","5269.029991199821","5854.477767999801","discount_10"
"2025-10-07 16:00:00","13","5554.988901143219","4999.490011028897","5554.988901143219","discount_10"
"2025-10-07 17:00:00","9","3633.9537488648166","3270.558373978335","3633.9537488648166","discount_10"
"2025-10-07 18:00:00","18","7298.597024144735","6568.737321730261","7298.597024144735","no_promo"
"2025-10-07 19:00:00","27","13615.482478220754","12253.93423039868","13615.482478220754","free_delivery"
"2025-10-07 20:00:00","28","11890.82214099109","10701.73992689198","11890.82214099109","discount_20"
"2025-10-07 21:00:00","26","12305.150122479397","11074.635110231458","12305.150122479397","discount_10"
"2025-10-07 22:00:00","12","4813.689151284509","4332.320236156058","4813.689151284509","free_delivery"
"2025-10-07 23:00:00","9","3138.1851001638383","2824.3665901474546","3138.1851001638383","combo_deal"
"2025-10-08 00:00:00","1","405.85233972897424","365.26710575607683","405.85233972897424","free_delivery"
"2025-10-08 01:00:00","8","2569.753210045389","2312.7778890408504","2569.753210045389","discount_10"
"2025-10-08 02:00:00","3","2237.7051923178014","2013.9346730860213","2237.7051923178014","discount_20"
"2025-10-08 03:00:00","4","594.083138016874","534.6748242151866","594.083138016874","discount_10"
"2025-10-08 04:00:00","8","4183.075822491217","3764.7682402420955","4183.075822491217","free_delivery"
"2025-10-08 05:00:00","3","2123.953515041386","1911.5581635372473","2123.953515041386","no_promo"
"2025-10-08 06:00:00","3","2199.0435457626336","1979.1391911863702","2199.0435457626336","discount_10"
"2025-10-08 07:00:00","8","2599.4934024268173","2339.544062184136","2599.4934024268173","free_delivery"
"2025-10-08 08:00:00","10","4804.727471237883","4324.254724114095","4804.727471237883","free_delivery"
"2025-10-08 09:00:00","18","6618.411861115784","5956.570675004205","6618.411861115784","combo_deal"
"2025-10-08 10:00:00","14","6029.136999007279","5426.223299106551","6029.136999007279","free_delivery"
"2025-10-08 11:00:00","17","8400.379077327014","7560.341169594312","8400.379077327014","combo_deal"
"2025-10-08 12:00:00","26","8748.348052902733","7873.51324761246","8748.348052902733","discount_10"
"2025-10-08 13:00:00","21","8813.517918793892","7932.166126914503","8813.517918793892","no_promo"
"2025-10-08 14:00:00","33","14028.18398841631","12625.365589574678","14028.18398841631","discount_20"
"2025-10-08 15:00:00","16","7111.911135103627","6400.720021593264","7111.911135103627","free_delivery"
"2025-10-08 16:00:00","17","7664.892355209292","6898.4031196883625","7664.892355209292","no_promo"
"2025-10-08 17:00:00","13","5366.972466290779","4830.275219661701","5366.972466290779","free_delivery"
"2025-10-08 18:00:00","18","8896.886093917123","8007.197484525411","8896.886093917123","discount_10"
"2025-10-08 19:00:00","24","10205.212846045379","9184.69156144084","10205.212846045379","discount_10"
"2025-10-08 20:00:00","19","8389.531312265093","7550.578181038584","8389.531312265093","no_promo"
"2025-10-08 21:00:00","20","8619.707706716315","7757.736936044684","8619.707706716315","discount_10"
"2025-10-08 22:00:00","22","9980.446599212923","8982.40193929163","9980.446599212923","free_delivery"
"2025-10-08 23:00:00","7","3988.9869054966066","3590.088214946946","3988.9869054966066","discount_10"
"2025-10-09 00:00:00","3","505.8176281712328","455.23586535410954","505.8176281712328","no_promo"
"2025-10-09 01:00:00","8","2638.308649501825","2374.477784551643","2638.308649501825","free_delivery"
"2025-10-09 02:00:00","8","2629.0347827564137","2366.1313044807725","2629.0347827564137","discount_20"
"2025-10-09 03:00:00","6","2770.14421475945","2493.129793283505","2770.14421475945","combo_deal"
"2025-10-09 04:00:00","2","1336.5488558116863","1202.8939702305177","1336.5488558116863","free_delivery"
"2025-10-09 05:00:00","4","1196.4694532135902","1076.8225078922312","1196.4694532135902","free_delivery"
"2025-10-09 06:00:00","2","1635.8635244685042","1472.2771720216538","1635.8635244685042","no_promo"
"2025-10-09 07:00:00","0","639.3273332172806","575.3945998955526","639.3273332172806","free_delivery"
"2025-10-09 08:00:00","18","7734.284373589445","6960.8559362305","7734.284373589445","combo_deal"
"2025-10-09 09:00:00","10","4694.26956017618","4224.842604158562","4694.26956017618","no_promo"
"2025-10-09 10:00:00","5","2239.6876424692864","2015.7188782223577","2239.6876424692864","no_promo"
"2025-10-09 11:00:00","27","11797.41197378505","10617.670776406545","11797.41197378505","free_delivery"
"2025-10-09 12:00:00","25","7810.30632418269","7029.275691764421","7810.30632418269","no_promo"
"2025-10-09 13:00:00","27","15112.404920688887","13601.164428619999","15112.404920688887","combo_deal"
"2025-10-09 14:00:00","30","14284.25271267246","12855.827441405214","14284.25271267246","combo_deal"
"2025-10-09 15:00:00","14","5460.677332676091","4914.609599408483","5460.677332676091","discount_10"
"2025-10-09 16:00:00","12","4358.57073385157","3922.7136604664133","4358.57073385157","discount_10"
"2025-10-09 17:00:00","13","4600.594631110152","4140.535167999136","4600.594631110152","no_promo"
"2025-10-09 18:00:00","29","12142.71784017118","10928.446056154064","12142.71784017118","free_delivery"
"2025-10-09 19:00:00","41","18603.202557559656","16742.882301803693","18603.202557559656","combo_deal"
"2025-10-09 20:00:00","33","16322.475740714257","14690.228166642832","16322.475740714257","discount_20"
"2025-10-09 21:00:00","34","14664.213135613089","13197.79182205178","14664.213135613089","free_delivery"
"2025-10-09 22:00:00","11","3019.1389985864375","2717.225098727794","3019.1389985864375","discount_10"
"2025-10-09 23:00:00","10","2850.99699924669","2565.897299322021","2850.99699924669","combo_deal"
"2025-10-10 00:00:00","0","894.7449195292296","805.2704275763067","894.7449195292296","discount_20"
"2025-10-10 01:00:00","0","944.4111181228781","849.9700063105903","944.4111181228781","discount_10"
"2025-10-10 02:00:00","5","2344.4482498154916","2110.0034248339425","2344.4482498154916","no_promo"
"2025-10-10 03:00:00","7","2545.7316559031933","2291.158490312874","2545.7316559031933","free_delivery"
"2025-10-10 04:00:00","4","980.7451018428055","882.670591658525","980.7451018428055","no_promo"
"2025-10-10 05:00:00","8","3441.356559767211","3097.22090379049","3441.356559767211","combo_deal"
"2025-10-10 06:00:00","4","2460.792441868955","2214.7131976820597","2460.792441868955","combo_deal"
"2025-10-10 07:00:00","6","1336.1486537159467","1202.5337883443522","1336.1486537159467","no_promo"
"2025-10-10 08:00:00","13","5939.844481554449","5345.860033399004","5939.844481554449","no_promo"
"2025-10-10 09:00:00","16","6837.213101959835","6153.491791763851","6837.213101959835","free_delivery"
"2025-10-10 10:00:00","22","8126.615239589859","7313.953715630873","8126.615239589859","combo_deal"
"2025-10-10 11:00:00","28","11473.783693948788","10326.405324553909","11473.783693948788","free_delivery"
"2025-10-10 12:00:00","30","11474.040913360335","10326.636822024302","11474.040913360335","combo_deal"
"2025-10-10 13:00:00","24","8125.405871752672","7312.865284577405","8125.405871752672","no_promo"
"2025-10-10 14:00:00","33","13523.40315721219","12171.062841490972","13523.40315721219","free_delivery"
"2025-10-10 15:00:00","12","4481.433876173012","4033.2904885557114","4481.433876173012","discount_10"
"2025-10-10 16:00:00","15","6044.287231625453","5439.8585084629085","6044.287231625453","discount_10"
"2025-10-10 17:00:00","13","6057.447177960229","5451.702460164206","6057.447177960229","combo_deal"
"2025-10-10 18:00:00","38","17752.191345034807","15976.972210531327","17752.191345034807","free_delivery"
"2025-10-10 19:00:00","20","9008.109456219732","8107.29851059776","9008.109456219732","free_delivery"
"2025-10-10 20:00:00","30","9687.134002784438","8718.420602505994","9687.134002784438","discount_10"
"2025-10-10 21:00:00","33","17205.848776701325","15485.263899031193","17205.848776701325","free_delivery"
"2025-10-10 22:00:00","15","5125.519615904504","4612.967654314053","5125.519615904504","discount_10"
"2025-10-10 23:00:00","6","2758.9091768737917","2483.0182591864127","2758.9091768737917","discount_10"
"2025-10-11 00:00:00","8","4021.398032723001","3619.258229450701","4021.398032723001","free_delivery"
"2025-10-11 01:00:00","5","2661.9266609143747","2395.7339948229373","2661.9266609143747","discount_10"
"2025-10-11 02:00:00","9","3077.9257248653885","2770.13315237885","3077.9257248653885","no_promo"
"2025-10-11 03:00:00","7","2618.7635361070616","2356.8871824963553","2618.7635361070616","combo_deal"
"2025-10-11 04:00:00","6","3187.011843411858","2868.3106590706725","3187.011843411858","no_promo"
"2025-10-11 05:00:00","2","1547.3981877468389","1392.658368972155","1547.3981877468389","no_promo"
"2025-10-11 06:00:00","5","2508.5276965529756","2257.6749268976782","2508.5276965529756","discount_10"
"2025-10-11 07:00:00","3","1910.882107118206","1719.7938964063856","1910.882107118206","discount_20"
"2025-10-11 08:00:00","27","11277.070992591005","10149.363893331905","11277.070992591005","combo_deal"
"2025-10-11 09:00:00","20","6638.79184647524","5974.912661827716","6638.79184647524","free_delivery"
"2025-10-11 10:00:00","17","7301.369451307445","6571.232506176701","7301.369451307445","free_delivery"
"2025-10-11 11:00:00","32","15031.5689744761","13528.41207702849","15031.5689744761","discount_10"
"2025-10-11 12:00:00","36","18011.442413138146","16210.298171824332","18011.442413138146","discount_20"
"2025-10-11 13:00:00","41","16285.146134926234","14656.63152143361","16285.146134926234","combo_deal"
"2025-10-11 14:00:00","32","12985.24863376275","11686.723770386476","12985.24863376275","discount_10"
"2025-10-11 15:00:00","28","11771.855548541656","10594.66999368749","11771.855548541656","discount_20"
"2025-10-11 16:00:00","14","4257.565778549583","3831.809200694625","4257.565778549583","no_promo"
"2025-10-11 17:00:00","23","11216.581894441562","10094.923704997407","11216.581894441562","discount_20"
"2025-10-11 18:00:00","37","16390.161291098382","14751.145161988545","16390.161291098382","combo_deal"
"2025-10-11 19:00:00","38","14254.510378876084","12829.059340988477","14254.510378876084","free_delivery"
"2025-10-11 20:00:00","46","20241.42635549519","18217.283719945674","20241.42635549519","free_delivery"
"2025-10-11 21:00:00","42","21842.312217118888","19658.080995407","21842.312217118888","discount_20"
"2025-10-11 22:00:00","12","4575.827929810351","4118.245136829316","4575.827929810351","no_promo"
"2025-10-11 23:00:00","4","1633.020494326192","1469.7184448935727","1633.020494326192","no_promo"
"2025-10-12 00:00:00","10","3455.184055417731","3109.665649875958","3455.184055417731","free_delivery"
"2025-10-12 01:00:00","8","3567.468405742096","3210.721565167886","3567.468405742096","no_promo"
"2025-10-12 02:00:00","9","2394.535726962681","2155.082154266413","2394.535726962681","no_promo"
"2025-10-12 03:00:00","9","2774.0624659316995","2496.65621933853","2774.0624659316995","no_promo"
"2025-10-12 04:00:00","9","3182.6264121704767","2864.363770953429","3182.6264121704767","free_delivery"
"2025-10-12 05:00:00","7","3600.993665910357","3240.8942993193214","3600.993665910357","free_delivery"
"2025-10-12 06:00:00","6","1739.403814787681","1565.463433308913","1739.403814787681","discount_20"
"2025-10-12 07:00:00","5","1509.0259583582786","1358.1233625224506","1509.0259583582786","discount_10"
"2025-10-12 08:00:00","21","7536.605367206648","6782.944830485983","7536.605367206648","no_promo"
"2025-10-12 09:00:00","23","12614.075063467993","11352.667557121194","12614.075063467993","free_delivery"
"2025-10-12 10:00:00","18","8359.383839295086","7523.445455365577","8359.383839295086","discount_10"
"2025-10-12 11:00:00","37","21918.82205901584","19726.939853114258","21918.82205901584","combo_deal"
"2025-10-12 12:00:00","44","16503.30390324584","14852.973512921257","16503.30390324584","discount_20"
"2025-10-12 13:00:00","38","19981.903842350523","17983.71345811547","19981.903842350523","discount_20"
"2025-10-12 14:00:00","45","19290.672200441702","17361.604980397533","19290.672200441702","discount_10"
"2025-10-12 15:00:00","19","8180.325004072452","7362.292503665208","8180.325004072452","free_delivery"
"2025-10-12 16:00:00","26","7457.684795379268","6711.916315841341","7457.684795379268","free_delivery"
"2025-10-12 17:00:00","25","12034.401824202056","10830.96164178185","12034.401824202056","discount_10"
"2025-10-12 18:00:00","60","20501.62382979326","18451.461446813937","20501.62382979326","combo_deal"
"2025-10-12 19:00:00","30","10964.49157198774","9868.042414788966","10964.49157198774","no_promo"
"2025-10-12 20:00:00","48","20231.474591003767","18208.327131903392","20231.474591003767","combo_deal"
"2025-10-12 21:00:00","39","19308.55106425403","17377.695957828626","19308.55106425403","free_delivery"
"2025-10-12 22:00:00","30","11307.854446016714","10177.069001415042","11307.854446016714","free_delivery"
"2025-10-12 23:00:00","5","2903.37919621008","2613.041276589072","2903.37919621008","discount_10"
"2025-10-13 00:00:00","3","339.98655246125645","305.98789721513083","339.98655246125645","no_promo"
"2025-10-13 01:00:00","1","1046.7861454307367","942.1075308876631","1046.7861454307367","combo_deal"
"2025-10-13 02:00:00","6","3489.4210164270194","3140.4789147843176","3489.4210164270194","free_delivery"
"2025-10-13 03:00:00","0","564.8624781697217","508.3762303527496","564.8624781697217","no_promo"
"2025-10-13 04:00:00","6","2576.2633265405293","2318.6369938864764","2576.2633265405293","discount_20"
"2025-10-13 05:00:00","7","2366.2148759578126","2129.5933883620314","2366.2148759578126","discount_20"
"2025-10-13 06:00:00","3","1783.269339532087","1604.9424055788784","1783.269339532087","free_delivery"
"2025-10-13 07:00:00","8","2311.8417643615953","2080.657587925436","2311.8417643615953","free_delivery"
"2025-10-13 08:00:00","12","4369.668621501928","3932.7017593517353","4369.668621501928","free_delivery"
"2025-10-13 09:00:00","18","5617.141155206165","5055.427039685549","5617.141155206165","free_delivery"
"2025-10-13 10:00:00","16","6363.203298280051","5726.882968452046","6363.203298280051","discount_10"
"2025-10-13 11:00:00","35","16793.665321603123","15114.298789442812","16793.665321603123","combo_deal"
"2025-10-13 12:00:00","29","11759.006737745509","10583.106063970958","11759.006737745509","discount_20"
"2025-10-13 13:00:00","24","9452.162200220906","8506.945980198816","9452.162200220906","no_promo"
"2025-10-13 14:00:00","25","12205.510148796595","10984.959133916936","12205.510148796595","discount_20"
"2025-10-13 15:00:00","22","7867.796358662493","7081.016722796244","7867.796358662493","discount_20"
"2025-10-13 16:00:00","12","6012.636204312792","5411.372583881513","6012.636204312792","free_delivery"
"2025-10-13 17:00:00","13","5391.77959127259","4852.601632145331","5391.77959127259","free_delivery"
"2025-10-13 18:00:00","29","12048.587667222104","10843.728900499893","12048.587667222104","combo_deal"
"2025-10-13 19:00:00","33","13422.02236199774","12079.820125797967","13422.02236199774","combo_deal"
"2025-10-13 20:00:00","31","14472.517935083413","13025.266141575072","14472.517935083413","discount_20"
"2025-10-13 21:00:00","21","7003.644344647218","6303.279910182496","7003.644344647218","no_promo"
"2025-10-13 22:00:00","18","7267.2410264958","6540.51692384622","7267.2410264958","combo_deal"
"2025-10-13 23:00:00","5","1373.113216059306","1235.8018944533756","1373.113216059306","no_promo"
"2025-10-14 00:00:00","6","3061.312845539258","2755.1815609853325","3061.312845539258","combo_deal"
"2025-10-14 01:00:00","4","1633.5026762879218","1470.1524086591296","1633.5026762879218","discount_10"
"2025-10-14 02:00:00","4","1382.3325591524972","1244.0993032372476","1382.3325591524972","no_promo"
"2025-10-14 03:00:00","5","2127.2307060245007","1914.5076354220507","2127.2307060245007","no_promo"
"2025-10-14 04:00:00","4","1451.3963667658754","1306.2567300892879","1451.3963667658754","discount_20"
"2025-10-14 05:00:00","3","2462.785338117121","2216.506804305409","2462.785338117121","discount_20"
"2025-10-14 06:00:00","7","4235.658204593587","3812.092384134228","4235.658204593587","combo_deal"
"2025-10-14 07:00:00","2","623.9988366999642","561.5989530299678","623.9988366999642","discount_10"
"2025-10-14 08:00:00","21","8421.48883785978","7579.339954073803","8421.48883785978","combo_deal"
"2025-10-14 09:00:00","16","5523.046747106298","4970.742072395668","5523.046747106298","no_promo"
"2025-10-14 10:00:00","14","7394.030128838353","6654.627115954519","7394.030128838353","discount_10"
"2025-10-14 11:00:00","22","10871.24840909157","9784.123568182413","10871.24840909157","free_delivery"
"2025-10-14 12:00:00","26","7745.739375477833","6971.16543793005","7745.739375477833","no_promo"
"2025-10-14 13:00:00","36","13002.454157985301","11702.20874218677","13002.454157985301","combo_deal"
"2025-10-14 14:00:00","33","16720.604807095217","15048.544326385696","16720.604807095217","free_delivery"
"2025-10-14 15:00:00","12","5373.308389411157","4835.977550470041","5373.308389411157","free_delivery"
"2025-10-14 16:00:00","13","4598.057980620916","4138.252182558825","4598.057980620916","free_delivery"
"2025-10-14 17:00:00","17","6484.874361165023","5836.386925048521","6484.874361165023","free_delivery"
"2025-10-14 18:00:00","25","12504.660147387325","11254.194132648592","12504.660147387325","discount_10"
"2025-10-14 19:00:00","20","6694.127335288537","6024.714601759683","6694.127335288537","no_promo"
"2025-10-14 20:00:00","25","9776.712786245147","8799.041507620632","9776.712786245147","no_promo"
"2025-10-14 21:00:00","40","17597.735648716392","15837.962083844754","17597.735648716392","discount_20"
"2025-10-14 22:00:00","18","5362.386288470563","4826.147659623507","5362.386288470563","free_delivery"
"2025-10-14 23:00:00","10","2687.1512559387866","2418.436130344908","2687.1512559387866","free_delivery"
"2025-10-15 00:00:00","5","3669.251420782371","3302.326278704134","3669.251420782371","discount_10"
"2025-10-15 01:00:00","5","2340.7833450719345","2106.7050105647413","2340.7833450719345","discount_20"
"2025-10-15 02:00:00","5","2542.9966815907987","2288.697013431719","2542.9966815907987","discount_10"
"2025-10-15 03:00:00","12","4550.395188046555","4095.3556692418992","4550.395188046555","free_delivery"
"2025-10-15 04:00:00","4","981.6679697093371","883.5011727384034","981.6679697093371","no_promo"
"2025-10-15 05:00:00","7","2742.092089812903","2467.8828808316125","2742.092089812903","discount_20"
"2025-10-15 06:00:00","5","1384.4854927307515","1246.0369434576764","1384.4854927307515","discount_10"
"2025-10-15 07:00:00","4","1732.649748857008","1559.3847739713074","1732.649748857008","discount_20"
"2025-10-15 08:00:00","18","8082.460924442335","7274.214831998102","8082.460924442335","discount_20"
"2025-10-15 09:00:00","10","4141.478640929332","3727.330776836399","4141.478640929332","no_promo"
"2025-10-15 10:00:00","14","7091.1313872098735","6382.0182484888865","7091.1313872098735","combo_deal"
"2025-10-15 11:00:00","32","14273.014557280825","12845.713101552743","14273.014557280825","discount_20"
"2025-10-15 12:00:00","31","12680.125398835515","11412.112858951963","12680.125398835515","discount_10"
"2025-10-15 13:00:00","25","8551.223396825248","7696.101057142723","8551.223396825248","no_promo"
"2025-10-15 14:00:00","33","16038.055143373751","14434.249629036376","16038.055143373751","free_delivery"
"2025-10-15 15:00:00","15","7761.34073362423","6985.206660261807","7761.34073362423","combo_deal"
"2025-10-15 16:00:00","10","3946.0338031554566","3551.430422839911","3946.0338031554566","no_promo"
"2025-10-15 17:00:00","9","3725.7966853697385","3353.217016832765","3725.7966853697385","no_promo"
"2025-10-15 18:00:00","28","12570.193166745861","11313.173850071275","12570.193166745861","discount_10"
"2025-10-15 19:00:00","24","8667.157012052385","7800.441310847146","8667.157012052385","discount_10"
"2025-10-15 20:00:00","25","8566.861141416379","7710.175027274741","8566.861141416379","no_promo"
"2025-10-15 21:00:00","37","12545.648544190846","11291.083689771762","12545.648544190846","no_promo"
"2025-10-15 22:00:00","25","9943.290635577674","8948.961572019907","9943.290635577674","free_delivery"
"2025-10-15 23:00:00","2","834.2975644182941","750.8678079764647","834.2975644182941","no_promo"
"2025-10-16 00:00:00","6","2528.7883303345434","2275.9094973010892","2528.7883303345434","combo_deal"
"2025-10-16 01:00:00","4","2603.6641102574185","2343.2976992316767","2603.6641102574185","free_delivery"
"2025-10-16 02:00:00","5","1787.1667219200774","1608.4500497280696","1787.1667219200774","discount_10"
"2025-10-16 03:00:00","7","2381.5705427932103","2143.413488513889","2381.5705427932103","discount_20"
"2025-10-16 04:00:00","8","2743.2227664171896","2468.9004897754708","2743.2227664171896","free_delivery"
"2025-10-16 05:00:00","5","1243.1587693560132","1118.842892420412","1243.1587693560132","discount_10"
"2025-10-16 06:00:00","4","1241.9191406467255","1117.727226582053","1241.9191406467255","discount_10"
"2025-10-16 07:00:00","0","168.76388763350792","151.88749887015715","168.76388763350792","discount_10"
"2025-10-16 08:00:00","14","6536.083466040375","5882.475119436338","6536.083466040375","discount_20"
"2025-10-16 09:00:00","17","5730.428558191073","5157.385702371966","5730.428558191073","discount_20"
"2025-10-16 10:00:00","12","4528.353241517728","4075.5179173659553","4528.353241517728","discount_10"
"2025-10-16 11:00:00","36","14596.647614422676","13136.982852980409","14596.647614422676","combo_deal"
"2025-10-16 12:00:00","33","12382.802733002964","11144.522459702668","12382.802733002964","discount_20"
"2025-10-16 13:00:00","42","15172.966318840201","13655.669686956182","15172.966318840201","combo_deal"
"2025-10-16 14:00:00","31","14734.227321866476","13260.804589679828","14734.227321866476","discount_20"
"2025-10-16 15:00:00","15","6714.44432996066","6042.999896964594","6714.44432996066","no_promo"
"2025-10-16 16:00:00","16","5873.626236850232","5286.263613165209","5873.626236850232","discount_10"
"2025-10-16 17:00:00","10","5114.442277384308","4602.9980496458775","5114.442277384308","discount_20"
"2025-10-16 18:00:00","22","8079.938935153015","7271.945041637714","8079.938935153015","discount_10"
"2025-10-16 19:00:00","18","7538.663296661439","6784.796966995295","7538.663296661439","no_promo"
"2025-10-16 20:00:00","26","10800.806087989547","9720.725479190593","10800.806087989547","discount_20"
"2025-10-16 21:00:00","29","12031.4262419408","10828.283617746722","12031.4262419408","discount_10"
"2025-10-16 22:00:00","16","6170.806197571242","5553.725577814118","6170.806197571242","free_delivery"
"2025-10-16 23:00:00","4","495.7593585128772","446.1834226615895","495.7593585128772","discount_20"
"2025-10-17 00:00:00","4","2583.734024404603","2325.360621964143","2583.734024404603","discount_10"
"2025-10-17 01:00:00","4","1978.8134255325003","1780.9320829792503","1978.8134255325003","discount_20"
"2025-10-17 02:00:00","2","754.0739665284899","678.6665698756409","754.0739665284899","no_promo"
"2025-10-17 03:00:00","6","1278.4023537415974","1150.5621183674377","1278.4023537415974","no_promo"
"2025-10-17 04:00:00","3","1563.398047998004","1407.0582431982036","1563.398047998004","discount_10"
"2025-10-17 05:00:00","5","1607.801824270763","1447.021641843687","1607.801824270763","discount_10"
"2025-10-17 06:00:00","4","2356.6940436633745","2121.024639297037","2356.6940436633745","discount_20"
"2025-10-17 07:00:00","9","3090.5977860164617","2781.5380074148156","3090.5977860164617","combo_deal"
"2025-10-17 08:00:00","24","9188.321999202271","8269.489799282044","9188.321999202271","discount_20"
"2025-10-17 09:00:00","14","6233.330220986828","5609.997198888145","6233.330220986828","discount_10"
"2025-10-17 10:00:00","16","6457.261430482673","5811.535287434406","6457.261430482673","combo_deal"
"2025-10-17 11:00:00","15","4094.5067133083276","3685.0560419774947","4094.5067133083276","no_promo"
"2025-10-17 12:00:00","31","11565.615602554692","10409.054042299224","11565.615602554692","combo_deal"
"2025-10-17 13:00:00","23","11437.189890648602","10293.470901583742","11437.189890648602","combo_deal"
"2025-10-17 14:00:00","31","11734.39983452952","10560.959851076568","11734.39983452952","combo_deal"
"2025-10-17 15:00:00","14","6086.357946093714","5477.722151484343","6086.357946093714","free_delivery"
"2025-10-17 16:00:00","16","7248.346130391145","6523.511517352031","7248.346130391145","free_delivery"
"2025-10-17 17:00:00","14","5951.130208178091","5356.017187360282","5951.130208178091","free_delivery"
"2025-10-17 18:00:00","40","17386.67855812739","15648.010702314652","17386.67855812739","discount_20"
"2025-10-17 19:00:00","24","9459.521418619748","8513.569276757773","9459.521418619748","discount_20"
"2025-10-17 20:00:00","26","12294.411911586785","11064.970720428108","12294.411911586785","discount_20"
"2025-10-17 21:00:00","36","11145.203974036183","10030.683576632566","11145.203974036183","combo_deal"
"2025-10-17 22:00:00","13","3922.339348638153","3530.1054137743376","3922.339348638153","discount_10"
"2025-10-17 23:00:00","4","1461.5729939315986","1315.4156945384389","1461.5729939315986","free_delivery"
"2025-10-18 00:00:00","7","3165.247439723111","2848.7226957507996","3165.247439723111","discount_20"
"2025-10-18 01:00:00","9","3573.487475694493","3216.1387281250436","3573.487475694493","free_delivery"
"2025-10-18 02:00:00","5","1906.6612819126078","1715.9951537213472","1906.6612819126078","discount_10"
"2025-10-18 03:00:00","7","2902.440032165673","2612.1960289491058","2902.440032165673","free_delivery"
"2025-10-18 04:00:00","8","2629.1630131886154","2366.246711869754","2629.1630131886154","discount_10"
"2025-10-18 05:00:00","6","2981.454881687761","2683.309393518985","2981.454881687761","discount_10"
"2025-10-18 06:00:00","9","3393.237111344445","3053.913400210001","3393.237111344445","free_delivery"
"2025-10-18 07:00:00","10","2624.0377644124887","2361.63398797124","2624.0377644124887","free_delivery"
"2025-10-18 08:00:00","28","9716.143036232117","8744.528732608906","9716.143036232117","combo_deal"
"2025-10-18 09:00:00","10","2703.7272037540497","2433.354483378645","2703.7272037540497","no_promo"
"2025-10-18 10:00:00","19","6326.167400350482","5693.5506603154345","6326.167400350482","no_promo"
"2025-10-18 11:00:00","53","23875.644758055303","21488.08028224977","23875.644758055303","discount_20"
"2025-10-18 12:00:00","52","24670.279140981303","22203.251226883174","24670.279140981303","combo_deal"
"2025-10-18 13:00:00","40","16271.555210730168","14644.399689657152","16271.555210730168","discount_10"
"2025-10-18 14:00:00","24","10676.08572999441","9608.477156994968","10676.08572999441","discount_10"
"2025-10-18 15:00:00","29","11417.442353907949","10275.698118517153","11417.442353907949","combo_deal"
"2025-10-18 16:00:00","17","5202.77545561084","4682.497910049757","5202.77545561084","free_delivery"
"2025-10-18 17:00:00","33","13734.23063865763","12360.807574791867","13734.23063865763","discount_20"
"2025-10-18 18:00:00","38","14140.111821415489","12726.10063927394","14140.111821415489","discount_10"
"2025-10-18 19:00:00","47","18597.98481187045","16738.186330683406","18597.98481187045","combo_deal"
"2025-10-18 20:00:00","30","12896.25056300364","11606.625506703276","12896.25056300364","discount_10"
"2025-10-18 21:00:00","43","17112.51850095898","15401.266650863083","17112.51850095898","discount_20"
"2025-10-18 22:00:00","20","6757.680956553413","6081.912860898072","6757.680956553413","no_promo"
"2025-10-18 23:00:00","6","2201.26416082075","1981.137744738675","2201.26416082075","discount_10"
"2025-10-19 00:00:00","10","3564.977594121297","3208.4798347091673","3564.977594121297","free_delivery"
"2025-10-19 01:00:00","6","2938.1598141973354","2644.343832777602","2938.1598141973354","free_delivery"
"2025-10-19 02:00:00","4","2784.4735565014134","2506.0262008512723","2784.4735565014134","free_delivery"
"2025-10-19 03:00:00","6","1196.8196414866263","1077.1376773379636","1196.8196414866263","no_promo"
"2025-10-19 04:00:00","8","3775.2864569439234","3397.757811249531","3775.2864569439234","discount_10"
"2025-10-19 05:00:00","2","907.2536276510557","816.5282648859502","907.2536276510557","discount_20"
"2025-10-19 06:00:00","3","914.0028029023972","822.6025226121575","914.0028029023972","discount_10"
"2025-10-19 07:00:00","4","399.21947658776605","359.29752892898944","399.21947658776605","no_promo"
"2025-10-19 08:00:00","17","6053.229768108033","5447.90679129723","6053.229768108033","no_promo"
"2025-10-19 09:00:00","27","10396.404173024588","9356.76375572213","10396.404173024588","free_delivery"
"2025-10-19 10:00:00","22","8287.840595254938","7459.0565357294445","8287.840595254938","free_delivery"
"2025-10-19 11:00:00","51","21697.598488975873","19527.838640078287","21697.598488975873","combo_deal"
"2025-10-19 12:00:00","54","22264.107708116768","20037.696937305092","22264.107708116768","combo_deal"
"2025-10-19 13:00:00","54","23050.75369717241","20745.67832745517","23050.75369717241","combo_deal"
"2025-10-19 14:00:00","37","17218.00110850188","15496.200997651693","17218.00110850188","discount_10"
"2025-10-19 15:00:00","17","4986.560016860044","4487.90401517404","4986.560016860044","no_promo"
"2025-10-19 16:00:00","19","7986.0804379580095","7187.472394162209","7986.0804379580095","discount_20"
"2025-10-19 17:00:00","14","3450.2776519616395","3105.249886765476","3450.2776519616395","no_promo"
"2025-10-19 18:00:00","46","15012.454279470228","13511.208851523206","15012.454279470228","combo_deal"
"2025-10-19 19:00:00","52","20115.265706482973","18103.739135834676","20115.265706482973","combo_deal"
"2025-10-19 20:00:00","27","9984.963736310743","8986.467362679668","9984.963736310743","no_promo"
"2025-10-19 21:00:00","60","23921.060081159336","21528.954073043402","23921.060081159336","combo_deal"
"2025-10-19 22:00:00","27","8629.268936612629","7766.342042951366","8629.268936612629","discount_10"
"2025-10-19 23:00:00","8","4735.759403669428","4262.1834633024855","4735.759403669428","free_delivery"
"2025-10-20 00:00:00","6","2903.856498814667","2613.4708489332","2903.856498814667","combo_deal"
"2025-10-20 01:00:00","7","4231.704605400694","3808.534144860625","4231.704605400694","free_delivery"
"2025-10-20 02:00:00","3","1068.234961083824","961.4114649754415","1068.234961083824","no_promo"
"2025-10-20 03:00:00","6","1647.0976497842871","1482.3878848058584","1647.0976497842871","discount_20"
"2025-10-20 04:00:00","2","1049.5426856487188","944.5884170838469","1049.5426856487188","no_promo"
"2025-10-20 05:00:00","4","2144.528303031096","1930.0754727279866","2144.528303031096","discount_10"
"2025-10-20 06:00:00","3","1964.739463501188","1768.2655171510694","1964.739463501188","no_promo"
"2025-10-20 07:00:00","4","1370.2806724218558","1233.2526051796704","1370.2806724218558","discount_20"
"2025-10-20 08:00:00","18","7071.683508668523","6364.515157801671","7071.683508668523","no_promo"
"2025-10-20 09:00:00","16","7299.309704135727","6569.378733722155","7299.309704135727","discount_20"
"2025-10-20 10:00:00","15","7095.836682196163","6386.253013976547","7095.836682196163","discount_10"
"2025-10-20 11:00:00","34","9819.234541349499","8837.31108721455","9819.234541349499","combo_deal"
"2025-10-20 12:00:00","24","9265.295195354274","8338.765675818848","9265.295195354274","discount_20"
"2025-10-20 13:00:00","41","18857.895486061425","16972.105937455282","18857.895486061425","discount_20"
"2025-10-20 14:00:00","30","14391.786499286265","12952.607849357639","14391.786499286265","combo_deal"
"2025-10-20 15:00:00","15","5173.136237928607","4655.822614135747","5173.136237928607","no_promo"
"2025-10-20 16:00:00","13","6803.403043525985","6123.062739173386","6803.403043525985","free_delivery"
"2025-10-20 17:00:00","19","5370.856651128097","4833.770986015287","5370.856651128097","discount_10"
"2025-10-20 18:00:00","29","11613.72616826451","10452.353551438058","11613.72616826451","discount_10"
"2025-10-20 19:00:00","20","7242.570465287379","6518.313418758641","7242.570465287379","no_promo"
"2025-10-20 20:00:00","26","10369.67417841882","9332.706760576939","10369.67417841882","free_delivery"
"2025-10-20 21:00:00","32","12102.433473885694","10892.190126497126","12102.433473885694","discount_20"
"2025-10-20 22:00:00","15","6431.4878074167755","5788.3390266750985","6431.4878074167755","discount_10"
"2025-10-20 23:00:00","1","516.4387686599335","464.7948917939402","516.4387686599335","free_delivery"
"2025-10-21 00:00:00","3","2328.753400632957","2095.8780605696616","2328.753400632957","combo_deal"
"2025-10-21 01:00:00","7","2662.7688259085617","2396.4919433177056","2662.7688259085617","discount_10"
"2025-10-21 02:00:00","2","1333.9125440851672","1200.5212896766504","1333.9125440851672","no_promo"
"2025-10-21 03:00:00","1","1309.7212852403377","1178.749156716304","1309.7212852403377","no_promo"
"2025-10-21 04:00:00","0","0.0","0.0","0.0","discount_10"
"2025-10-21 05:00:00","0","588.0474299328349","529.2426869395514","588.0474299328349","combo_deal"
"2025-10-21 06:00:00","5","3551.1496143557006","3196.0346529201306","3551.1496143557006","discount_20"
"2025-10-21 07:00:00","6","2413.1953298868907","2171.8757968982018","2413.1953298868907","free_delivery"
"2025-10-21 08:00:00","17","8738.037364546617","7864.233628091955","8738.037364546617","free_delivery"
"2025-10-21 09:00:00","12","4570.978344049677","4113.8805096447095","4570.978344049677","no_promo"
"2025-10-21 10:00:00","20","6493.617491411943","5844.255742270749","6493.617491411943","combo_deal"
"2025-10-21 11:00:00","17","9064.625441887392","8158.162897698653","9064.625441887392","discount_20"
"2025-10-21 12:00:00","35","14547.117129120941","13092.405416208847","14547.117129120941","free_delivery"
"2025-10-21 13:00:00","25","11721.999892038313","10549.799902834482","11721.999892038313","discount_10"
"2025-10-21 14:00:00","22","6860.83748573793","6174.753737164137","6860.83748573793","discount_10"
"2025-10-21 15:00:00","12","6353.4037146993405","5718.063343229406","6353.4037146993405","free_delivery"
"2025-10-21 16:00:00","17","6824.215637048805","6141.7940733439245","6824.215637048805","discount_20"
"2025-10-21 17:00:00","14","5383.322307102053","4844.990076391848","5383.322307102053","discount_10"
"2025-10-21 18:00:00","29","14561.313323789276","13105.181991410349","14561.313323789276","combo_deal"
"2025-10-21 19:00:00","22","9510.485044258918","8559.436539833026","9510.485044258918","free_delivery"
"2025-10-21 20:00:00","18","6251.24167878067","5626.117510902603","6251.24167878067","no_promo"
"2025-10-21 21:00:00","25","10038.243604719622","9034.41924424766","10038.243604719622","no_promo"
"2025-10-21 22:00:00","12","4811.574423911341","4330.416981520207","4811.574423911341","no_promo"
"2025-10-21 23:00:00","1","352.82489287810733","317.5424035902966","352.82489287810733","no_promo"
"2025-10-22 00:00:00","5","1287.2900214157103","1158.5610192741392","1287.2900214157103","no_promo"
"2025-10-22 01:00:00","4","1838.8252362762514","1654.9427126486264","1838.8252362762514","combo_deal"
"2025-10-22 02:00:00","4","2312.0847590575595","2080.876283151804","2312.0847590575595","free_delivery"
"2025-10-22 03:00:00","5","1772.1115724818496","1594.9004152336647","1772.1115724818496","free_delivery"
"2025-10-22 04:00:00","5","1859.744390797015","1673.7699517173137","1859.744390797015","combo_deal"
"2025-10-22 05:00:00","5","3559.189662776177","3203.2706964985596","3559.189662776177","combo_deal"
"2025-10-22 06:00:00","2","536.1722477359104","482.5550229623194","536.1722477359104","discount_20"
"2025-10-22 07:00:00","1","1155.1669738855544","1039.650276496999","1155.1669738855544","combo_deal"
"2025-10-22 08:00:00","17","6458.99499470675","5813.095495236075","6458.99499470675","discount_10"
"2025-10-22 09:00:00","19","8391.505240314957","7552.354716283461","8391.505240314957","discount_10"
"2025-10-22 10:00:00","7","3319.3964805156897","2987.456832464121","3319.3964805156897","no_promo"
"2025-10-22 11:00:00","29","13389.984744397416","12050.986269957675","13389.984744397416","discount_20"
"2025-10-22 12:00:00","31","14928.101050252357","13435.290945227121","14928.101050252357","combo_deal"
"2025-10-22 13:00:00","36","12581.703163837323","11323.53284745359","12581.703163837323","combo_deal"
"2025-10-22 14:00:00","15","5151.456084469062","4636.310476022156","5151.456084469062","no_promo"
"2025-10-22 15:00:00","11","3536.211170179818","3182.5900531618363","3536.211170179818","no_promo"
"2025-10-22 16:00:00","9","4105.061672014534","3694.555504813081","4105.061672014534","no_promo"
"2025-10-22 17:00:00","8","3928.7399212632617","3535.865929136936","3928.7399212632617","free_delivery"
"2025-10-22 18:00:00","29","11134.58682501645","10021.128142514804","11134.58682501645","discount_20"
"2025-10-22 19:00:00","17","6219.824741160192","5597.842267044173","6219.824741160192","no_promo"
"2025-10-22 20:00:00","15","4337.399045231191","3903.659140708072","4337.399045231191","no_promo"
"2025-10-22 21:00:00","27","12516.03091963752","11264.427827673768","12516.03091963752","free_delivery"
"2025-10-22 22:00:00","15","7301.227877772908","6571.105089995617","7301.227877772908","combo_deal"
"2025-10-22 23:00:00","3","1588.5519608277914","1429.6967647450124","1588.5519608277914","no_promo"
"2025-10-23 00:00:00","4","1266.0293366388662","1139.4264029749795","1266.0293366388662","no_promo"
"2025-10-23 01:00:00","4","1678.6270481766437","1510.7643433589794","1678.6270481766437","discount_10"
"2025-10-23 02:00:00","10","4954.847836910298","4459.363053219268","4954.847836910298","combo_deal"
"2025-10-23 03:00:00","4","1893.8286743159742","1704.445806884377","1893.8286743159742","discount_10"
"2025-10-23 04:00:00","8","3070.9231214144233","2763.8308092729812","3070.9231214144233","discount_10"
"2025-10-23 05:00:00","13","5579.949448143534","5021.954503329181","5579.949448143534","free_delivery"
"2025-10-23 06:00:00","7","2346.170629800246","2111.5535668202215","2346.170629800246","discount_20"
"2025-10-23 07:00:00","4","1627.9455348297636","1465.1509813467871","1627.9455348297636","free_delivery"
"2025-10-23 08:00:00","20","9046.697601029273","8142.027840926346","9046.697601029273","combo_deal"
"2025-10-23 09:00:00","9","3073.0291569029905","2765.7262412126915","3073.0291569029905","no_promo"
"2025-10-23 10:00:00","25","12699.481692998062","11429.533523698257","12699.481692998062","free_delivery"
"2025-10-23 11:00:00","29","9773.41262773345","8796.071364960106","9773.41262773345","no_promo"
"2025-10-23 12:00:00","13","5274.333932947438","4746.9005396526945","5274.333932947438","no_promo"
"2025-10-23 13:00:00","15","6554.5992217521925","5899.139299576974","6554.5992217521925","discount_20"
"2025-10-23 14:00:00","28","10111.456017762473","9100.310415986227","10111.456017762473","no_promo"
"2025-10-23 15:00:00","9","3510.745552021002","3159.6709968189016","3510.745552021002","no_promo"
"2025-10-23 16:00:00","14","4885.926782698179","4397.334104428361","4885.926782698179","no_promo"
"2025-10-23 17:00:00","10","4351.098416004122","3915.9885744037097","4351.098416004122","discount_10"
"2025-10-23 18:00:00","31","14272.918500941565","12845.62665084741","14272.918500941565","combo_deal"
"2025-10-23 19:00:00","34","11657.522122206388","10491.76990998575","11657.522122206388","combo_deal"
"2025-10-23 20:00:00","20","7217.4576171568615","6495.711855441175","7217.4576171568615","no_promo"
"2025-10-23 21:00:00","26","12338.93081121612","11105.037730094507","12338.93081121612","combo_deal"
"2025-10-23 22:00:00","11","4926.208405779413","4433.587565201472","4926.208405779413","discount_10"
"2025-10-23 23:00:00","1","1271.5223395089392","1144.3701055580455","1271.5223395089392","discount_10"
"2025-10-24 00:00:00","2","1455.226808711769","1309.7041278405923","1455.226808711769","free_delivery"
"2025-10-24 01:00:00","3","1796.7769008056773","1617.0992107251095","1796.7769008056773","discount_10"
"2025-10-24 02:00:00","0","51.734187229115946","46.560768506204354","51.734187229115946","discount_20"
"2025-10-24 03:00:00","5","1122.0450943500284","1009.8405849150256","1122.0450943500284","no_promo"
"2025-10-24 04:00:00","6","3390.6959264518687","3051.626333806682","3390.6959264518687","combo_deal"
"2025-10-24 05:00:00","8","2972.171603701763","2674.954443331587","2972.171603701763","combo_deal"
"2025-10-24 06:00:00","5","2571.9153651472866","2314.723828632558","2571.9153651472866","combo_deal"
"2025-10-24 07:00:00","5","1851.3304500498666","1666.19740504488","1851.3304500498666","discount_20"
"2025-10-24 08:00:00","18","5600.890897424821","5040.801807682339","5600.890897424821","discount_20"
"2025-10-24 09:00:00","23","9156.814003147392","8241.132602832653","9156.814003147392","discount_20"
"2025-10-24 10:00:00","15","6333.891170165093","5700.502053148584","6333.891170165093","free_delivery"
"2025-10-24 11:00:00","17","8885.148840224","7996.633956201599","8885.148840224","discount_20"
"2025-10-24 12:00:00","29","11397.075273359718","10257.367746023747","11397.075273359718","discount_20"
"2025-10-24 13:00:00","24","11247.31395712964","10122.582561416675","11247.31395712964","discount_20"
"2025-10-24 14:00:00","22","8206.699261989666","7386.0293357907","8206.699261989666","discount_10"
"2025-10-24 15:00:00","16","5489.320777600846","4940.388699840762","5489.320777600846","combo_deal"
"2025-10-24 16:00:00","17","8034.741770676809","7231.267593609128","8034.741770676809","free_delivery"
"2025-10-24 17:00:00","23","7916.415501933547","7124.773951740192","7916.415501933547","discount_20"
"2025-10-24 18:00:00","26","9204.793133053237","8284.313819747915","9204.793133053237","no_promo"
"2025-10-24 19:00:00","27","10846.30203367201","9761.67183030481","10846.30203367201","discount_20"
"2025-10-24 20:00:00","28","12544.256622722394","11289.830960450156","12544.256622722394","discount_10"
"2025-10-24 21:00:00","32","11740.25974564433","10566.233771079898","11740.25974564433","combo_deal"
"2025-10-24 22:00:00","15","6546.479277057627","5891.831349351864","6546.479277057627","combo_deal"
"2025-10-24 23:00:00","1","763.3881006307187","687.0492905676468","763.3881006307187","discount_10"
"2025-10-25 00:00:00","7","2795.122388174799","2515.610149357319","2795.122388174799","free_delivery"
"2025-10-25 01:00:00","3","1747.6504636282455","1572.885417265421","1747.6504636282455","discount_10"
"2025-10-25 02:00:00","3","660.8645807846389","594.7781227061749","660.8645807846389","free_delivery"
"2025-10-25 03:00:00","2","1603.8276816805335","1443.44491351248","1603.8276816805335","discount_10"
"2025-10-25 04:00:00","9","2502.4535045607163","2252.2081541046446","2502.4535045607163","no_promo"
"2025-10-25 05:00:00","11","6499.603213821885","5849.642892439697","6499.603213821885","free_delivery"
"2025-10-25 06:00:00","1","840.4774424153859","756.4296981738473","840.4774424153859","discount_10"
"2025-10-25 07:00:00","8","1968.0253222253182","1771.2227900027865","1968.0253222253182","combo_deal"
"2025-10-25 08:00:00","17","8042.182854142703","7237.964568728433","8042.182854142703","no_promo"
"2025-10-25 09:00:00","17","5958.679393000096","5362.8114537000865","5958.679393000096","no_promo"
"2025-10-25 10:00:00","27","9685.356165153866","8716.82054863848","9685.356165153866","combo_deal"
"2025-10-25 11:00:00","41","14760.588444429559","13284.529599986603","14760.588444429559","no_promo"
"2025-10-25 12:00:00","46","20832.59781564684","18749.338034082157","20832.59781564684","combo_deal"
"2025-10-25 13:00:00","33","14799.44349451798","13319.499145066182","14799.44349451798","discount_10"
"2025-10-25 14:00:00","37","16186.31518688451","14567.68366819606","16186.31518688451","discount_20"
"2025-10-25 15:00:00","26","10813.286383844583","9731.957745460124","10813.286383844583","combo_deal"
"2025-10-25 16:00:00","15","7330.006997023542","6597.006297321188","7330.006997023542","discount_10"
"2025-10-25 17:00:00","25","11722.612230171864","10550.351007154679","11722.612230171864","discount_20"
"2025-10-25 18:00:00","37","14919.527507909834","13427.574757118851","14919.527507909834","discount_20"
"2025-10-25 19:00:00","42","17395.660389006676","15656.094350106008","17395.660389006676","no_promo"
"2025-10-25 20:00:00","33","15272.89365271628","13745.604287444652","15272.89365271628","discount_10"
"2025-10-25 21:00:00","25","8049.672278068161","7244.705050261346","8049.672278068161","no_promo"
"2025-10-25 22:00:00","24","10300.8199437842","9270.73794940578","10300.8199437842","combo_deal"
"2025-10-25 23:00:00","2","1846.3227422934133","1661.690468064072","1846.3227422934133","discount_10"
"2025-10-26 00:00:00","9","3619.0975772864917","3257.1878195578424","3619.0975772864917","discount_20"
"2025-10-26 01:00:00","4","1524.2342867442778","1371.8108580698502","1524.2342867442778","free_delivery"
"2025-10-26 02:00:00","10","2850.8349561760656","2565.7514605584593","2850.8349561760656","discount_10"
"2025-10-26 03:00:00","6","3068.6463738748535","2761.781736487368","3068.6463738748535","discount_10"
"2025-10-26 04:00:00","8","2314.528650532717","2083.0757854794456","2314.528650532717","free_delivery"
"2025-10-26 05:00:00","3","1986.5332641952539","1787.8799377757284","1986.5332641952539","discount_10"
"2025-10-26 06:00:00","5","1209.6500959992609","1088.6850863993348","1209.6500959992609","no_promo"
"2025-10-26 07:00:00","8","3690.6774285437727","3321.6096856893955","3690.6774285437727","combo_deal"
"2025-10-26 08:00:00","23","9429.695325144032","8486.72579262963","9429.695325144032","free_delivery"
"2025-10-26 09:00:00","14","6734.150603161364","6060.735542845228","6734.150603161364","free_delivery"
"2025-10-26 10:00:00","19","6893.559472132036","6204.203524918832","6893.559472132036","no_promo"
"2025-10-26 11:00:00","28","10459.046126974128","9413.141514276716","10459.046126974128","free_delivery"
"2025-10-26 12:00:00","48","19399.592630379597","17459.633367341637","19399.592630379597","combo_deal"
"2025-10-26 13:00:00","42","16769.068855806345","15092.16197022571","16769.068855806345","combo_deal"
"2025-10-26 14:00:00","56","25319.911817845932","22787.92063606134","25319.911817845932","combo_deal"
"2025-10-26 15:00:00","24","11019.590580787248","9917.631522708523","11019.590580787248","discount_10"
"2025-10-26 16:00:00","21","8773.612707402563","7896.251436662306","8773.612707402563","no_promo"
"2025-10-26 17:00:00","26","12420.499809901055","11178.44982891095","12420.499809901055","combo_deal"
"2025-10-26 18:00:00","36","15247.342853344575","13722.608568010117","15247.342853344575","no_promo"
"2025-10-26 19:00:00","40","15827.860784887445","14245.074706398702","15827.860784887445","no_promo"
"2025-10-26 20:00:00","40","14767.201425841036","13290.481283256933","14767.201425841036","free_delivery"
"2025-10-26 21:00:00","42","14792.238993333465","13313.015094000119","14792.238993333465","discount_20"
"2025-10-26 22:00:00","26","10843.704773426192","9759.334296083573","10843.704773426192","discount_20"
"2025-10-26 23:00:00","7","1872.171071427931","1684.953964285138","1872.171071427931","free_delivery"
"2025-10-27 00:00:00","8","2776.9756333315477","2499.2780699983928","2776.9756333315477","combo_deal"
"2025-10-27 01:00:00","5","2831.815185822453","2548.6336672402076","2831.815185822453","discount_20"
"2025-10-27 02:00:00","4","2582.0433545480623","2323.839019093256","2582.0433545480623","combo_deal"
"2025-10-27 03:00:00","5","2280.8040959273826","2052.7236863346443","2280.8040959273826","free_delivery"
"2025-10-27 04:00:00","5","1071.489528229384","964.3405754064456","1071.489528229384","no_promo"
"2025-10-27 05:00:00","7","1950.099434316974","1755.0894908852767","1950.099434316974","discount_20"
"2025-10-27 06:00:00","7","2762.4243924354328","2486.1819531918895","2762.4243924354328","combo_deal"
"2025-10-27 07:00:00","8","3434.7402625157933","3091.266236264214","3434.7402625157933","discount_10"
"2025-10-27 08:00:00","12","4148.618023759816","3733.756221383835","4148.618023759816","no_promo"
"2025-10-27 09:00:00","13","5669.500409676145","5102.55036870853","5669.500409676145","combo_deal"
"2025-10-27 10:00:00","21","8963.281107323959","8066.9529965915635","8963.281107323959","combo_deal"
"2025-10-27 11:00:00","32","14439.920486045725","12995.928437441153","14439.920486045725","discount_20"
"2025-10-27 12:00:00","32","12921.605134666128","11629.444621199515","12921.605134666128","discount_10"
"2025-10-27 13:00:00","22","9278.4871151674","8350.63840365066","9278.4871151674","no_promo"
"2025-10-27 14:00:00","32","17593.486396225384","15834.137756602846","17593.486396225384","discount_10"
"2025-10-27 15:00:00","18","6576.351639057579","5918.716475151821","6576.351639057579","free_delivery"
"2025-10-27 16:00:00","12","5508.181554650457","4957.363399185411","5508.181554650457","discount_10"
"2025-10-27 17:00:00","18","6643.429843577233","5979.08685921951","6643.429843577233","discount_10"
"2025-10-27 18:00:00","33","17419.285944644176","15677.357350179758","17419.285944644176","combo_deal"
"2025-10-27 19:00:00","19","6247.631526717137","5622.8683740454235","6247.631526717137","no_promo"
"2025-10-27 20:00:00","36","15019.567608712407","13517.610847841166","15019.567608712407","discount_20"
"2025-10-27 21:00:00","37","17459.96988152979","15713.972893376811","17459.96988152979","free_delivery"
"2025-10-27 22:00:00","20","5918.485339273817","5326.636805346436","5918.485339273817","discount_10"
"2025-10-27 23:00:00","2","1104.7046873856284","994.2342186470656","1104.7046873856284","free_delivery"
"2025-10-28 00:00:00","4","1694.4233128415137","1524.9809815573624","1694.4233128415137","no_promo"
"2025-10-28 01:00:00","6","2570.8290341596494","2313.7461307436847","2570.8290341596494","combo_deal"
"2025-10-28 02:00:00","4","1992.9599595612358","1793.6639636051123","1992.9599595612358","discount_20"
"2025-10-28 03:00:00","4","1700.6837486594543","1530.615373793509","1700.6837486594543","discount_20"
"2025-10-28 04:00:00","2","1699.1663106450915","1529.2496795805823","1699.1663106450915","free_delivery"
"2025-10-28 05:00:00","7","2481.4204532048625","2233.2784078843765","2481.4204532048625","discount_10"
"2025-10-28 06:00:00","4","2781.448875639075","2503.3039880751676","2781.448875639075","combo_deal"
"2025-10-28 07:00:00","2","1155.0202729840994","1039.5182456856894","1155.0202729840994","discount_10"
"2025-10-28 08:00:00","19","6649.624007123417","5984.661606411076","6649.624007123417","no_promo"
"2025-10-28 09:00:00","12","4553.602468565023","4098.24222170852","4553.602468565023","free_delivery"
"2025-10-28 10:00:00","18","7264.682123591554","6538.2139112323985","7264.682123591554","discount_10"
"2025-10-28 11:00:00","34","15633.969323617117","14070.572391255406","15633.969323617117","combo_deal"
"2025-10-28 12:00:00","23","9026.0382430489","8123.434418744011","9026.0382430489","discount_20"
"2025-10-28 13:00:00","28","12720.144977453429","11448.130479708087","12720.144977453429","discount_20"
"2025-10-28 14:00:00","30","15167.699679011535","13650.929711110382","15167.699679011535","free_delivery"
"2025-10-28 15:00:00","21","7525.5421555861885","6772.9879400275695","7525.5421555861885","combo_deal"
"2025-10-28 16:00:00","26","8841.481035844381","7957.332932259943","8841.481035844381","combo_deal"
"2025-10-28 17:00:00","13","5881.384622490306","5293.246160241276","5881.384622490306","discount_10"
"2025-10-28 18:00:00","33","14799.203324503418","13319.282992053077","14799.203324503418","combo_deal"
"2025-10-28 19:00:00","27","9725.642596586615","8753.078336927954","9725.642596586615","discount_20"
"2025-10-28 20:00:00","20","9453.881238210115","8508.493114389104","9453.881238210115","discount_10"
"2025-10-28 21:00:00","24","10814.86911294592","9733.382201651328","10814.86911294592","free_delivery"
"2025-10-28 22:00:00","13","5530.598985889738","4977.539087300765","5530.598985889738","discount_10"
"2025-10-28 23:00:00","2","1400.1647467097355","1260.148272038762","1400.1647467097355","no_promo"
"2025-10-29 00:00:00","5","1761.6713457600001","1585.504211184","1761.6713457600001","discount_10"
"2025-10-29 01:00:00","0","0.0","0.0","0.0","no_promo"
"2025-10-29 02:00:00","1","1059.7229790495082","953.7506811445575","1059.7229790495082","no_promo"
"2025-10-29 03:00:00","0","833.6402902615591","750.2762612354032","833.6402902615591","no_promo"
"2025-10-29 04:00:00","3","1368.5009908098907","1231.6508917289016","1368.5009908098907","discount_10"
"2025-10-29 05:00:00","3","670.5930312516431","603.5337281264788","670.5930312516431","no_promo"
"2025-10-29 06:00:00","7","2603.814574233078","2343.43311680977","2603.814574233078","discount_20"
"2025-10-29 07:00:00","5","3283.6054181143395","2955.2448763029056","3283.6054181143395","combo_deal"
"2025-10-29 08:00:00","8","3346.185777946155","3011.56720015154","3346.185777946155","no_promo"
"2025-10-29 09:00:00","20","6822.632183893498","6140.368965504149","6822.632183893498","discount_20"
"2025-10-29 10:00:00","13","5404.21040238097","4863.789362142873","5404.21040238097","no_promo"
"2025-10-29 11:00:00","29","14010.405637683449","12609.365073915103","14010.405637683449","combo_deal"
"2025-10-29 12:00:00","21","6387.986331044185","5749.187697939767","6387.986331044185","discount_10"
"2025-10-29 13:00:00","33","14054.63036745807","12649.167330712264","14054.63036745807","free_delivery"
"2025-10-29 14:00:00","30","13961.259082535218","12565.133174281696","13961.259082535218","combo_deal"
"2025-10-29 15:00:00","18","8131.6015730782","7318.44141577038","8131.6015730782","discount_20"
"2025-10-29 16:00:00","9","2897.0277336938602","2607.3249603244744","2897.0277336938602","free_delivery"
"2025-10-29 17:00:00","19","7488.744130298323","6739.8697172684915","7488.744130298323","free_delivery"
"2025-10-29 18:00:00","25","12175.19217193482","10957.672954741338","12175.19217193482","discount_10"
"2025-10-29 19:00:00","25","9206.326348772915","8285.693713895624","9206.326348772915","free_delivery"
"2025-10-29 20:00:00","29","12548.781294083708","11293.903164675337","12548.781294083708","discount_10"
"2025-10-29 21:00:00","24","10634.501293764688","9571.05116438822","10634.501293764688","discount_10"
"2025-10-29 22:00:00","13","4764.88767891248","4288.3989110212315","4764.88767891248","discount_10"
"2025-10-29 23:00:00","1","842.4412891716128","758.1971602544515","842.4412891716128","combo_deal"
"2025-10-30 00:00:00","2","1228.6945889444694","1105.8251300500224","1228.6945889444694","combo_deal"
"2025-10-30 01:00:00","2","1189.3289174952783","1070.3960257457506","1189.3289174952783","discount_20"
"2025-10-30 02:00:00","7","2422.8409413795803","2180.556847241622","2422.8409413795803","free_delivery"
"2025-10-30 03:00:00","7","3798.0723389648097","3418.265105068329","3798.0723389648097","discount_10"
"2025-10-30 04:00:00","6","2585.1636939358427","2326.6473245422585","2585.1636939358427","discount_20"
"2025-10-30 05:00:00","2","1387.9297943993033","1249.136814959373","1387.9297943993033","free_delivery"
"2025-10-30 06:00:00","1","1072.406998515882","965.1662986642938","1072.406998515882","no_promo"
"2025-10-30 07:00:00","4","912.7212495041396","821.4491245537256","912.7212495041396","combo_deal"
"2025-10-30 08:00:00","15","5672.695945562282","5105.426351006054","5672.695945562282","no_promo"
"2025-10-30 09:00:00","13","4136.824363179652","3723.141926861687","4136.824363179652","discount_20"
"2025-10-30 10:00:00","14","6610.349380216539","5949.3144421948855","6610.349380216539","free_delivery"
"2025-10-30 11:00:00","29","11963.22464927912","10766.90218435121","11963.22464927912","free_delivery"
"2025-10-30 12:00:00","32","13324.183893934041","11991.765504540637","13324.183893934041","discount_10"
"2025-10-30 13:00:00","27","9464.702299333234","8518.23206939991","9464.702299333234","discount_10"
"2025-10-30 14:00:00","27","12648.916434407703","11384.024790966934","12648.916434407703","combo_deal"
"2025-10-30 15:00:00","7","4065.402121087335","3658.8619089786016","4065.402121087335","free_delivery"
"2025-10-30 16:00:00","14","7070.540966348424","6363.486869713582","7070.540966348424","combo_deal"
"2025-10-30 17:00:00","7","3046.7147092446567","2742.043238320191","3046.7147092446567","discount_10"
"2025-10-30 18:00:00","22","6372.355247883232","5735.119723094908","6372.355247883232","no_promo"
"2025-10-30 19:00:00","33","14053.577841772976","12648.22005759568","14053.577841772976","combo_deal"
"2025-10-30 20:00:00","25","9876.394459800571","8888.755013820513","9876.394459800571","discount_10"
"2025-10-30 21:00:00","38","15214.289887710123","13692.86089893911","15214.289887710123","combo_deal"
"2025-10-30 22:00:00","11","6482.030806555628","5833.827725900065","6482.030806555628","free_delivery"
"2025-10-30 23:00:00","5","2883.4030708727464","2595.062763785472","2883.4030708727464","discount_10"
"2025-10-31 00:00:00","6","2386.3752913526096","2147.7377622173485","2386.3752913526096","combo_deal"
"2025-10-31 01:00:00","5","1097.8990110404575","988.1091099364118","1097.8990110404575","free_delivery"
"2025-10-31 02:00:00","4","2475.567185622181","2228.010467059963","2475.567185622181","free_delivery"
"2025-10-31 03:00:00","9","2880.9929578440683","2592.8936620596614","2880.9929578440683","combo_deal"
"2025-10-31 04:00:00","1","1028.215449744473","925.3939047700258","1028.215449744473","no_promo"
"2025-10-31 05:00:00","6","2915.445456197237","2623.9009105775135","2915.445456197237","discount_10"
"2025-10-31 06:00:00","6","1835.9724983096953","1652.3752484787258","1835.9724983096953","free_delivery"
"2025-10-31 07:00:00","6","1301.7041596465517","1171.5337436818966","1301.7041596465517","no_promo"
"2025-10-31 08:00:00","11","4650.01353352254","4185.012180170285","4650.01353352254","discount_20"
"2025-10-31 09:00:00","13","4436.834353249746","3993.150917924771","4436.834353249746","no_promo"
"2025-10-31 10:00:00","18","5793.0457085604285","5213.741137704385","5793.0457085604285","no_promo"
"2025-10-31 11:00:00","24","8576.912978510716","7719.221680659644","8576.912978510716","no_promo"
"2025-10-31 12:00:00","21","7406.27289791282","6665.645608121537","7406.27289791282","discount_10"
"2025-10-31 13:00:00","21","7048.373228651819","6343.535905786637","7048.373228651819","no_promo"
"2025-10-31 14:00:00","22","8550.616988958835","7695.555290062951","8550.616988958835","no_promo"
"2025-10-31 15:00:00","11","4274.876213566578","3847.3885922099207","4274.876213566578","discount_20"
"2025-10-31 16:00:00","6","3060.8111439242853","2754.730029531857","3060.8111439242853","combo_deal"
"2025-10-31 17:00:00","11","5178.920649244513","4661.028584320062","5178.920649244513","discount_10"
"2025-10-31 18:00:00","25","13018.654371015024","11716.788933913522","13018.654371015024","discount_10"
"2025-10-31 19:00:00","28","9027.817446263696","8125.035701637326","9027.817446263696","combo_deal"
"2025-10-31 20:00:00","34","14806.534769359756","13325.88129242378","14806.534769359756","discount_20"
"2025-10-31 21:00:00","25","9602.12718633128","8641.914467698152","9602.12718633128","no_promo"
"2025-10-31 22:00:00","14","5677.890442809772","5110.1013985287955","5677.890442809772","discount_20"
"2025-10-31 23:00:00","4","2033.4949024344955","1830.145412191046","2033.4949024344955","discount_20"
"2025-11-01 00:00:00","4","1989.1428159950426","1790.2285343955384","1989.1428159950426","free_delivery"
"2025-11-01 01:00:00","5","2910.4346119369466","2619.391150743252","2910.4346119369466","discount_10"
"2025-11-01 02:00:00","2","1821.442203264601","1639.2979829381409","1821.442203264601","discount_10"
"2025-11-01 03:00:00","9","3967.6475357342388","3570.882782160815","3967.6475357342388","discount_20"
"2025-11-01 04:00:00","4","3199.8346275845142","2879.851164826063","3199.8346275845142","discount_20"
"2025-11-01 05:00:00","3","1521.4752667280081","1369.3277400552074","1521.4752667280081","discount_10"
"2025-11-01 06:00:00","7","3198.9310699207863","2879.0379629287077","3198.9310699207863","free_delivery"
"2025-11-01 07:00:00","6","2076.378760619046","1868.7408845571413","2076.378760619046","discount_10"
"2025-11-01 08:00:00","14","5190.368284268653","4671.331455841788","5190.368284268653","no_promo"
"2025-11-01 09:00:00","30","10263.637112801867","9237.273401521681","10263.637112801867","combo_deal"
"2025-11-01 10:00:00","9","5089.715194403548","4580.743674963193","5089.715194403548","discount_10"
"2025-11-01 11:00:00","28","10683.292295868261","9614.963066281436","10683.292295868261","no_promo"
"2025-11-01 12:00:00","40","18912.14693533514","17020.932241801624","18912.14693533514","discount_10"
"2025-11-01 13:00:00","22","8296.538519518446","7466.884667566602","8296.538519518446","no_promo"
"2025-11-01 14:00:00","20","9691.799025600492","8722.619123040444","9691.799025600492","discount_20"
"2025-11-01 15:00:00","20","8958.043973361326","8062.239576025193","8958.043973361326","combo_deal"
"2025-11-01 16:00:00","15","7465.291829012425","6718.762646111183","7465.291829012425","discount_20"
"2025-11-01 17:00:00","29","12303.49347210942","11073.144124898477","12303.49347210942","combo_deal"
"2025-11-01 18:00:00","21","10101.019968856228","9090.917971970606","10101.019968856228","no_promo"
"2025-11-01 19:00:00","41","16266.927477955043","14640.23473015954","16266.927477955043","combo_deal"
"2025-11-01 20:00:00","47","18527.998167528513","16675.198350775663","18527.998167528513","discount_20"
"2025-11-01 21:00:00","34","12538.22837789955","11284.405540109596","12538.22837789955","combo_deal"
"2025-11-01 22:00:00","20","7921.9464411191","7129.75179700719","7921.9464411191","discount_10"
"2025-11-01 23:00:00","4","2646.1740468520734","2381.556642166866","2646.1740468520734","combo_deal"
"2025-11-02 00:00:00","12","4733.060755876774","4259.7546802890965","4733.060755876774","discount_20"
"2025-11-02 01:00:00","0","847.4077406767625","762.6669666090862","847.4077406767625","discount_10"
"2025-11-02 02:00:00","7","2894.4795396027403","2605.0315856424663","2894.4795396027403","no_promo"
"2025-11-02 03:00:00","7","3348.109054365924","3013.2981489293315","3348.109054365924","discount_20"
"2025-11-02 04:00:00","10","3216.6179355775566","2894.956142019801","3216.6179355775566","discount_20"
"2025-11-02 05:00:00","8","4929.80649058136","4436.825841523224","4929.80649058136","combo_deal"
"2025-11-02 06:00:00","5","3032.7898353521296","2729.510851816917","3032.7898353521296","combo_deal"
"2025-11-02 07:00:00","8","3150.430490275053","2835.387441247548","3150.430490275053","no_promo"
"2025-11-02 08:00:00","13","6413.214894223566","5771.89340480121","6413.214894223566","combo_deal"
"2025-11-02 09:00:00","19","10206.626880474745","9185.964192427271","10206.626880474745","free_delivery"
"2025-11-02 10:00:00","19","7450.796472956751","6705.716825661076","7450.796472956751","free_delivery"
"2025-11-02 11:00:00","36","13649.635219851676","12284.671697866508","13649.635219851676","free_delivery"
"2025-11-02 12:00:00","46","18952.85224346599","17057.567019119393","18952.85224346599","discount_10"
"2025-11-02 13:00:00","38","15924.311767527583","14331.880590774825","15924.311767527583","free_delivery"
"2025-11-02 14:00:00","27","10124.754996997723","9112.27949729795","10124.754996997723","discount_10"
"2025-11-02 15:00:00","18","7448.588029727475","6703.729226754728","7448.588029727475","discount_10"
"2025-11-02 16:00:00","28","10530.741832761292","9477.667649485164","10530.741832761292","discount_20"
"2025-11-02 17:00:00","17","6368.151925374638","5731.336732837174","6368.151925374638","no_promo"
"2025-11-02 18:00:00","39","16685.75884470589","15017.182960235303","16685.75884470589","discount_10"
"2025-11-02 19:00:00","40","17654.841520973278","15889.35736887595","17654.841520973278","free_delivery"
"2025-11-02 20:00:00","34","13150.872612729238","11835.785351456314","13150.872612729238","combo_deal"
"2025-11-02 21:00:00","40","16041.437252170674","14437.293526953606","16041.437252170674","no_promo"
"2025-11-02 22:00:00","22","9014.0185026618","8112.61665239562","9014.0185026618","discount_20"
"2025-11-02 23:00:00","3","1575.784132471759","1418.2057192245832","1575.784132471759","discount_20"
"2025-11-03 00:00:00","5","1871.9732096489201","1684.7758886840281","1871.9732096489201","combo_deal"
"2025-11-03 01:00:00","1","746.103144826579","671.4928303439211","746.103144826579","no_promo"
"2025-11-03 02:00:00","4","2298.2259753242042","2068.403377791784","2298.2259753242042","free_delivery"
"2025-11-03 03:00:00","15","5363.723537573707","4827.351183816337","5363.723537573707","combo_deal"
"2025-11-03 04:00:00","3","2238.6967453644356","2014.8270708279922","2238.6967453644356","no_promo"
"2025-11-03 05:00:00","6","2184.9065921596502","1966.4159329436852","2184.9065921596502","discount_10"
"2025-11-03 06:00:00","3","1526.2871029709897","1373.6583926738908","1526.2871029709897","no_promo"
"2025-11-03 07:00:00","11","3361.0332843830533","3024.929955944748","3361.0332843830533","discount_10"
"2025-11-03 08:00:00","15","6693.714589065364","6024.343130158827","6693.714589065364","free_delivery"
"2025-11-03 09:00:00","16","6635.841888293972","5972.257699464575","6635.841888293972","no_promo"
"2025-11-03 10:00:00","19","8455.53320440241","7609.97988396217","8455.53320440241","discount_20"
"2025-11-03 11:00:00","22","9619.224086907168","8657.301678216452","9619.224086907168","discount_20"
"2025-11-03 12:00:00","28","12572.149217237615","11314.934295513853","12572.149217237615","free_delivery"
"2025-11-03 13:00:00","33","15364.930922749312","13828.43783047438","15364.930922749312","discount_10"
"2025-11-03 14:00:00","26","9485.841870873239","8537.257683785916","9485.841870873239","free_delivery"
"2025-11-03 15:00:00","13","5004.226494735793","4503.803845262213","5004.226494735793","free_delivery"
"2025-11-03 16:00:00","18","5939.712721241275","5345.741449117148","5939.712721241275","free_delivery"
"2025-11-03 17:00:00","16","8278.2874195759","7450.45867761831","8278.2874195759","discount_20"
"2025-11-03 18:00:00","29","11177.632773411859","10059.869496070673","11177.632773411859","discount_10"
"2025-11-03 19:00:00","22","9265.938695762326","8339.344826186094","9265.938695762326","no_promo"
"2025-11-03 20:00:00","30","12680.19860592423","11412.178745331807","12680.19860592423","discount_10"
"2025-11-03 21:00:00","38","13485.41919836609","12136.87727852948","13485.41919836609","discount_20"
"2025-11-03 22:00:00","19","5494.231624699093","4944.8084622291835","5494.231624699093","combo_deal"
"2025-11-03 23:00:00","7","3701.81087883972","3331.629790955748","3701.81087883972","combo_deal"
"2025-11-04 00:00:00","7","1681.5715541894174","1513.4143987704756","1681.5715541894174","no_promo"
"2025-11-04 01:00:00","5","2221.1836631047636","1999.0652967942872","2221.1836631047636","no_promo"
"2025-11-04 02:00:00","4","1920.2805448202707","1728.2524903382437","1920.2805448202707","discount_20"
"2025-11-04 03:00:00","4","1620.5646723111458","1458.5082050800313","1620.5646723111458","no_promo"
"2025-11-04 04:00:00","7","1582.6101698480165","1424.3491528632148","1582.6101698480165","free_delivery"
"2025-11-04 05:00:00","4","1739.0723883888475","1565.1651495499627","1739.0723883888475","no_promo"
"2025-11-04 06:00:00","10","3228.396566820739","2905.556910138665","3228.396566820739","discount_20"
"2025-11-04 07:00:00","9","3966.165545524169","3569.548990971752","3966.165545524169","combo_deal"
"2025-11-04 08:00:00","17","4457.038550672656","4011.3346956053906","4457.038550672656","discount_10"
"2025-11-04 09:00:00","15","8570.476694526827","7713.429025074145","8570.476694526827","discount_10"
"2025-11-04 10:00:00","21","7093.760357350409","6384.384321615368","7093.760357350409","discount_10"
"2025-11-04 11:00:00","29","12165.321143371912","10948.78902903472","12165.321143371912","discount_20"
"2025-11-04 12:00:00","25","10203.847668261385","9183.462901435247","10203.847668261385","discount_10"
"2025-11-04 13:00:00","35","12716.208206752637","11444.587386077374","12716.208206752637","free_delivery"
"2025-11-04 14:00:00","28","11840.308676578352","10656.277808920517","11840.308676578352","combo_deal"
"2025-11-04 15:00:00","17","8287.882949579434","7459.094654621491","8287.882949579434","discount_10"
"2025-11-04 16:00:00","16","5865.670431854537","5279.103388669084","5865.670431854537","discount_10"
"2025-11-04 17:00:00","13","6843.334634056118","6159.0011706505065","6843.334634056118","discount_20"
"2025-11-04 18:00:00","24","8111.75274874825","7300.577473873425","8111.75274874825","no_promo"
"2025-11-04 19:00:00","27","12154.99255733013","10939.493301597116","12154.99255733013","discount_20"
"2025-11-04 20:00:00","23","10184.17018227035","9165.753164043315","10184.17018227035","discount_10"
"2025-11-04 21:00:00","30","11613.524861078631","10452.172374970769","11613.524861078631","discount_20"
"2025-11-04 22:00:00","11","3591.612226849908","3232.4510041649173","3591.612226849908","no_promo"
"2025-11-04 23:00:00","4","1238.105647204453","1114.2950824840077","1238.105647204453","combo_deal"
"2025-11-05 00:00:00","7","3582.6412868719685","3224.377158184772","3582.6412868719685","discount_10"
"2025-11-05 01:00:00","5","1495.294475751215","1345.7650281760937","1495.294475751215","no_promo"
"2025-11-05 02:00:00","1","758.0083376407248","682.2075038766524","758.0083376407248","free_delivery"
"2025-11-05 03:00:00","4","1596.1589105819826","1436.5430195237843","1596.1589105819826","no_promo"
"2025-11-05 04:00:00","4","1646.5251142071777","1481.87260278646","1646.5251142071777","no_promo"
"2025-11-05 05:00:00","2","223.99122433733686","201.59210190360318","223.99122433733686","combo_deal"
"2025-11-05 06:00:00","9","3233.8144655274305","2910.4330189746875","3233.8144655274305","combo_deal"
"2025-11-05 07:00:00","6","3027.148369302813","2724.4335323725318","3027.148369302813","free_delivery"
"2025-11-05 08:00:00","15","3947.4662450105534","3552.7196205094983","3947.4662450105534","discount_10"
"2025-11-05 09:00:00","20","9694.616426619574","8725.154783957616","9694.616426619574","discount_20"
"2025-11-05 10:00:00","13","5191.222641710716","4672.100377539645","5191.222641710716","no_promo"
"2025-11-05 11:00:00","32","16020.463954810339","14418.417559329306","16020.463954810339","combo_deal"
"2025-11-05 12:00:00","23","8652.85847621891","7787.572628597019","8652.85847621891","free_delivery"
"2025-11-05 13:00:00","25","12466.972318998038","11220.275087098235","12466.972318998038","discount_20"
"2025-11-05 14:00:00","20","9305.541345044454","8374.987210540008","9305.541345044454","no_promo"
"2025-11-05 15:00:00","13","6489.062563240927","5840.156306916835","6489.062563240927","free_delivery"
"2025-11-05 16:00:00","14","6005.117918932867","5404.60612703958","6005.117918932867","free_delivery"
"2025-11-05 17:00:00","13","4296.6334971834185","3866.970147465077","4296.6334971834185","no_promo"
"2025-11-05 18:00:00","28","13302.304652373825","11972.074187136443","13302.304652373825","discount_10"
"2025-11-05 19:00:00","31","11798.979921905984","10619.081929715387","11798.979921905984","combo_deal"
"2025-11-05 20:00:00","23","6079.499735317608","5471.549761785847","6079.499735317608","no_promo"
"2025-11-05 21:00:00","23","8840.371941944923","7956.33474775043","8840.371941944923","no_promo"
"2025-11-05 22:00:00","10","3040.254027306945","2736.2286245762502","3040.254027306945","discount_10"
"2025-11-05 23:00:00","2","1470.8137578709093","1323.7323820838185","1470.8137578709093","combo_deal"
"2025-11-06 00:00:00","10","2844.5885315940727","2560.1296784346655","2844.5885315940727","discount_10"
"2025-11-06 01:00:00","0","437.5354389663991","393.78189506975923","437.5354389663991","free_delivery"
"2025-11-06 02:00:00","8","3605.868644016211","3245.28177961459","3605.868644016211","free_delivery"
"2025-11-06 03:00:00","5","2055.349649233369","1849.814684310032","2055.349649233369","no_promo"
"2025-11-06 04:00:00","6","2566.934995867225","2310.241496280503","2566.934995867225","combo_deal"
"2025-11-06 05:00:00","2","1706.541115232359","1535.8870037091233","1706.541115232359","discount_10"
"2025-11-06 06:00:00","1","1844.6262651639695","1660.1636386475725","1844.6262651639695","combo_deal"
"2025-11-06 07:00:00","7","2056.437586259999","1850.7938276339992","2056.437586259999","discount_20"
"2025-11-06 08:00:00","14","5768.23762675887","5191.413864082983","5768.23762675887","free_delivery"
"2025-11-06 09:00:00","12","4091.624222995729","3682.461800696156","4091.624222995729","no_promo"
"2025-11-06 10:00:00","15","5008.933979209837","4508.040581288854","5008.933979209837","no_promo"
"2025-11-06 11:00:00","22","11311.520705643286","10180.368635078958","11311.520705643286","discount_20"
"2025-11-06 12:00:00","21","7389.200336510512","6650.280302859461","7389.200336510512","discount_20"
"2025-11-06 13:00:00","25","9420.171877115803","8478.154689404222","9420.171877115803","discount_10"
"2025-11-06 14:00:00","32","12768.323727333858","11491.491354600472","12768.323727333858","discount_10"
"2025-11-06 15:00:00","14","5014.644358934938","4513.179923041444","5014.644358934938","no_promo"
"2025-11-06 16:00:00","20","8474.813547658126","7627.332192892314","8474.813547658126","discount_20"
"2025-11-06 17:00:00","13","4289.150955508983","3860.2358599580853","4289.150955508983","discount_20"
"2025-11-06 18:00:00","28","12280.619239187681","11052.557315268914","12280.619239187681","discount_20"
"2025-11-06 19:00:00","38","13347.633013815708","12012.869712434138","13347.633013815708","discount_20"
"2025-11-06 20:00:00","25","8993.782845915766","8094.40456132419","8993.782845915766","no_promo"
"2025-11-06 21:00:00","18","7579.677095084559","6821.709385576103","7579.677095084559","discount_10"
"2025-11-06 22:00:00","17","8598.03486551567","7738.231378964104","8598.03486551567","discount_10"
"2025-11-06 23:00:00","5","2105.5995859618442","1895.03962736566","2105.5995859618442","free_delivery"
"2025-11-07 00:00:00","3","1581.8850017625489","1423.696501586294","1581.8850017625489","discount_10"
"2025-11-07 01:00:00","0","452.6309987320079","407.36789885880717","452.6309987320079","no_promo"
"2025-11-07 02:00:00","7","2736.0609039088904","2462.4548135180016","2736.0609039088904","discount_20"
"2025-11-07 03:00:00","10","3860.2232743390514","3474.2009469051463","3860.2232743390514","free_delivery"
"2025-11-07 04:00:00","3","2022.3257154379623","1820.0931438941661","2022.3257154379623","free_delivery"
"2025-11-07 05:00:00","6","1749.6178831885","1574.65609486965","1749.6178831885","discount_20"
"2025-11-07 06:00:00","4","2697.620195749512","2427.858176174561","2697.620195749512","free_delivery"
"2025-11-07 07:00:00","6","1252.3572082927144","1127.121487463443","1252.3572082927144","combo_deal"
"2025-11-07 08:00:00","11","5589.32944984159","5030.396504857431","5589.32944984159","discount_10"
"2025-11-07 09:00:00","25","9519.971203912133","8567.97408352092","9519.971203912133","discount_10"
"2025-11-07 10:00:00","24","10090.079365695534","9081.071429125981","10090.079365695534","combo_deal"
"2025-11-07 11:00:00","34","11439.89023981955","10295.901215837595","11439.89023981955","discount_20"
"2025-11-07 12:00:00","31","13505.038986768026","12154.535088091223","13505.038986768026","discount_10"
"2025-11-07 13:00:00","29","10502.384594649868","9452.146135184881","10502.384594649868","discount_10"
"2025-11-07 14:00:00","27","9632.889322427205","8669.600390184485","9632.889322427205","discount_10"
"2025-11-07 15:00:00","14","5800.225160602411","5220.20264454217","5800.225160602411","discount_20"
"2025-11-07 16:00:00","17","5925.628405652168","5333.065565086951","5925.628405652168","combo_deal"
"2025-11-07 17:00:00","15","5616.418965212537","5054.777068691284","5616.418965212537","discount_10"
"2025-11-07 18:00:00","27","13037.793801377169","11734.014421239452","13037.793801377169","free_delivery"
"2025-11-07 19:00:00","25","11439.51195621403","10295.560760592627","11439.51195621403","discount_10"
"2025-11-07 20:00:00","27","11958.022084215741","10762.219875794168","11958.022084215741","free_delivery"
"2025-11-07 21:00:00","35","17490.73350383372","15741.660153450348","17490.73350383372","discount_20"
"2025-11-07 22:00:00","14","5786.549668889629","5207.894702000666","5786.549668889629","free_delivery"
"2025-11-07 23:00:00","6","1673.4235723955658","1506.0812151560092","1673.4235723955658","free_delivery"
"2025-11-08 00:00:00","4","1726.8705357555496","1554.1834821799946","1726.8705357555496","no_promo"
"2025-11-08 01:00:00","7","1561.1494380203185","1405.0344942182867","1561.1494380203185","free_delivery"
"2025-11-08 02:00:00","8","3899.958635209277","3509.962771688349","3899.958635209277","discount_20"
"2025-11-08 03:00:00","4","2179.8111533671977","1961.830038030478","2179.8111533671977","no_promo"
"2025-11-08 04:00:00","0","189.15269513492814","170.23742562143534","189.15269513492814","free_delivery"
"2025-11-08 05:00:00","5","1758.3698577218418","1582.5328719496576","1758.3698577218418","no_promo"
"2025-11-08 06:00:00","2","744.3750425673607","669.9375383106246","744.3750425673607","no_promo"
"2025-11-08 07:00:00","15","6792.195151919969","6112.975636727972","6792.195151919969","discount_20"
"2025-11-08 08:00:00","20","9576.846990989661","8619.162291890696","9576.846990989661","discount_20"
"2025-11-08 09:00:00","13","4975.379500404666","4477.8415503642","4975.379500404666","no_promo"
"2025-11-08 10:00:00","21","8565.5018691252","7708.951682212681","8565.5018691252","no_promo"
"2025-11-08 11:00:00","36","16653.595533667456","14988.235980300711","16653.595533667456","free_delivery"
"2025-11-08 12:00:00","53","26021.852664837617","23419.667398353857","26021.852664837617","combo_deal"
"2025-11-08 13:00:00","44","15552.987796357978","13997.68901672218","15552.987796357978","discount_20"
"2025-11-08 14:00:00","38","15327.496027470761","13794.746424723686","15327.496027470761","discount_10"
"2025-11-08 15:00:00","23","8451.948524180509","7606.753671762458","8451.948524180509","discount_10"
"2025-11-08 16:00:00","21","10012.256426783346","9011.03078410501","10012.256426783346","combo_deal"
"2025-11-08 17:00:00","20","8614.92438829639","7753.431949466751","8614.92438829639","free_delivery"
"2025-11-08 18:00:00","43","20056.344586832332","18050.7101281491","20056.344586832332","combo_deal"
"2025-11-08 19:00:00","40","15242.51049599538","13718.259446395843","15242.51049599538","combo_deal"
"2025-11-08 20:00:00","38","15242.209375175344","13717.98843765781","15242.209375175344","combo_deal"
"2025-11-08 21:00:00","44","17535.72657948248","15782.153921534235","17535.72657948248","free_delivery"
"2025-11-08 22:00:00","27","9309.220935806587","8378.298842225928","9309.220935806587","combo_deal"
"2025-11-08 23:00:00","9","3187.7947636950526","2869.0152873255474","3187.7947636950526","discount_10"
"2025-11-09 00:00:00","4","1943.432697715931","1749.089427944338","1943.432697715931","free_delivery"
"2025-11-09 01:00:00","8","2333.3514284621374","2100.0162856159236","2333.3514284621374","free_delivery"
"2025-11-09 02:00:00","1","1293.0271307031394","1163.7244176328254","1293.0271307031394","no_promo"
"2025-11-09 03:00:00","5","2526.491270120611","2273.84214310855","2526.491270120611","free_delivery"
"2025-11-09 04:00:00","4","1604.2240653485117","1443.8016588136604","1604.2240653485117","no_promo"
"2025-11-09 05:00:00","3","612.1260687917542","550.9134619125788","612.1260687917542","discount_20"
"2025-11-09 06:00:00","2","1116.3884925835227","1004.7496433251705","1116.3884925835227","discount_10"
"2025-11-09 07:00:00","7","2975.5850698542145","2678.026562868793","2975.5850698542145","combo_deal"
"2025-11-09 08:00:00","20","7667.816338244357","6901.034704419922","7667.816338244357","discount_10"
"2025-11-09 09:00:00","17","8435.914648596183","7592.323183736565","8435.914648596183","discount_20"
"2025-11-09 10:00:00","22","10572.18872277693","9514.969850499238","10572.18872277693","free_delivery"
"2025-11-09 11:00:00","56","19161.752820157293","17245.577538141566","19161.752820157293","discount_20"
"2025-11-09 12:00:00","30","10015.23637200239","9013.712734802151","10015.23637200239","no_promo"
"2025-11-09 13:00:00","44","20048.124861291046","18043.312375161942","20048.124861291046","discount_20"
"2025-11-09 14:00:00","21","7259.584695964933","6533.62622636844","7259.584695964933","no_promo"
"2025-11-09 15:00:00","16","6495.174196477162","5845.656776829445","6495.174196477162","no_promo"
"2025-11-09 16:00:00","26","8861.725584592483","7975.553026133235","8861.725584592483","combo_deal"
"2025-11-09 17:00:00","32","12889.513475970642","11600.562128373578","12889.513475970642","discount_20"
"2025-11-09 18:00:00","45","16984.4327569516","15285.98948125644","16984.4327569516","discount_10"
"2025-11-09 19:00:00","35","15750.505876410898","14175.455288769808","15750.505876410898","discount_10"
"2025-11-09 20:00:00","32","12673.422633309363","11406.080369978426","12673.422633309363","no_promo"
"2025-11-09 21:00:00","36","13016.507281747283","11714.856553572556","13016.507281747283","no_promo"
"2025-11-09 22:00:00","25","8596.897250246173","7737.207525221555","8596.897250246173","free_delivery"
"2025-11-09 23:00:00","11","4250.303871143317","3825.273484028986","4250.303871143317","discount_20"
"2025-11-10 00:00:00","6","2333.623219713438","2100.2608977420946","2333.623219713438","discount_20"
"2025-11-10 01:00:00","4","368.9282678538695","332.03544106848256","368.9282678538695","no_promo"
"2025-11-10 02:00:00","7","2409.8112126898145","2168.830091420833","2409.8112126898145","no_promo"
"2025-11-10 03:00:00","4","2410.4314756827766","2169.388328114499","2410.4314756827766","combo_deal"
"2025-11-10 04:00:00","4","892.2620971820695","803.0358874638625","892.2620971820695","no_promo"
"2025-11-10 05:00:00","4","1867.4081317451898","1680.667318570671","1867.4081317451898","no_promo"
"2025-11-10 06:00:00","5","2164.143975944193","1947.7295783497736","2164.143975944193","discount_20"
"2025-11-10 07:00:00","6","3148.580628472961","2833.722565625665","3148.580628472961","free_delivery"
"2025-11-10 08:00:00","5","2648.648131091444","2383.7833179822996","2648.648131091444","no_promo"
"2025-11-10 09:00:00","22","9145.967266177968","8231.370539560172","9145.967266177968","combo_deal"
"2025-11-10 10:00:00","16","7688.052875345543","6919.247587810989","7688.052875345543","discount_20"
"2025-11-10 11:00:00","35","13568.97819966346","12212.080379697114","13568.97819966346","free_delivery"
"2025-11-10 12:00:00","21","7527.758993657958","6774.983094292163","7527.758993657958","no_promo"
"2025-11-10 13:00:00","22","7309.605093726108","6578.6445843534975","7309.605093726108","free_delivery"
"2025-11-10 14:00:00","34","15400.86547621334","13860.778928592006","15400.86547621334","combo_deal"
"2025-11-10 15:00:00","15","6552.05898438887","5896.853085949983","6552.05898438887","discount_10"
"2025-11-10 16:00:00","17","4798.761171310011","4318.885054179011","4798.761171310011","discount_20"
"2025-11-10 17:00:00","12","3512.385434787033","3161.1468913083295","3512.385434787033","no_promo"
"2025-11-10 18:00:00","31","11534.763674501102","10381.287307050992","11534.763674501102","free_delivery"
"2025-11-10 19:00:00","26","10199.686363129995","9179.717726816996","10199.686363129995","no_promo"
"2025-11-10 20:00:00","23","9256.287641541867","8330.658877387681","9256.287641541867","free_delivery"
"2025-11-10 21:00:00","30","10570.748043923622","9513.673239531261","10570.748043923622","discount_10"
"2025-11-10 22:00:00","14","3969.6836616208443","3572.71529545876","3969.6836616208443","no_promo"
"2025-11-10 23:00:00","0","0.0","0.0","0.0","no_promo"
"2025-11-11 00:00:00","1","839.8435923250614","755.8592330925553","839.8435923250614","discount_10"
"2025-11-11 01:00:00","2","736.9126049961316","663.2213444965184","736.9126049961316","discount_10"
"2025-11-11 02:00:00","5","1901.7997632898291","1711.6197869608463","1901.7997632898291","discount_10"
"2025-11-11 03:00:00","3","1458.7424838201828","1312.8682354381644","1458.7424838201828","free_delivery"
"2025-11-11 04:00:00","11","3984.2327440051904","3585.8094696046714","3984.2327440051904","combo_deal"
"2025-11-11 05:00:00","5","2415.6441631532675","2174.079746837941","2415.6441631532675","free_delivery"
"2025-11-11 06:00:00","4","2223.666074463519","2001.2994670171672","2223.666074463519","discount_20"
"2025-11-11 07:00:00","1","721.6038617140617","649.4434755426556","721.6038617140617","no_promo"
"2025-11-11 08:00:00","18","7928.64513988502","7135.780625896518","7928.64513988502","free_delivery"
"2025-11-11 09:00:00","12","5262.161425889342","4735.945283300408","5262.161425889342","discount_10"
"2025-11-11 10:00:00","14","5357.70861094797","4821.937749853173","5357.70861094797","discount_20"
"2025-11-11 11:00:00","21","7849.735969622253","7064.762372660028","7849.735969622253","discount_10"
"2025-11-11 12:00:00","27","10047.645708753465","9042.88113787812","10047.645708753465","free_delivery"
"2025-11-11 13:00:00","25","11333.149261202769","10199.834335082493","11333.149261202769","free_delivery"
"2025-11-11 14:00:00","32","15273.006199031077","13745.705579127969","15273.006199031077","discount_20"
"2025-11-11 15:00:00","15","4829.127073327126","4346.214365994413","4829.127073327126","no_promo"
"2025-11-11 16:00:00","13","4475.356334266874","4027.820700840187","4475.356334266874","no_promo"
"2025-11-11 17:00:00","6","3094.5123557953534","2785.061120215818","3094.5123557953534","no_promo"
"2025-11-11 18:00:00","30","16315.80714973753","14684.226434763777","16315.80714973753","combo_deal"
"2025-11-11 19:00:00","26","11964.31126017133","10767.880134154197","11964.31126017133","free_delivery"
"2025-11-11 20:00:00","30","11356.654682889237","10220.989214600313","11356.654682889237","discount_10"
"2025-11-11 21:00:00","23","11705.735765169933","10535.16218865294","11705.735765169933","discount_20"
